sequenceID	full_name	isolate	gb_segment	rec_segment	rec_subtype	gb_subtype	length
AB035358	Influenza C virus	C/Johannesburg/4/67	-	4	-	-	1962
AB035359	Influenza C virus	C/Georgia/1/69	-	4	-	-	1952
AB035364	Influenza C virus	C/Sao Paulo/378/82	-	4	-	-	1993
AB035365	Influenza C virus	C/Yamagata/1/93	-	4	-	-	1970
AB086661	Influenza C virus (C/Miyagi/5/93)	C/Miyagi/5/93	-	4	-	-	1926
AJ872181	Influenza C virus (C/Johannesburg/1/66)	C/Johannesburg/1/66	4	4	-	-	2073
AM410041	Influenza C virus (C/Johannesburg/1/66)	C/Johannesburg/1/66	4	4	-	-	2073
AY880247	Influenza C virus (C/Johannesburg/1/66)	C/JHB/1/66	4	4	-	-	2073
D63467	Influenza C virus (C/Yamagata/64)	C/Yamagata/64	-	4	-	-	1976
D63469	Influenza C virus (C/Aomori/74)	C/Aomori/74	-	4	-	-	2020
D63470	Influenza C virus (C/Kanagawa/1/76)	C/Kanagawa/1/76	-	4	-	-	2007
M17868	Influenza C virus	-	-	4	-	-	2073
OQ946987	Influenza C virus	C/bovine/South Korea/GG/2022	4	4	-	-	1995
AB035360	Influenza C virus	C/Kansas/1/79	-	4	Aichi	-	1986
AB035361	Influenza C virus	C/Kansas/2/79	-	4	Aichi	-	1986
AB086657	Influenza C virus (C/Yamagata/1/86)	C/Yamagata/1/86	-	4	Aichi	-	1926
AB086658	Influenza C virus (C/Miyagi/1/90)	C/Miyagi/1/90	-	4	Aichi	-	1926
AB086659	Influenza C virus (C/Miyagi/5/91)	C/Miyagi/5/91	-	4	Aichi	-	1926
AB086660	Influenza C virus (C/Miyagi/7/91)	C/Miyagi/7/91	-	4	Aichi	-	1926
AB899777	Influenza C virus (C/Yamagata/4/92)	C/Yamagata/4/92	-	4	Aichi	-	1926
D28969	Influenza C virus (C/Yamagata/9/88)	C/Yamagata/9/88	4	4	Aichi	-	2023
D28970	Influenza C virus (C/Aichi/1/81)	C/Aichi/1/81	4	4	Aichi	-	1997
D88428	Influenza C virus (C/Yamagata/4/89)	C/Yamagata/4/89	4	4	Aichi	-	2012
LC739855	Influenza C virus	C/Miyagi/8/91	4	4	Aichi	-	1986
AB086664	Influenza C virus (C/Miyagi/9/96)	C/Miyagi/9/96	-	4	Kanagawa	-	1926
AB093473	Influenza C virus (C/Hiroshima/246/2000)	C/Hiroshima/246/2000	-	4	Kanagawa	-	401
AB093477	Influenza C virus (C/Hiroshima/250/2000)	C/Hiroshima/250/2000	-	4	Kanagawa	-	401
AB093478	Influenza C virus (C/Hiroshima/251/2000)	C/Hiroshima/251/2000	-	4	Kanagawa	-	401
AB099416	Influenza C virus (C/Miyagi/2/2000)	C/Miyagi/2/2000	-	4	Kanagawa	-	1926
AB099419	Influenza C virus (C/Miyagi/5/2000)	C/Miyagi/5/2000	-	4	Kanagawa	-	1926
AB099422	Influenza C virus (C/Saitama/3/2000)	C/Saitama/3/2000	-	4	Kanagawa	-	1926
AB099426	Influenza C virus (C/Hiroshima/246/2000)	C/Hiroshima/246/2000	-	4	Kanagawa	-	1926
AB099429	Influenza C virus (C/Hiroshima/250/2000)	C/Hiroshima/250/2000	-	4	Kanagawa	-	1926
AB099430	Influenza C virus (C/Hiroshima/251/2000)	C/Hiroshima/251/2000	-	4	Kanagawa	-	1926
AB219079	Influenza C virus (C/Yamagata/20/2004)	C/Yamagata/20/2004	-	4	Kanagawa	-	1926
AB219080	Influenza C virus (C/Yamagata/21/2004)	C/Yamagata/21/2004	-	4	Kanagawa	-	1926
AB252153	Influenza C virus (C/Yamagata/3/2004)	C/Yamagata/3/2004	4	4	Kanagawa	-	1926
AB252156	Influenza C virus (C/Miyagi/12/2004)	C/Miyagi/12/2004	4	4	Kanagawa	-	1926
AB252157	Influenza C virus (C/Miyagi/42/2004)	C/Miyagi/42/2004	4	4	Kanagawa	-	1926
AB252158	Influenza C virus (C/Niigata/1/2004)	C/Niigata/1/2004	4	4	Kanagawa	-	1926
AB252159	Influenza C virus (C/Fukushima/1/2004)	C/Fukushima/1/2004	4	4	Kanagawa	-	1926
AB252161	Influenza C virus (C/Kanagawa/2/2004)	C/Kanagawa/2/2004	4	4	Kanagawa	-	1926
AB252162	Influenza C virus (C/Osaka/2/2004)	C/Osaka/2/2004	4	4	Kanagawa	-	1926
AB252163	Influenza C virus (C/Hiroshima/4/2004)	C/Hiroshima/4/2004	4	4	Kanagawa	-	1926
AB252165	Influenza C virus (C/Fukuoka/3/2004)	C/Fukuoka/3/2004	4	4	Kanagawa	-	1926
AB899778	Influenza C virus (C/Yamagata/7/2002)	C/Yamagata/7/2002	-	4	Kanagawa	-	1926
AB899779	Influenza C virus (C/Yamagata/14/2004)	C/Yamagata/14/2004	-	4	Kanagawa	-	1926
AB899781	Influenza C virus (C/Yamagata/4/2012)	C/Yamagata/4/2012	-	4	Kanagawa	-	1986
CY239417	Influenza C virus (C/Minnesota/01/2014)	C/Minnesota/01/2014	4	4	Kanagawa	-	1971
CY239418	Influenza C virus (C/Minnesota/01/2015)	C/Minnesota/01/2015	4	4	Kanagawa	-	2009
CY239421	Influenza C virus (C/Minnesota/02/2015)	C/Minnesota/02/2015	4	4	Kanagawa	-	1990
CY239422	Influenza C virus (C/Minnesota/03/2015)	C/Minnesota/03/2015	4	4	Kanagawa	-	2026
CY239427	Influenza C virus (C/Minnesota/05/2015)	C/Minnesota/05/2015	4	4	Kanagawa	-	2000
CY239428	Influenza C virus (C/Minnesota/06/2015)	C/Minnesota/06/2015	4	4	Kanagawa	-	1946
CY239430	Influenza C virus (C/Minnesota/07/2015)	C/Minnesota/07/2015	4	4	Kanagawa	-	1946
CY239436	Influenza C virus (C/Minnesota/10/2015)	C/Minnesota/10/2015	4	4	Kanagawa	-	1987
CY239438	Influenza C virus (C/Minnesota/12/2015)	C/Minnesota/12/2015	4	4	Kanagawa	-	2037
CY239440	Influenza C virus (C/Minnesota/13/2015)	C/Minnesota/13/2015	4	4	Kanagawa	-	2038
CY239442	Influenza C virus (C/Minnesota/14/2015)	C/Minnesota/14/2015	4	4	Kanagawa	-	2035
CY239444	Influenza C virus (C/Minnesota/15/2015)	C/Minnesota/15/2015	4	4	Kanagawa	-	2036
CY239452	Influenza C virus (C/Minnesota/20/2015)	C/Minnesota/20/2015	4	4	Kanagawa	-	2033
CY239461	Influenza C virus (C/Minnesota/25/2015)	C/Minnesota/25/2015	4	4	Kanagawa	-	2001
CY239463	Influenza C virus (C/Minnesota/26/2015)	C/Minnesota/26/2015	4	4	Kanagawa	-	2033
CY239465	Influenza C virus (C/Minnesota/03/2014)	C/Minnesota/03/2014	4	4	Kanagawa	-	2038
CY239467	Influenza C virus (C/Minnesota/04/2014)	C/Minnesota/04/2014	4	4	Kanagawa	-	2040
CY239469	Influenza C virus (C/Minnesota/27/2015)	C/Minnesota/27/2015	4	4	Kanagawa	-	2040
CY239471	Influenza C virus (C/Minnesota/28/2015)	C/Minnesota/28/2015	4	4	Kanagawa	-	2040
CY239475	Influenza C virus (C/Minnesota/30/2015)	C/Minnesota/30/2015	4	4	Kanagawa	-	2043
CY239477	Influenza C virus (C/Minnesota/31/2015)	C/Minnesota/31/2015	4	4	Kanagawa	-	2038
CY239479	Influenza C virus (C/Minnesota/32/2015)	C/Minnesota/32/2015	4	4	Kanagawa	-	2041
CY239484	Influenza C virus (C/Minnesota/01/2016)	C/Minnesota/01/2016	4	4	Kanagawa	-	2031
D63471	Influenza C virus (C/Miyagi/77)	C/Miyagi/77	-	4	Kanagawa	-	1974
GQ853452	Influenza C virus (C/Singapore/DSO-070203/2006)	C/Singapore/DSO-070203/2006	4	4	Kanagawa	-	1988
GQ853453	Influenza C virus (C/Singapore/DSO-070170/2006)	C/Singapore/DSO-070170/2006	4	4	Kanagawa	-	1983
GQ853454	Influenza C virus (C/Singapore/DSO-070193/2006)	C/Singapore/DSO-070193/2006	4	4	Kanagawa	-	1997
GQ853455	Influenza C virus (C/Singapore/DSO-050530/2006)	C/Singapore/DSO-050530/2006	4	4	Kanagawa	-	1987
HM748623	Influenza C virus (C/Catalonia/1824/2009)	C/Catalonia/1824/2009	4	4	Kanagawa	-	1946
HM748624	Influenza C virus (C/Catalonia/1754/2009)	C/Catalonia/1754/2009	4	4	Kanagawa	-	1946
HM748625	Influenza C virus (C/Catalonia/1945/2009)	C/Catalonia/1945/2009	4	4	Kanagawa	-	1946
HM748626	Influenza C virus (C/Catalonia/2072/2009)	C/Catalonia/2072/2009	4	4	Kanagawa	-	1946
HM748627	Influenza C virus (C/Catalonia/1372/2009)	C/Catalonia/1372/2009	4	4	Kanagawa	-	1946
HM748628	Influenza C virus (C/Catalonia/1373/2009)	C/Catalonia/1373/2009	4	4	Kanagawa	-	1946
HM748629	Influenza C virus (C/Catalonia/1266/2009)	C/Catalonia/1266/2009	4	4	Kanagawa	-	1946
HM748633	Influenza C virus (C/Catalonia/1457/2009)	C/Catalonia/1457/2009	4	4	Kanagawa	-	1946
HM748634	Influenza C virus (C/Catalonia/2588/2010)	C/Catalonia/2588/2010	4	4	Kanagawa	-	1946
JX080409	Influenza C virus (C/Alberta/2921/2011)	C/Alberta/2921/2011	4	4	Kanagawa	-	1807
JX080410	Influenza C virus (C/Alberta/3087/2011)	C/Alberta/3087/2011	4	4	Kanagawa	-	1807
JX080412	Influenza C virus (C/Alberta/4753/2011)	C/Alberta/4753/2011	4	4	Kanagawa	-	1807
JX080413	Influenza C virus (C/Alberta/4941/2011)	C/Alberta/4941/2011	4	4	Kanagawa	-	1807
JX080414	Influenza C virus (C/Alberta/10161/2011)	C/Alberta/10161/2011	4	4	Kanagawa	-	1807
JX129180	Influenza C virus (C/Milan/128/2009)	C/Milan/128/2009	4	4	Kanagawa	-	957
JX129181	Influenza C virus (C/Milan/550/2008)	C/Milan/550/2008	4	4	Kanagawa	-	957
JX947861	Influenza C virus (C/Eastern India/1202/2011)	C/Eastern India/1202/2011	4	4	Kanagawa	-	1944
KM507555	Influenza C virus (C/India/P135047/2013)	C/India/P135047/2013	4	4	Kanagawa	-	1942
KT835350	Influenza C virus (C/Scotland/5500/2007)	C/Scotland/5500/2007	4	4	Kanagawa	-	1817
KT835353	Influenza C virus (C/Scotland/7383/2007)	C/Scotland/7383/2007	4	4	Kanagawa	-	1817
LC013254	Influenza C virus (C/Yamagata/13/2014)	C/Yamagata/13/2014	-	4	Kanagawa	-	1986
LC013255	Influenza C virus (C/Yamagata/14/2014)	C/Yamagata/14/2014	-	4	Kanagawa	-	1986
LC013257	Influenza C virus (C/Yamagata/16/2014)	C/Yamagata/16/2014	-	4	Kanagawa	-	1986
LC013261	Influenza C virus (C/Yamagata/35/2014)	C/Yamagata/35/2014	-	4	Kanagawa	-	1986
LC122638	Influenza C virus (C/Yamagata/5/2002)	C/Yamagata/5/2002	4	4	Kanagawa	-	1926
LC122639	Influenza C virus (C/Miyagi/4/2002)	C/Miyagi/4/2002	4	4	Kanagawa	-	1926
LC122640	Influenza C virus (C/Miyagi/11/2002)	C/Miyagi/11/2002	4	4	Kanagawa	-	1926
LC122642	Influenza C virus (C/Miyagi/28/2002)	C/Miyagi/28/2002	4	4	Kanagawa	-	1926
LC122643	Influenza C virus (C/Miyagi/31/2002)	C/Miyagi/31/2002	4	4	Kanagawa	-	1926
LC122646	Influenza C virus (C/Miyagi/25/2004)	C/Miyagi/25/2004	4	4	Kanagawa	-	1926
LC122647	Influenza C virus (C/Miyagi/47/2004)	C/Miyagi/47/2004	4	4	Kanagawa	-	1926
LC122649	Influenza C virus (C/Yamagata/2/2005)	C/Yamagata/2/2005	4	4	Kanagawa	-	1964
LC122651	Influenza C virus (C/Miyagi/2/2005)	C/Miyagi/2/2005	4	4	Kanagawa	-	1964
LC122652	Influenza C virus (C/Miyagi/4/2005)	C/Miyagi/4/2005	4	4	Kanagawa	-	1986
LC122654	Influenza C virus (C/Fukuoka/2/2006)	C/Fukuoka/2/2006	4	4	Kanagawa	-	1964
LC122655	Influenza C virus (C/Yamagata/1/2006)	C/Yamagata/1/2006	4	4	Kanagawa	-	1986
LC122657	Influenza C virus (C/Yamagata/13/2006)	C/Yamagata/13/2006	4	4	Kanagawa	-	1986
LC122667	Influenza C virus (C/Yamagata/1/2012)	C/Yamagata/1/2012	4	4	Kanagawa	-	1986
LC122669	Influenza C virus (C/Yamagata/7/2012)	C/Yamagata/7/2012	4	4	Kanagawa	-	1986
LC122671	Influenza C virus (C/Yamagata/28/2012)	C/Yamagata/28/2012	4	4	Kanagawa	-	1986
LC122674	Influenza C virus (C/Miyagi/2/2014)	C/Miyagi/2/2014	4	4	Kanagawa	-	1986
LC603648	Influenza C virus	C/Yamagata/29/2004	4	4	Kanagawa	-	1986
LC630941	Influenza C virus	C/Yamagata/8/2002	4	4	Kanagawa	-	1986
LC739888	Influenza C virus	C/Miyagi/3/2014	4	4	Kanagawa	-	1986
LC739889	Influenza C virus	C/Miyagi/4/2014	4	4	Kanagawa	-	1986
LC739905	Influenza C virus	C/Miyagi/7/2018	4	4	Kanagawa	-	1986
MH828688	Influenza C virus	C/Vietnam/1290/2014	4	4	Kanagawa	-	1867
MK480578	Influenza C virus	C/Thailand/c5395_HE_gene/2015	4	4	Kanagawa	-	1840
MK480592	Influenza C virus	C/Thailand/B12983_HE_gene/2015	4	4	Kanagawa	-	1843
MZ330881	Influenza C virus	C/Biliran/TB2-162/2014	4	4	Kanagawa	-	1968
MZ330888	Influenza C virus	C/Biliran/TB2-180/2014	4	4	Kanagawa	-	1968
MZ330895	Influenza C virus	C/Biliran/TB2-204/2014	4	4	Kanagawa	-	1968
MZ330909	Influenza C virus	C/Biliran/TB4-024/2017	4	4	Kanagawa	-	1968
MZ330916	Influenza C virus	C/Biliran/TB4-067/2017	4	4	Kanagawa	-	1968
MZ330944	Influenza C virus	C/Biliran/TB5-195/2014	4	4	Kanagawa	-	1968
MZ330951	Influenza C virus	C/Biliran/TB5-241/2014	4	4	Kanagawa	-	1968
MZ330958	Influenza C virus	C/Biliran/TB5-312/2017	4	4	Kanagawa	-	1968
MZ330965	Influenza C virus	C/Biliran/TB5-498/2016	4	4	Kanagawa	-	1968
MZ330972	Influenza C virus	C/Biliran/TB5-536/2016	4	4	Kanagawa	-	1968
MZ330979	Influenza C virus	C/Biliran/TB5-625/2016	4	4	Kanagawa	-	1968
MZ330986	Influenza C virus	C/Biliran/TB5-736/2016	4	4	Kanagawa	-	1968
MZ331000	Influenza C virus	C/Palawan/061/2015	4	4	Kanagawa	-	1968
AB035363	Influenza C virus	C/Greece/1/79	-	4	Mississippi	-	1965
AB064404	Influenza C virus (C/Miyagi/4/96)	C/Miyagi/4/96	-	4	Mississippi	-	1923
AB064405	Influenza C virus (C/Miyagi/7/96)	C/Miyagi/7/96	-	4	Mississippi	-	1923
AB064406	Influenza C virus (C/Miyagi/8/96)	C/Miyagi/8/96	-	4	Mississippi	-	1923
AB064407	Influenza C virus (C/Miyagi/1/93)	C/Miyagi/1/93	-	4	Mississippi	-	1923
AB064408	Influenza C virus (C/Miyagi/3/93)	C/Miyagi/3/93	-	4	Mississippi	-	1923
AB064409	Influenza C virus (C/Miyagi/4/93)	C/Miyagi/4/93	-	4	Mississippi	-	1923
AB064410	Influenza C virus (C/Miyagi/6/93)	C/Miyagi/6/93	-	4	Mississippi	-	1923
AB064411	Influenza C virus (C/Miyagi/7/93)	C/Miyagi/7/93	-	4	Mississippi	-	1923
AB064412	Influenza C virus (C/Miyagi/1/94)	C/Miyagi/1/94	-	4	Mississippi	-	1923
AB064413	Influenza C virus (C/Miyagi/2/94)	C/Miyagi/2/94	-	4	Mississippi	-	1923
AB064414	Influenza C virus (C/Miyagi/3/94)	C/Miyagi/3/94	-	4	Mississippi	-	1923
AB099413	Influenza C virus (C/Yamagata/3/2000)	C/Yamagata/3/2000	-	4	Mississippi	-	1923
AB099421	Influenza C virus (C/Saitama/2/2000)	C/Saitama/2/2000	-	4	Mississippi	-	1923
AB252160	Influenza C virus (C/Saitama/1/2004)	C/Saitama/1/2004	4	4	Mississippi	-	1923
D78433	Influenza C virus (C/Yamagata/5/92)	C/Yamagata/5/92	4	4	Mississippi	-	1961
D88427	Influenza C virus (C/Miyagi/2/93)	C/Miyagi/2/93	4	4	Mississippi	-	1983
LC122635	Influenza C virus (C/Mississippi/80)	C/Mississippi/80	4	4	Mississippi	-	1983
LC122645	Influenza C virus (C/Yamagata/26/2004)	C/Yamagata/26/2004	4	4	Mississippi	-	1983
M11640	Influenza C virus	-	-	4	Mississippi	-	2010
M25361	Influenza C virus	-	-	4	Mississippi	-	1926
M25362	Influenza C virus	-	-	4	Mississippi	-	1926
M25363	Influenza C virus	-	-	4	Mississippi	-	1926
MH348116	Influenza C virus	C/Bovine/Montana/12/2016	4	4	Mississippi	-	1992
AB182357	Influenza C virus (C/Aichi/1/99)	C/Aichi/1/99	-	4	SaoPaolo	-	1926
AB252155	Influenza C virus (C/Yamagata/27/2004)	C/Yamagata/27/2004	-	4	SaoPaolo	-	1926
AB751364	Influenza C virus (C/Mie/186/2012)	C/Mie/186/2012	4	4	SaoPaolo	-	1021
AB751365	Influenza C virus (C/Mie/277/2012)	C/Mie/277/2012	4	4	SaoPaolo	-	1021
AB751594	Influenza C virus (C/Mie/275/2012)	C/Mie/275/2012	4	4	SaoPaolo	-	902
AB751595	Influenza C virus (C/Mie/265/2012)	C/Mie/265/2012	4	4	SaoPaolo	-	1020
AB751596	Influenza C virus (C/Mie/199/2012egg)	C/Mie/199/2012egg	4	4	SaoPaolo	-	1005
AB751597	Influenza C virus (C/Mie/193/2012)	C/Mie/193/2012	4	4	SaoPaolo	-	1010
AB751598	Influenza C virus (C/Mie/185/2012)	C/Mie/185/2012	4	4	SaoPaolo	-	902
AB751599	Influenza C virus (C/Mie/204/2012)	C/Mie/204/2012	4	4	SaoPaolo	-	1851
AB751600	Influenza C virus (C/Mie/67/2012)	C/Mie/67/2012	4	4	SaoPaolo	-	1041
AB751601	Influenza C virus (C/Mie/198/2012)	C/Mie/198/2012	4	4	SaoPaolo	-	973
AB751602	Influenza C virus (C/Mie/182/2012)	C/Mie/182/2012	4	4	SaoPaolo	-	902
AB751603	Influenza C virus (C/Mie/180/2012)	C/Mie/180/2012	4	4	SaoPaolo	-	1934
AB811846	Influenza C virus (C/Mie/188/2012)	C/Mie/188/2012	-	4	SaoPaolo	-	970
AB811847	Influenza C virus (C/Mie/231/2012)	C/Mie/231/2012	-	4	SaoPaolo	-	1926
AB899780	Influenza C virus (C/Yamagata/2/2010)	C/Yamagata/2/2010	-	4	SaoPaolo	-	1986
AB899782	Influenza C virus (C/Yamagata/29/2012)	C/Yamagata/29/2012	-	4	SaoPaolo	-	1986
AB978548	Influenza C virus (C/Leyte/1/2011)	C/Leyte/1/2011	4	4	SaoPaolo	-	1926
AB978549	Influenza C virus (C/Leyte/2/2011)	C/Leyte/2/2011	4	4	SaoPaolo	-	1926
AB978550	Influenza C virus (C/Leyte/3/2011)	C/Leyte/3/2011	4	4	SaoPaolo	-	1926
AB978551	Influenza C virus (C/Leyte/4/2011)	C/Leyte/4/2011	4	4	SaoPaolo	-	1926
AB978552	Influenza C virus (C/Leyte/5/2011)	C/Leyte/5/2011	4	4	SaoPaolo	-	1926
AB978553	Influenza C virus (C/Sendai/TU1/2008)	C/Sendai/TU1/2008	4	4	SaoPaolo	-	1926
AB978554	Influenza C virus (C/Sendai/TU2/2008)	C/Sendai/TU2/2008	4	4	SaoPaolo	-	1926
AB978555	Influenza C virus (C/Sendai/TU3/2008)	C/Sendai/TU3/2008	4	4	SaoPaolo	-	1926
AB978556	Influenza C virus (C/Sendai/TU4/2008)	C/Sendai/TU4/2008	4	4	SaoPaolo	-	1926
AB978557	Influenza C virus (C/Sendai/TU5/2008)	C/Sendai/TU5/2008	4	4	SaoPaolo	-	1926
AB978558	Influenza C virus (C/Sendai/TU1/2012)	C/Sendai/TU1/2012	4	4	SaoPaolo	-	1926
AB978559	Influenza C virus (C/Sendai/TU2/2012)	C/Sendai/TU2/2012	4	4	SaoPaolo	-	1926
AB978560	Influenza C virus (C/Biliran/1/2013)	C/Biliran/1/2013	4	4	SaoPaolo	-	1926
AB978561	Influenza C virus (C/Biliran/2/2013)	C/Biliran/2/2013	4	4	SaoPaolo	-	1926
AB978562	Influenza C virus (C/Biliran/3/2013)	C/Biliran/3/2013	4	4	SaoPaolo	-	1926
AB978563	Influenza C virus (C/Leyte/1/2013)	C/Leyte/1/2013	4	4	SaoPaolo	-	1926
AB978564	Influenza C virus (C/Leyte/2/2013)	C/Leyte/2/2013	4	4	SaoPaolo	-	1926
AB978565	Influenza C virus (C/Leyte/3/2013)	C/Leyte/3/2013	4	4	SaoPaolo	-	1926
AB978566	Influenza C virus (C/Palawan/1/2013)	C/Palawan/1/2013	4	4	SaoPaolo	-	1926
CY239424	Influenza C virus (C/Minnesota/04/2015)	C/Minnesota/04/2015	4	4	SaoPaolo	-	1994
CY239433	Influenza C virus (C/Minnesota/08/2015)	C/Minnesota/08/2015	4	4	SaoPaolo	-	1992
CY239435	Influenza C virus (C/Minnesota/09/2015)	C/Minnesota/09/2015	4	4	SaoPaolo	-	1950
CY239446	Influenza C virus (C/Minnesota/16/2015)	C/Minnesota/16/2015	4	4	SaoPaolo	-	2034
CY239447	Influenza C virus (C/Minnesota/17/2015)	C/Minnesota/17/2015	4	4	SaoPaolo	-	2029
CY239448	Influenza C virus (C/Minnesota/18/2015)	C/Minnesota/18/2015	4	4	SaoPaolo	-	2035
CY239450	Influenza C virus (C/Minnesota/19/2015)	C/Minnesota/19/2015	4	4	SaoPaolo	-	2024
CY239454	Influenza C virus (C/Minnesota/21/2015)	C/Minnesota/21/2015	4	4	SaoPaolo	-	2010
CY239455	Influenza C virus (C/Minnesota/22/2015)	C/Minnesota/22/2015	4	4	SaoPaolo	-	2042
CY239457	Influenza C virus (C/Minnesota/23/2015)	C/Minnesota/23/2015	4	4	SaoPaolo	-	2027
CY239459	Influenza C virus (C/Minnesota/24/2015)	C/Minnesota/24/2015	4	4	SaoPaolo	-	2027
CY239473	Influenza C virus (C/Minnesota/29/2015)	C/Minnesota/29/2015	4	4	SaoPaolo	-	2036
CY239481	Influenza C virus (C/Minnesota/33/2015)	C/Minnesota/33/2015	4	4	SaoPaolo	-	2043
EU086910	Influenza C virus (C/Caen/ME1/2005)	CaenME1	-	4	SaoPaolo	-	1729
EU086911	Influenza C virus (C/Caen/HE2/2005)	CaenHE2	-	4	SaoPaolo	-	1729
EU086912	Influenza C virus (C/Caen/MA3/2005)	CaenMA3	-	4	SaoPaolo	-	1729
EU086913	Influenza C virus (C/Caen/CA4/2005)	CaenCA4	-	4	SaoPaolo	-	1729
EU086914	Influenza C virus (C/Caen/MA5/2005)	CaenMA5	-	4	SaoPaolo	-	1729
EU086915	Influenza C virus (C/Caen/BA1/2007)	CaenBA1	-	4	SaoPaolo	-	1729
EU086916	Influenza C virus (C/Caen/BR1/2006)	CaenBR1	-	4	SaoPaolo	-	1729
EU086917	Influenza C virus (C/Caen/LE2/2006)	CaenLE2	-	4	SaoPaolo	-	1729
HM748630	Influenza C virus (C/Catalonia/1284/2009)	C/Catalonia/1284/2009	4	4	SaoPaolo	-	1946
HM748631	Influenza C virus (C/Catalonia/1318/2009)	C/Catalonia/1318/2009	4	4	SaoPaolo	-	1946
HM748632	Influenza C virus (C/Catalonia/1430/2009)	C/Catalonia/1430/2009	4	4	SaoPaolo	-	1946
JN899406	Influenza C virus (C/Melbourne/2/2011)	C/Melbourne/2/2011	4	4	SaoPaolo	-	1199
JQ045710	Influenza C virus (C/Melbourne/1/2011)	C/Melbourne/1/2011	4	4	SaoPaolo	-	410
JX080411	Influenza C virus (C/Alberta/3502/2011)	C/Alberta/3502/2011	4	4	SaoPaolo	-	1807
JX129182	Influenza C virus (C/Milan/1101/2009)	C/Milan/1101/2009	4	4	SaoPaolo	-	957
JX129183	Influenza C virus (C/Milan/1130/2010)	C/Milan/1130/2010	4	4	SaoPaolo	-	973
JX129184	Influenza C virus (C/Milan/976/2010)	C/Milan/976/2010	4	4	SaoPaolo	-	973
KM504280	Influenza C virus (C/Victoria/2/2012)	C/Victoria/2/2012	4	4	SaoPaolo	-	2073
KM507548	Influenza C virus (C/India/P121719/2012)	C/India/P121719/2012	4	4	SaoPaolo	-	1883
KT232085	Influenza C virus (C/India/P119564/2011)	C/India/P119564/2011	4	4	SaoPaolo	-	1926
KT835351	Influenza C virus (C/Scotland/6855/2007)	C/Scotland/6855/2007	4	4	SaoPaolo	-	1817
KT835352	Influenza C virus (C/Scotland/7274/2007)	C/Scotland/7274/2007	4	4	SaoPaolo	-	1817
KT835354	Influenza C virus (C/Scotland/7482/2007)	C/Scotland/7482/2007	4	4	SaoPaolo	-	1817
LC013253	Influenza C virus (C/Yamagata/6/2014)	C/Yamagata/6/2014	-	4	SaoPaolo	-	1986
LC013256	Influenza C virus (C/Yamagata/15/2014)	C/Yamagata/15/2014	-	4	SaoPaolo	-	1986
LC013258	Influenza C virus (C/Yamagata/30/2014)	C/Yamagata/30/2014	-	4	SaoPaolo	-	1986
LC013259	Influenza C virus (C/Yamagata/32/2014)	C/Yamagata/32/2014	-	4	SaoPaolo	-	1986
LC013260	Influenza C virus (C/Yamagata/33/2014)	C/Yamagata/33/2014	-	4	SaoPaolo	-	1986
LC013262	Influenza C virus (C/Yamagata/14/2006)	C/Yamagata/14/2006	-	4	SaoPaolo	-	1986
LC013263	Influenza C virus (C/Yamagata/18/2008)	C/Yamagata/18/2008	-	4	SaoPaolo	-	1986
LC122644	Influenza C virus (C/Yamagata/18/2004)	C/Yamagata/18/2004	4	4	SaoPaolo	-	1926
LC122648	Influenza C virus (C/Yamagata/1/2005)	C/Yamagata/1/2005	4	4	SaoPaolo	-	1986
LC122650	Influenza C virus (C/Yamagata/3/2005)	C/Yamagata/3/2005	4	4	SaoPaolo	-	1964
LC122653	Influenza C virus (C/Fukuoka/1/2005)	C/Fukuoka/1/2005	4	4	SaoPaolo	-	1951
LC122656	Influenza C virus (C/Yamagata/9/2006)	C/Yamagata/9/2006	4	4	SaoPaolo	-	1986
LC122658	Influenza C virus (C/Yamagata/20/2006)	C/Yamagata/20/2006	4	4	SaoPaolo	-	1986
LC122659	Influenza C virus (C/Miyagi/4/2006)	C/Miyagi/4/2006	4	4	SaoPaolo	-	1986
LC122660	Influenza C virus (C/Yamagata/1/2007)	C/Yamagata/1/2007	4	4	SaoPaolo	-	1986
LC122661	Influenza C virus (C/Yamagata/3/2008)	C/Yamagata/3/2008	4	4	SaoPaolo	-	1986
LC122662	Influenza C virus (C/Yamagata/11/2008)	C/Yamagata/11/2008	4	4	SaoPaolo	-	1986
LC122663	Influenza C virus (C/Yamagata/16/2008)	C/Yamagata/16/2008	4	4	SaoPaolo	-	1986
LC122664	Influenza C virus (C/Miyagi/2/2008)	C/Miyagi/2/2008	4	4	SaoPaolo	-	1986
LC122665	Influenza C virus (C/Miyagi/3/2010)	C/Miyagi/3/2010	4	4	SaoPaolo	-	1986
LC122666	Influenza C virus (C/Tokyo/3/2010)	C/Tokyo/3/2010	4	4	SaoPaolo	-	1986
LC122668	Influenza C virus (C/Yamagata/3/2012)	C/Yamagata/3/2012	4	4	SaoPaolo	-	1986
LC122670	Influenza C virus (C/Yamagata/14/2012)	C/Yamagata/14/2012	4	4	SaoPaolo	-	1986
LC122672	Influenza C virus (C/Miyagi/2/2012)	C/Miyagi/2/2012	4	4	SaoPaolo	-	1986
LC122673	Influenza C virus (C/Fukuoka/1/2012)	C/Fukuoka/1/2012	4	4	SaoPaolo	-	1986
LC122675	Influenza C virus (C/Miyagi/5/2014)	C/Miyagi/5/2014	4	4	SaoPaolo	-	1986
LC122676	Influenza C virus (C/Miyagi/6/2014)	C/Miyagi/6/2014	4	4	SaoPaolo	-	1986
LC122677	Influenza C virus (C/Tokyo/1/2014)	C/Tokyo/1/2014	4	4	SaoPaolo	-	1986
LC122678	Influenza C virus (C/Tokyo/4/2014)	C/Tokyo/4/2014	4	4	SaoPaolo	-	1986
LC327655	Influenza C virus (C/Iwate/1/2016)	C/Iwate/1/2016	4	4	SaoPaolo	-	2027
LC327662	Influenza C virus (C/Iwate/2/2016)	C/Iwate/2/2016	4	4	SaoPaolo	-	2027
LC385860	Influenza C virus	C/Yamagata/1/2016	4	4	SaoPaolo	-	1986
LC385861	Influenza C virus	C/Yamagata/4/2016	4	4	SaoPaolo	-	1986
LC385862	Influenza C virus	C/Yamagata/6/2016	4	4	SaoPaolo	-	1986
LC385863	Influenza C virus	C/Yamagata/12/2016	4	4	SaoPaolo	-	1986
LC385864	Influenza C virus	C/Yamagata/24/2016	4	4	SaoPaolo	-	1986
LC385865	Influenza C virus	C/Yamagata/26/2016	4	4	SaoPaolo	-	1986
LC385866	Influenza C virus	C/Yamagata/35/2016	4	4	SaoPaolo	-	1986
LC385867	Influenza C virus	C/Yamagata/36/2016	4	4	SaoPaolo	-	1986
LC512487	Influenza C virus	C/Yamagata/16/2010	4	4	SaoPaolo	-	1986
LC512488	Influenza C virus	C/Yamagata/2/2015	4	4	SaoPaolo	-	1986
LC512489	Influenza C virus	C/Yamagata/5/2015	4	4	SaoPaolo	-	1986
LC512490	Influenza C virus	C/Yamagata/10/2016	4	4	SaoPaolo	-	1986
LC512491	Influenza C virus	C/Yamagata/14/2016	4	4	SaoPaolo	-	1986
LC512492	Influenza C virus	C/Yamagata/25/2016	4	4	SaoPaolo	-	1986
LC512493	Influenza C virus	C/Yamagata/27/2016	4	4	SaoPaolo	-	1986
LC512494	Influenza C virus	C/Yamagata/28/2016	4	4	SaoPaolo	-	1986
LC512495	Influenza C virus	C/Yamagata/32/2016	4	4	SaoPaolo	-	1986
LC512496	Influenza C virus	C/Yamagata/37/2016	4	4	SaoPaolo	-	1986
LC512497	Influenza C virus	C/Yamagata/1/2017	4	4	SaoPaolo	-	1986
LC512498	Influenza C virus	C/Yamagata/2/2017	4	4	SaoPaolo	-	1986
LC512499	Influenza C virus	C/Yamagata/1/2018	4	4	SaoPaolo	-	1986
LC512500	Influenza C virus	C/Yamagata/2/2018	4	4	SaoPaolo	-	1986
LC512501	Influenza C virus	C/Yamagata/6/2018	4	4	SaoPaolo	-	1986
LC512502	Influenza C virus	C/Yamagata/8/2018	4	4	SaoPaolo	-	1986
LC512503	Influenza C virus	C/Yamagata/16/2018	4	4	SaoPaolo	-	1986
LC512504	Influenza C virus	C/Yamagata/19/2018	4	4	SaoPaolo	-	1986
LC512505	Influenza C virus	C/Yamagata/23/2018	4	4	SaoPaolo	-	1986
LC512506	Influenza C virus	C/Yamagata/31/2018	4	4	SaoPaolo	-	1986
LC512507	Influenza C virus	C/Yamagata/38/2018	4	4	SaoPaolo	-	1986
LC512508	Influenza C virus	C/Yamagata/40/2018	4	4	SaoPaolo	-	1986
LC512509	Influenza C virus	C/Yamagata/42/2018	4	4	SaoPaolo	-	1986
LC512510	Influenza C virus	C/Yamagata/30/2016	4	4	SaoPaolo	-	1986
LC512511	Influenza C virus	C/Yamagata/34/2016	4	4	SaoPaolo	-	1986
LC512512	Influenza C virus	C/Yamagata/5/2018	4	4	SaoPaolo	-	1986
LC512513	Influenza C virus	C/Yamagata/39/2018	4	4	SaoPaolo	-	1986
LC720285	Influenza C virus	C/Fukushima/O181/2018	4	4	SaoPaolo	-	2063
LC739856	Influenza C virus	C/Miyagi/1/2006	4	4	SaoPaolo	-	1986
LC739857	Influenza C virus	C/Miyagi/3/2006	4	4	SaoPaolo	-	1986
LC739858	Influenza C virus	C/Miyagi/5/2006	4	4	SaoPaolo	-	1986
LC739859	Influenza C virus	C/Miyagi/6/2006	4	4	SaoPaolo	-	1986
LC739860	Influenza C virus	C/Miyagi/7/2006	4	4	SaoPaolo	-	1986
LC739861	Influenza C virus	C/Miyagi/1/2008	4	4	SaoPaolo	-	1986
LC739862	Influenza C virus	C/Miyagi/4/2008	4	4	SaoPaolo	-	1986
LC739863	Influenza C virus	C/Miyagi/5/2008	4	4	SaoPaolo	-	1986
LC739864	Influenza C virus	C/Miyagi/6/2008	4	4	SaoPaolo	-	1986
LC739865	Influenza C virus	C/Miyagi/8/2008	4	4	SaoPaolo	-	1986
LC739866	Influenza C virus	C/Miyagi/9/2008	4	4	SaoPaolo	-	1986
LC739867	Influenza C virus	C/Miyagi/10/2008	4	4	SaoPaolo	-	1986
LC739868	Influenza C virus	C/Miyagi/12/2008	4	4	SaoPaolo	-	1986
LC739869	Influenza C virus	C/Miyagi/13/2008	4	4	SaoPaolo	-	1986
LC739870	Influenza C virus	C/Miyagi/17/2008	4	4	SaoPaolo	-	1986
LC739871	Influenza C virus	C/Miyagi/1/2010	4	4	SaoPaolo	-	1986
LC739872	Influenza C virus	C/Miyagi/8/2010	4	4	SaoPaolo	-	1986
LC739873	Influenza C virus	C/Miyagi/9/2010	4	4	SaoPaolo	-	1986
LC739874	Influenza C virus	C/Miyagi/10/2010	4	4	SaoPaolo	-	1986
LC739875	Influenza C virus	C/Miyagi/1/2011	4	4	SaoPaolo	-	1986
LC739876	Influenza C virus	C/Miyagi/3/2012	4	4	SaoPaolo	-	1986
LC739877	Influenza C virus	C/Miyagi/4/2012	4	4	SaoPaolo	-	1986
LC739878	Influenza C virus	C/Miyagi/5/2012	4	4	SaoPaolo	-	1986
LC739879	Influenza C virus	C/Miyagi/6/2012	4	4	SaoPaolo	-	1986
LC739880	Influenza C virus	C/Miyagi/7/2012	4	4	SaoPaolo	-	1986
LC739881	Influenza C virus	C/Miyagi/8/2012	4	4	SaoPaolo	-	1986
LC739882	Influenza C virus	C/Miyagi/9/2012	4	4	SaoPaolo	-	1986
LC739883	Influenza C virus	C/Miyagi/10/2012	4	4	SaoPaolo	-	1986
LC739884	Influenza C virus	C/Miyagi/11/2012	4	4	SaoPaolo	-	1986
LC739885	Influenza C virus	C/Miyagi/12/2012	4	4	SaoPaolo	-	1986
LC739886	Influenza C virus	C/Miyagi/13/2012	4	4	SaoPaolo	-	1986
LC739887	Influenza C virus	C/Miyagi/1/2014	4	4	SaoPaolo	-	1986
LC739890	Influenza C virus	C/Miyagi/1/2015	4	4	SaoPaolo	-	1986
LC739891	Influenza C virus	C/Miyagi/1/2016	4	4	SaoPaolo	-	1986
LC739892	Influenza C virus	C/Miyagi/2/2016	4	4	SaoPaolo	-	1986
LC739893	Influenza C virus	C/Miyagi/4/2016	4	4	SaoPaolo	-	1986
LC739894	Influenza C virus	C/Miyagi/5/2016	4	4	SaoPaolo	-	1986
LC739895	Influenza C virus	C/Miyagi/6/2016	4	4	SaoPaolo	-	1986
LC739896	Influenza C virus	C/Miyagi/7/2016	4	4	SaoPaolo	-	1986
LC739897	Influenza C virus	C/Miyagi/9/2016	4	4	SaoPaolo	-	1986
LC739898	Influenza C virus	C/Miyagi/1/2017	4	4	SaoPaolo	-	1986
LC739899	Influenza C virus	C/Miyagi/1/2018	4	4	SaoPaolo	-	1986
LC739900	Influenza C virus	C/Miyagi/2/2018	4	4	SaoPaolo	-	1986
LC739901	Influenza C virus	C/Miyagi/3/2018	4	4	SaoPaolo	-	1986
LC739902	Influenza C virus	C/Miyagi/4/2018	4	4	SaoPaolo	-	1986
LC739903	Influenza C virus	C/Miyagi/5/2018	4	4	SaoPaolo	-	1986
LC739904	Influenza C virus	C/Miyagi/6/2018	4	4	SaoPaolo	-	1986
LC739906	Influenza C virus	C/Miyagi/1/2020	4	4	SaoPaolo	-	1986
MH185829	Influenza C virus	C/Kaohsiung/95111003/2006	4	4	SaoPaolo	-	444
MH185830	Influenza C virus	C/Kaohsiung/96060801C/2007	4	4	SaoPaolo	-	420
MH185831	Influenza C virus	C/Kaohsiung/97042912C/2008	4	4	SaoPaolo	-	420
MH185832	Influenza C virus	C/Kaohsiung/106051925/2014	4	4	SaoPaolo	-	432
MH185833	Influenza C virus	C/Kaohsiung/105032177/2016	4	4	SaoPaolo	-	420
MH185834	Influenza C virus	C/Kaohsiung/107020729/2018	4	4	SaoPaolo	-	420
MK050092	Influenza C virus	C/Seoul/APD462/2015	4	4	SaoPaolo	-	1888
MK050093	Influenza C virus	C/Seoul/APD401/2015	4	4	SaoPaolo	-	1888
MK050094	Influenza C virus	C/Cheongju/GPD805/2015	4	4	SaoPaolo	-	1027
MK480585	Influenza C virus	C/Thailand/B12597_HE_gene/2015	4	4	SaoPaolo	-	1802
MK480599	Influenza C virus	C/Thailand/CN38_HE_gene/2017	4	4	SaoPaolo	-	1702
MZ330902	Influenza C virus	C/Biliran/TB2-293/2014	4	4	SaoPaolo	-	1968
MZ330923	Influenza C virus	C/Biliran/TB4-130/2018	4	4	SaoPaolo	-	1968
MZ330930	Influenza C virus	C/Biliran/TB4-169/2018	4	4	SaoPaolo	-	1968
MZ330937	Influenza C virus	C/Biliran/TB4-271/2019	4	4	SaoPaolo	-	1968
MZ330993	Influenza C virus	C/Biliran/TB8-250/2014	4	4	SaoPaolo	-	1968
MZ331007	Influenza C virus	C/Palawan/068/2014	4	4	SaoPaolo	-	1968
OK254888	Influenza C virus	C/canine/China/Guangzhou-1/2020	4	4	SaoPaolo	-	1965
OK254895	Influenza C virus	C/canine/China/Guangzhou-2/2020	4	4	SaoPaolo	-	1965
OK625710	Influenza C virus	C/Connecticut/UNK154/2017	4	4	SaoPaolo	-	1968
ON013500	Influenza C virus	C/Philippines/4335-2010/2010	4	4	SaoPaolo	-	1926
ON013501	Influenza C virus	C/Philippines/2007-2011/2011	4	4	SaoPaolo	-	1926
ON013502	Influenza C virus	C/Philippines/2064-2011/2011	4	4	SaoPaolo	-	1926
ON013503	Influenza C virus	C/Philippines/1774-2011/2011	4	4	SaoPaolo	-	1926
ON013504	Influenza C virus	C/Philippines/2059-2011/2011	4	4	SaoPaolo	-	1926
ON013505	Influenza C virus	C/Philippines/1813-2011/2011	4	4	SaoPaolo	-	1926
ON013506	Influenza C virus	C/Philippines/2811-2010/2010	4	4	SaoPaolo	-	1926
ON013507	Influenza C virus	C/Philippines/3496-2010/2010	4	4	SaoPaolo	-	1926
ON013508	Influenza C virus	C/Philippines/1972-2011/2011	4	4	SaoPaolo	-	1926
ON013509	Influenza C virus	C/Philippines/2079-2011/2011	4	4	SaoPaolo	-	1926
ON013510	Influenza C virus	C/Philippines/2069-2011/2011	4	4	SaoPaolo	-	1926
ON013511	Influenza C virus	C/Philippines/2081-2011/2011	4	4	SaoPaolo	-	1926
ON013512	Influenza C virus	C/Philippines/1680-2011/2011	4	4	SaoPaolo	-	1926
ON013513	Influenza C virus	C/Philippines/1881-2011/2011	4	4	SaoPaolo	-	1926
ON013514	Influenza C virus	C/Philippines/2554-2011/2011	4	4	SaoPaolo	-	1926
ON013515	Influenza C virus	C/Philippines/1536-2011/2011	4	4	SaoPaolo	-	1926
ON013516	Influenza C virus	C/Philippines/2410-2009/2009	4	4	SaoPaolo	-	1926
ON013517	Influenza C virus	C/Philippines/3841-2011/2011	4	4	SaoPaolo	-	1926
OQ030185	Influenza C virus	C/canine/China/Guangzhou-1/2020	4	4	SaoPaolo	-	1965
OQ030192	Influenza C virus	C/canine/China/Guangzhou-2/2020	4	4	SaoPaolo	-	1965
OQ733370	Influenza C virus	C/China/Taian062/2020	4	4	SaoPaolo	-	1968
OQ733382	Influenza C virus	C/China/Taian106/2020	4	4	SaoPaolo	-	1968
PQ044623	Influenza C virus	C/Sri Lanka/68/2023	4	4	SaoPaolo	-	1968
AB035357	Influenza C virus	C/Paris/1/67	-	4	Taylor	-	1987
AB126194	Influenza C virus (C/Ann Arbor/1/50)	C/Ann Arbor/1/50	4	4	Taylor	-	2073
FR671422	Influenza C virus (C/JJ/1950)	C/JJ/1950	4	4	Taylor	-	2073
LC122632	Influenza C virus (C/Taylor/1233/1947)	C/Taylor/1233/1947	4	4	Taylor	-	1986
LC385858	Influenza C virus (C/Ann Arbor/1/50)	C/Ann Arbor/1/50	4	4	Taylor	-	1986
M11637	Influenza C virus	-	-	4	Taylor	-	2015
M11638	Influenza C virus	-	-	4	Taylor	-	2015
M11641	Influenza C virus	-	-	4	Taylor	-	2015
NC_006310	Influenza C virus (C/Ann Arbor/1/50)	C/Ann Arbor/1/50	4	4	Taylor	-	2073
AB035362	Influenza C virus	C/New Jersey/1/76	-	4	Yamagata	-	1962
AB064397	Influenza C virus (C/Yamagata/3/96)	C/Yamagata/3/96	-	4	Yamagata	-	1926
AB064398	Influenza C virus (C/Yamagata/8/96)	C/Yamagata/8/96	-	4	Yamagata	-	1926
AB064399	Influenza C virus (C/Yamagata/9/96)	C/Yamagata/9/96	-	4	Yamagata	-	1926
AB064400	Influenza C virus (C/Yamagata/20/96)	C/Yamagata/20/96	-	4	Yamagata	-	1926
AB064401	Influenza C virus (C/Yamagata/2/98)	C/Yamagata/2/98	-	4	Yamagata	-	1926
AB064402	Influenza C virus (C/Yamagata/6/98)	C/Yamagata/6/98	-	4	Yamagata	-	1926
AB064403	Influenza C virus (C/Yamagata/13/98)	C/Yamagata/13/98	-	4	Yamagata	-	1926
AB086656	Influenza C virus (C/Shizuoka/79)	C/Shizuoka/79	-	4	Yamagata	-	1926
AB086662	Influenza C virus (C/Miyagi/2/96)	C/Miyagi/2/96	-	4	Yamagata	-	1926
AB086663	Influenza C virus (C/Miyagi/6/96)	C/Miyagi/6/96	-	4	Yamagata	-	1926
AB086665	Influenza C virus (C/Miyagi/1/97)	C/Miyagi/1/97	-	4	Yamagata	-	1926
AB086666	Influenza C virus (C/Miyagi/2/98)	C/Miyagi/2/98	-	4	Yamagata	-	1926
AB086667	Influenza C virus (C/Miyagi/4/98)	C/Miyagi/4/98	-	4	Yamagata	-	1926
AB086668	Influenza C virus (C/Miyagi/1/99)	C/Miyagi/1/99	-	4	Yamagata	-	1926
AB086669	Influenza C virus (C/Miyagi/3/99)	C/Miyagi/3/99	-	4	Yamagata	-	1926
AB093474	Influenza C virus (C/Hiroshima/247/2000)	C/Hiroshima/247/2000	-	4	Yamagata	-	401
AB093475	Influenza C virus (C/Hiroshima/248/2000)	C/Hiroshima/248/2000	-	4	Yamagata	-	401
AB093476	Influenza C virus (C/Hiroshima/249/2000)	C/Hiroshima/249/2000	-	4	Yamagata	-	401
AB093479	Influenza C virus (C/Hiroshima/252/2000)	C/Hiroshima/252/2000	-	4	Yamagata	-	401
AB093480	Influenza C virus (C/Hiroshima/290/99)	C/Hiroshima/290/99	-	4	Yamagata	-	401
AB099410	Influenza C virus (C/Yamagata/2/99)	C/Yamagata/2/99	-	4	Yamagata	-	1926
AB099411	Influenza C virus (C/Yamagata/9/2000)	C/Yamagata/9/2000	-	4	Yamagata	-	1926
AB099412	Influenza C virus (C/Yamagata/2/2000)	C/Yamagata/2/2000	-	4	Yamagata	-	1926
AB099414	Influenza C virus (C/Yamagata/6/2000)	C/Yamagata/6/2000	-	4	Yamagata	-	1926
AB099415	Influenza C virus (C/Yamagata/8/2000)	C/Yamagata/8/2000	-	4	Yamagata	-	1926
AB099417	Influenza C virus (C/Miyagi/3/2000)	C/Miyagi/3/2000	-	4	Yamagata	-	1926
AB099418	Influenza C virus (C/Miyagi/4/2000)	C/Miyagi/4/2000	-	4	Yamagata	-	1926
AB099420	Influenza C virus (C/Saitama/1/2000)	C/Saitama/1/2000	-	4	Yamagata	-	1926
AB099423	Influenza C virus (C/Hiroshima/290/99)	C/Hiroshima/290/99	-	4	Yamagata	-	1926
AB099424	Influenza C virus (C/Hiroshima/252/99)	C/Hiroshima/252/99	-	4	Yamagata	-	1926
AB099425	Influenza C virus (C/Hiroshima/249/2000)	C/Hiroshima/249/2000	-	4	Yamagata	-	1926
AB099427	Influenza C virus (C/Hiroshima/247/2000)	C/Hiroshima/247/2000	-	4	Yamagata	-	1926
AB099428	Influenza C virus (C/Hiroshima/248/2000)	C/Hiroshima/248/2000	-	4	Yamagata	-	1926
AB219076	Influenza C virus (C/Miyagi/3/92)	C/Miyagi/3/92	-	4	Yamagata	-	1926
AB219077	Influenza C virus (C/Miyagi/3/97)	C/Miyagi/3/97	-	4	Yamagata	-	1926
AB219078	Influenza C virus (C/Miyagi/4/97)	C/Miyagi/4/97	-	4	Yamagata	-	1926
AB252154	Influenza C virus (C/Yamagata/15/2004)	C/Yamagata/15/2004	4	4	Yamagata	-	1926
AB252164	Influenza C virus (C/Fukuoka/2/2004)	C/Fukuoka/2/2004	4	4	Yamagata	-	1926
AB899775	Influenza C virus (C/Yamagata/7/81)	C/Yamagata/7/81	-	4	Yamagata	-	1986
AB899776	Influenza C virus (C/Yamagata/10/1981)	C/Yamagata/10/81	-	4	Yamagata	-	1986
D28967	Influenza C virus (C/Yamagata/7/88)	C/Yamagata/7/88	4	4	Yamagata	-	1999
D28968	Influenza C virus (C/Yamagata/8/88)	C/Yamagata/8/88	4	4	Yamagata	-	2012
D28971	Influenza C virus (C/Yamagata/26/81)	C/Yamagata/26/81	4	4	Yamagata	-	2019
D30697	Influenza C virus (C/Nara/2/85)	C/Nara/2/85	4	4	Yamagata	-	1987
D49361	Influenza C virus (C/Yamagata/10/89)	C/Yamagata/10/89	4	4	Yamagata	-	1983
D63468	Influenza C virus (C/Sapporo/71)	C/Sapporo/71	-	4	Yamagata	-	1995
D63472	Influenza C virus (C/Kyoto/1/79)	C/Kyoto/1/79	-	4	Yamagata	-	2027
D63473	Influenza C virus (C/Yamagata/3/88)	C/Yamagata/3/88	-	4	Yamagata	-	1926
D63503	Influenza C virus (C/Yamagata/4/88)	C/Yamagata/4/88	-	4	Yamagata	-	1976
D87392	Influenza C virus (C/Miyagi/2/92)	C/Miyagi/2/92	-	4	Yamagata	-	1987
D87393	Influenza C virus (C/Miyagi/3/91)	C/Miyagi/3/91	-	4	Yamagata	-	1987
D87394	Influenza C virus (C/Miyagi/9/91)	C/Miyagi/9/91	-	4	Yamagata	-	2030
EU086908	Influenza C virus (C/Caen/BO1/2004)	CaenBO1	-	4	Yamagata	-	1729
EU086909	Influenza C virus (C/Caen/JO2/2004)	CaenJO2	-	4	Yamagata	-	1729
K01689	Influenza C virus	-	-	4	Yamagata	-	2071
LC122633	Influenza C virus (C/Great Lakes/1167/1954)	C/Great Lakes/1167/1954	4	4	Yamagata	-	1986
LC122634	Influenza C virus (C/California/78)	C/California/78	4	4	Yamagata	-	1986
LC122636	Influenza C virus (C/pig/Beijing/115/81)	C/pig/Beijing/115/81	4	4	Yamagata	-	1986
LC122637	Influenza C virus (C/England/892/1983)	C/England/892/1983	4	4	Yamagata	-	1986
LC122641	Influenza C virus (C/Miyagi/20/2002)	C/Miyagi/20/2002	4	4	Yamagata	-	1926
LC385859	Influenza C virus (C/Yamagata/15/2004)	C/Yamagata/15/2004	4	4	Yamagata	-	1986
LC603641	Influenza C virus	C/Yamagata/11/88	4	4	Yamagata	-	1986
M11639	Influenza C virus	-	-	4	Yamagata	-	2014
M11642	Influenza C virus	-	-	4	Yamagata	-	2015
M11643	Influenza C virus	-	-	4	Yamagata	-	2015
M11644	Influenza C virus	-	-	4	Yamagata	-	2015
M11645	Influenza C virus	-	-	4	Yamagata	-	2015