isolate_id	gb_serotype	rec_serotype	mlca_serotype	genome_lineage	iso_year	iso_month	iso_day	origin_type	iso_host	sample_type	iso_country	iso_place_name	segment1_accession	segment2_accession	segment3_accession	segment4_accession	segment5_accession	segment6_accession	segment7_accession
D/bovine/Italy/59542/2018	-	-	DOK	-|-|-|DOK|-|-|-	2018	-	-	host	Bos taurus	-	Italy	-	MN165182	MN165183	MN165185	MN165188	MN165187	MN165184	MN165186
D/swine/Italy/73601-3/2017	-	-	DOK	-|-|-|DOK|-|-|-	2017	-	-	host	Sus scrofa	-	Italy	-	MK131022	MK131023	MK131024	MK131026	MK131027	MK131025	MK131028
D/swine/France/29-220655/2022	-	-	-	-|-|-|-|-|-|-	2022	DEC	21	host	Sus scrofa	-	France	-	PP133482	PP133483	PP133484	PP133485	PP133486	PP133487	PP133488
D/bovine/Oklahoma/1544/2018	-	-	D660	-|-|-|D660|-|-|-	2018	NOV	1	host	Bos taurus	-	USA	-	MW632185	MW632186	MW632187	MW632188	MW632189	MW632190	MW632191
D/bovine/Italy/17RS395-6/2017	-	-	DOK	-|-|-|DOK|-|-|-	2017	FEB	8	host	Bos taurus	-	Italy	-	MK965384	MK965368	MK965337	MK965262	MK965295	MK965359	MK965316
D/bovine/Denmark/5358904609-3/2019	-	-	DOK	-|-|-|DOK|-|-|-	2019	MAR	12	host	Bos taurus	nasal swab	Denmark	-	OM468188	OM468203	OM468227	OM468247	OM468259	OM468269	OM468281
D/bovine/Italy/174489/2019	-	-	D660	-|-|-|D660|-|-|-	2019	-	-	host	Bos taurus	-	Italy	-	MT349593	MT349594	MT349596	MT349599	MT349598	MT349595	MT349597
D/bovine/Mississippi/C00158N/2015	-	-	DOK	-|-|-|DOK|-|-|-	2015	JAN	9	host	Bos taurus	nasal swab	USA	-	MT511450	MT511451	MT511452	MT511453	MT511454	MT511455	MT511456
D/bovine/Namibia/255880/2020	-	-	-	-|-|-|-|-|-|-	2020	NOV	10	host	Bos taurus	nasal swab	Namibia	-	OK513022	OK513023	OK513024	OK513025	OK513026	OK513027	OK513028
D/bovine/California/17/2019	-	-	D660	-|-|-|D660|-|-|-	2019	JAN	16	host	Bos taurus	sick bovine's nasal swab	USA	-	MW079431	MW079438	MW079452	MW079473	MW079466	MW079445	MW079459
D/bovine/Denmark/5256205576-8/2020	-	-	D660	-|-|-|D660|-|-|-	2020	MAR	6	host	Bos taurus	nasal swab	Denmark	-	OM468198	OM468215	OM468230	OM468234	OM468249	OM468278	OM468293
D/bovine/Kansas/33/2019	-	-	-	-|-|-|-|-|-|-	2019	AUG	20	host	Bos taurus	lung	USA	-	MW079436	MW079443	MW079457	MW079478	MW079471	MW079450	MW079464
D/bovine/Mississippi/C00214N/2015	-	-	DOK	-|-|-|DOK|-|-|-	2015	JUL	24	host	Bos taurus	nasal swab	USA	-	MT511540	MT511541	MT511542	MT511543	MT511544	MT511545	MT511546
D/swine/Oklahoma/1334/2011 (plaque-cloned)	-	-	DOK	-|-|-|DOK|-|-|-	2018	-	-	host	Sus scrofa	-	Japan	-	LC522351	LC522352	LC522353	LC522354	LC522355	LC522356	LC522357
D/bovine/Mississippi/C00199N/2015	-	-	DOK	-|-|-|DOK|-|-|-	2015	JUL	24	host	Bos taurus	nasal swab	USA	-	MT511437	MT511438	MT511439	MT511440	MT511441	MT511442	MT511443
D/bovine/Kansas/25/2019	-	-	D660	-|-|-|D660|-|-|-	2019	APR	16	host	Bos taurus	sick bovine's nasal swab	USA	-	MW079432	MW079439	MW079453	MW079474	MW079467	MW079446	MW079460
D/bovine/Italy/17RS393-6/2017	-	-	DOK	-|-|-|DOK|-|-|-	2017	FEB	17	host	Bos taurus	-	Italy	-	MK965383	MK965367	MK965336	MK965261	MK965294	MK965358	MK965315
D/bovine/Mississippi/C00213N/2015	-	-	DOK	-|-|-|DOK|-|-|-	2015	JUL	24	host	Bos taurus	nasal swab	USA	-	MT511430	MT511431	MT511432	MT511433	MT511434	MT511435	MT511436
D/bovine/Italy/16RS2359/2016	-	-	DOK	-|-|-|DOK|-|-|-	2016	DEC	16	host	Bos taurus	-	Italy	-	MK965381	MK965366	MK965334	MK965258	MK965292	MK965356	MK965313
D/bovine/California/0894/2019	-	-	-	-|-|-|-|-|-|-	2019	-	-	host	Bos taurus	-	USA	-	MW020312	MW020313	MW020314	MW020315	MW020316	MW020317	MW020318
D/bovine/Italy/19RS176-11/2018	-	-	D660	-|-|-|D660|-|-|-	2018	MAR	29	host	Bos taurus	-	Italy	-	MN173616	MN173615	MN173613	MN173611	MN173612	MN173614	MN173617
D/bovine/Italy/94269-1/2019	-	-	D660	-|-|-|D660|-|-|-	2019	-	-	host	Bos taurus	-	Italy	-	MT349517	MT349518	MT349520	MT349523	MT349522	MT349519	MT349521
D/bovine/Denmark/5995505714-9/2020	-	-	D660	-|-|-|D660|-|-|-	2020	FEB	11	host	Bos taurus	nasal swab	Denmark	-	OM468200	OM468216	OM468232	OM468236	OM468251	OM468280	OM468295
D/bovine/France/CO-E2256.01/2018	-	-	DOK	-|-|-|DOK|-|-|-	2018	-	-	host	Bos taurus	nasal swab	France	-	ON038921	ON038923	ON038925	ON038935	ON038927	ON038930	ON038932
D/bovine/Mississippi/C00014N/2014	-	-	D660	-|-|-|D660|-|-|-	2014	FEB	7	host	Bos taurus	nasal swab	USA	-	MT511444	MT511445	MT511446	KT581417	MT511447	MT511448	MT511449
D/bovine/CHN/JLSL/2021	-	-	-	-|-|-|-|-|-|-	2021	DEC	6	host	Bos taurus	liver of stillbirth fetus	China	-	OM763674	OM763675	OM763676	OM763677	OM763678	OM763679	OM763680
D/bovine/China/JY3001/2021	-	-	-	-|-|-|-|-|-|-	2021	DEC	17	host	Bos taurus	-	China	-	ON415263	ON415264	ON415265	ON415266	ON415267	ON415268	ON415269
D/bovine/Mississippi/C00180N/2015	-	-	DOK	-|-|-|DOK|-|-|-	2015	JUL	24	host	Bos taurus	nasal swab	USA	-	MT511354	MT511355	MT511356	MT511357	MT511358	MT511359	MT511360
D/bovine/Italy/18RS182-16/2018	-	-	DOK	-|-|-|DOK|-|-|-	2018	JAN	19	host	Bos taurus	-	Italy	-	MK965378	MK965365	MK965322	MK965270	MK965289	MK965344	MK965310
D/bovine/Denmark/5161205135-5/2019	-	-	DOK	-|-|-|DOK|-|-|-	2019	JAN	15	host	Bos taurus	nasal swab	Denmark	-	OM468194	OM468209	OM468220	OM468239	OM468257	OM468273	OM468288
D/bovine/Italy/17RS396-10/2017	-	-	DOK	-|-|-|DOK|-|-|-	2017	FEB	8	host	Bos taurus	-	Italy	-	MK965385	MK965369	MK965338	MK965263	MK965296	MK965360	MK965317
D/bovine/Hokkaido/HKD2/2019	-	-	-	-|-|-|-|-|-|-	2019	-	-	host	Bos taurus	-	Japan	-	LC565468	LC565471	LC565474	LC565477	LC565480	LC565483	LC565486
D/bovine/Hokkaido/HKD3/2020	-	-	-	-|-|-|-|-|-|-	2020	-	-	host	Bos taurus	-	Japan	-	LC565469	LC565472	LC565475	LC565478	LC565481	LC565484	LC565487
D/bovine/Mississippi/C00148N/2014	-	-	-	-|-|-|-|-|-|-	2014	JAN	9	host	Bos taurus	nasal swab	USA	-	MT511485	MT511486	MT511487	MT511488	MT511489	MT511490	MT511491
D/swine/Netherlands/PS-497/2021	-	-	D660	-|-|-|D660|-|-|-	2021	MAR	10	host	Sus scrofa	tracheobronchial swab	Netherlands	-	OP474071	OP474072	OP474073	OP474074	OP474075	OP474076	OP474077
D/bovine/Denmark/3058506689-11/2019	-	-	DOK	-|-|-|DOK|-|-|-	2019	OCT	9	host	Bos taurus	nasal swab	Denmark	-	OM468192	OM468204	OM468222	OM468248	OM468263	OM468268	OM468291
D/bovine/Mississippi/C00207N/2015	-	-	DOK	-|-|-|DOK|-|-|-	2015	JUL	24	host	Bos taurus	nasal swab	USA	-	MT511512	MT511513	MT511514	MT511515	MT511516	MT511517	MT511518
D/bovine/Hokkaido/HKD1/2018	-	-	-	-|-|-|-|-|-|-	2018	-	-	host	Bos taurus	-	Japan	-	LC565467	LC565470	LC565473	LC565476	LC565479	LC565482	LC565485
D/bovine/Mississippi/C00013P/2014	-	-	D660	-|-|-|D660|-|-|-	2014	FEB	7	host	Bos taurus	nasopharyngeal swab	USA	-	MT511347	MT511348	MT511349	MT511350	MT511351	MT511352	MT511353
D/bovine/Italy/72875/2019	-	-	-	-|-|-|-|-|-|-	2019	-	-	host	Bos taurus	-	Italy	-	MN123898	MN123903	MN123899	MN123904	MN123900	MN123901	MN123902
D/bovine/Italy/94243/2019	-	-	D660	-|-|-|D660|-|-|-	2019	-	-	host	Bos taurus	-	Italy	-	MT349524	MT349525	MT349527	MT349530	MT349529	MT349526	MT349528
D/bovine/Denmark/5022903340-5/2019	-	-	DOK	-|-|-|DOK|-|-|-	2019	JAN	15	host	Bos taurus	nasal swab	Denmark	-	OM468193	OM468208	OM468219	OM468237	OM468256	OM468275	OM468287
D/bovine/Italy/122566-2/2019	-	-	D660	-|-|-|D660|-|-|-	2019	-	-	host	Bos taurus	-	Italy	-	MT349641	MT349642	MT349644	MT349647	MT349646	MT349643	MT349645
D/bovine/Italy/37760/2019	-	-	DOK	-|-|-|DOK|-|-|-	2019	-	-	host	Bos taurus	-	Italy	-	MN165210	MN165211	MN165213	MN165216	MN165215	MN165212	MN165214
D/bovine/Italy/144539/2019	-	-	D660	-|-|-|D660|-|-|-	2019	-	-	host	Bos taurus	-	Italy	-	MT349600	MT349601	MT349603	MT349606	MT349605	MT349602	MT349604
D/bovine/Kansas/27/2019	-	-	D660	-|-|-|D660|-|-|-	2019	APR	16	host	Bos taurus	sick bovine's nasal swab	USA	-	MW079434	MW079441	MW079455	MW079476	MW079469	MW079448	MW079462
D/bovine/Italy/12545-8/2018	-	-	DOK	-|-|-|DOK|-|-|-	2018	-	-	host	Bos taurus	-	Italy	-	MN165237	MN165238	MN165240	MN165243	MN165242	MN165239	MN165241
D/bovine/Mississippi/C00158P/2015	-	-	DOK	-|-|-|DOK|-|-|-	2015	JAN	9	host	Bos taurus	nasopharyngeal swab	USA	-	MT511519	MT511520	MT511521	MT511522	MT511523	MT511524	MT511525
D/bovine/Italy/45097/2019	-	-	D660	-|-|-|D660|-|-|-	2019	-	-	host	Bos taurus	-	Italy	-	MN123891	MN123896	MN123892	MN123897	MN123893	MN123894	MN123895
D/bovine/Mississippi/C00075N/2014	-	-	D660	-|-|-|D660|-|-|-	2014	APR	2	host	Bos taurus	nasal swab	USA	-	MT511340	MT511341	MT511342	MT511343	MT511344	MT511345	MT511346
D/bovine/Mississippi/C00135N/2014	-	-	DOK	-|-|-|DOK|-|-|-	2014	MAY	23	host	Bos taurus	nasal swab	USA	-	MT511361	MT511362	MT511363	MT511364	MT511365	MT511366	MT511367
D/bovine/Mississippi/C00185N/2015	-	-	DOK	-|-|-|DOK|-|-|-	2015	JUL	24	host	Bos taurus	nasal swab	USA	-	MT511402	MT511403	MT511404	MT511405	MT511406	MT511407	MT511408
D/bovine/Denmark/1052304114-10/2020	-	-	D660	-|-|-|D660|-|-|-	2020	JAN	16	host	Bos taurus	nasal swab	Denmark	-	OM468199	OM468205	OM468231	OM468235	OM468250	OM468279	OM468294
D/bovine/Mississippi/C00218N/2015	-	-	DOK	-|-|-|DOK|-|-|-	2015	JUL	24	host	Bos taurus	nasal swab	USA	-	MT511464	MT511465	MT511466	MT511467	MT511468	MT511469	MT511470
D/bovine/Kansas/28/2019	-	-	D660	-|-|-|D660|-|-|-	2019	APR	16	host	Bos taurus	sick bovine's nasal swab	USA	-	MW079435	MW079442	MW079456	MW079477	MW079470	MW079449	MW079463
D/swine/Italy/218655/2017	-	-	DOK	-|-|-|DOK|-|-|-	2017	-	-	host	Sus scrofa	-	Italy	-	MN123947	MN123952	MN123948	MN123953	MN123949	MN123950	MN123951
D/bovine/Mississippi/C00040P/2014	-	-	D660	-|-|-|D660|-|-|-	2014	FEB	19	host	Bos taurus	nasopharyngeal swab	USA	-	MT511388	MT511389	MT511390	MT511391	MT511392	MT511393	MT511394
D/bovine/Italy/78668/2019	-	-	D660	-|-|-|D660|-|-|-	2019	-	-	host	Bos taurus	-	Italy	-	MN123905	MN123910	MN123906	MN123911	MN123907	MN123908	MN123909
D/bovine/Mississippi/C00020N/2014	-	-	DOK	-|-|-|DOK|-|-|-	2014	FEB	7	host	Bos taurus	nasal swab	USA	-	MT511457	MT511458	MT511459	MT511460	MT511461	MT511462	MT511463
D/bovine/Denmark/5195604790-5/2019	-	-	DOK	-|-|-|DOK|-|-|-	2019	FEB	20	host	Bos taurus	nasal swab	Denmark	-	OM468190	OM468212	OM468225	OM468245	OM468261	OM468272	OM468284
D/bovine/Italy/117140/2019	-	-	D660	-|-|-|D660|-|-|-	2019	-	-	host	Bos taurus	-	Italy	-	MT349648	MT349649	MT349651	MT349654	MT349653	MT349650	MT349652
D/bovine/Italy/40574/2018	-	-	DOK	-|-|-|DOK|-|-|-	2018	-	-	host	Bos taurus	-	Italy	-	MN165203	MN165204	MN165206	MN165209	MN165208	MN165205	MN165207
D/bovine/Mississippi/C00013N/2014	-	-	D660	-|-|-|D660|-|-|-	2014	FEB	7	host	Bos taurus	nasal swab	USA	-	MT511506	MT511507	MT511508	KT581416	MT511509	MT511510	MT511511
D/bovine/Italy/17VIR1851/2016	-	-	DOK	-|-|-|DOK|-|-|-	2016	OCT	26	host	Bos taurus	-	Italy	-	MK965373	MK965363	MK965321	MK965257	MK965279	MK965342	MK965300
D/bovine/Jilin/HY11/2023	-	-	-	-|-|-|-|-|-|-	2023	OCT	17	host	Bos taurus	nasal swabs	China	-	OR880343	OR880342	OR880340	OR880337	OR880338	OR880341	OR880339
D/bovine/Italy/287448/2015	-	-	DOK	-|-|-|DOK|-|-|-	2015	-	-	host	Bos taurus	-	Italy	-	MZ264973	MZ264978	MZ264974	MZ264979	MZ264975	MZ264976	MZ264977
D/bovine/Texas/72/2017	-	-	-	-|-|-|-|-|-|-	2017	-	-	host	Bos taurus	-	USA	-	MT636470	MT636471	MT636472	MT636473	MT636474	MT636475	MT636476
D/bovine/Utah/9/2019	-	-	-	-|-|-|-|-|-|-	2019	JAN	9	host	Bos taurus	sick bovine's nasal swab	USA	-	MW079430	MW079437	MW079451	MW079472	MW079465	MW079444	MW079458
D/bovine/Mississippi/C00165N/2015	-	-	DOK	-|-|-|DOK|-|-|-	2015	JAN	17	host	Bos taurus	nasal swab	USA	-	MT511533	MT511534	MT511535	MT511536	MT511537	MT511538	MT511539
D/bovine/Italy/108524/2018	-	-	DOK	-|-|-|DOK|-|-|-	2018	-	-	host	Bos taurus	-	Italy	-	MN165251	MN165252	MN165254	MN165257	MN165256	MN165253	MN165255
D/bovine/Mississippi/C00067N/2014	-	-	DOK	-|-|-|DOK|-|-|-	2014	APR	2	host	Bos taurus	nasal swab	USA	-	MT511478	MT511479	MT511480	MT511481	MT511482	MT511483	MT511484
D/bovine/Mississippi/C00186N/2015	-	-	DOK	-|-|-|DOK|-|-|-	2015	JUL	24	host	Bos taurus	nasal swab	USA	-	MT511499	MT511500	MT511501	MT511502	MT511503	MT511504	MT511505
D/bovine/Italy/131159/2017	-	-	DOK	-|-|-|DOK|-|-|-	2017	-	-	host	Bos taurus	-	Italy	-	MT349621	MT349622	MT349624	MT349627	MT349626	MT349623	MT349625
D/bovine/Italy/37431/2018	-	-	DOK	-|-|-|DOK|-|-|-	2018	-	-	host	Bos taurus	-	Italy	-	MT349536	MT349537	MT349539	MT349542	MT349541	MT349538	MT349540
D/bovine/Michigan/0377/2019	-	-	-	-|-|-|-|-|-|-	2019	FEB	1	host	Bos taurus	-	USA	-	MW632171	MW632172	MW632173	MW632174	MW632175	MW632176	MW632177
D/bovine/Mississippi/C00030P/2014	-	-	DOK	-|-|-|DOK|-|-|-	2014	FEB	19	host	Bos taurus	nasopharyngeal swab	USA	-	MT511368	MT511369	MT511370	KT581418	MT511371	MT511372	MT511373
D/bovine/Quebec/4Q-J20/2020	-	-	-	-|-|-|-|-|-|-	2020	-	-	host	Bos taurus	-	Canada	-	MT246299	MT246298	MT246297	MT246296	MT246295	MT246294	MT246293
D/bovine/Italy/300771/2017	-	-	DOK	-|-|-|DOK|-|-|-	2017	-	-	host	Bos taurus	-	Italy	-	MT349572	MT349573	MT349575	MT349578	MT349577	MT349574	MT349576
D/bovine/Mississippi/C00009P/2014	-	-	D660	-|-|-|D660|-|-|-	2014	FEB	7	host	Bos taurus	nasopharyngeal swab	USA	-	MT511526	MT511527	MT511528	MT511529	MT511530	MT511531	MT511532
D/bovine/Mississippi/C00017N/2014	-	-	DOK	-|-|-|DOK|-|-|-	2014	FEB	7	host	Bos taurus	nasal swab	USA	-	MT511381	MT511382	MT511383	MT511384	MT511385	MT511386	MT511387
D/bovine/Italy/28145/2019	-	-	D660	-|-|-|D660|-|-|-	2019	-	-	host	Bos taurus	-	Italy	-	MN123862	MN123958	MN123954	MN123959	MN123955	MN123956	MN123957
D/bovine/Quebec/3M-B/2020	-	-	-	-|-|-|-|-|-|-	2020	-	-	host	Bos taurus	-	Canada	-	MT246292	MT246291	MT246290	MT246289	MT246288	MT246287	MT246286
D/bovine/Italy/144136/2018	-	-	DOK	-|-|-|DOK|-|-|-	2018	-	-	host	Bos taurus	-	Italy	-	MT349607	MT349608	MT349610	MT349613	MT349612	MT349609	MT349611
D/bovine/Italy/50543-3/2018	-	-	DOK	-|-|-|DOK|-|-|-	2018	-	-	host	Bos taurus	-	Italy	-	MN165189	MN165190	MN165192	MN165195	MN165194	MN165191	MN165193
D/bovine/Italy/3525/2018	-	-	DOK	-|-|-|DOK|-|-|-	2018	-	-	host	Bos taurus	-	Italy	-	MN165217	MN165218	MN165220	MN165223	MN165222	MN165219	MN165221
D/bovine/Italy/407865/2018	-	-	D660	-|-|-|D660|-|-|-	2018	-	-	host	Bos taurus	-	Italy	-	MN123926	MN123931	MN123927	MN123932	MN123928	MN123929	MN123930
D/bovine/Quebec/5E-H/2018	-	-	-	-|-|-|-|-|-|-	2018	-	-	host	Bos taurus	-	Canada	-	MT246272	MT246271	MT246270	MT246269	MT246268	MT246267	MT246266
D/bovine/South Dakota/9251/2020	-	-	-	-|-|-|-|-|-|-	2020	FEB	3	host	Bos taurus	lung	USA	-	OR126149	OR126147	OR126151	OR126154	OR126157	OR126160	OR126162
D/bovine/Denmark/5224403563-5/2019	-	-	DOK	-|-|-|DOK|-|-|-	2019	APR	24	host	Bos taurus	nasal swab	Denmark	-	OM468191	OM468213	OM468223	OM468244	OM468262	OM468271	OM468285
D/swine/Italy/18VIR6833/2015	-	-	DOK	-|-|-|DOK|-|-|-	2015	-	-	host	Sus scrofa	-	Italy	-	MK965388	MK965372	MK965341	MK965278	MK965299	MK965343	MK965320
D/bovine/Denmark/1173303525-4/2019	-	-	DOK	-|-|-|DOK|-|-|-	2019	APR	5	host	Bos taurus	nasal swab	Denmark	-	OM468187	OM468207	OM468226	OM468242	OM468254	OM468267	OM468282
D/bovine/Denmark/4559602762-5/2019	-	-	DOK	-|-|-|DOK|-|-|-	2019	JAN	15	host	Bos taurus	nasal swab	Denmark	-	OM468196	OM468211	OM468218	OM468240	OM468258	OM468274	OM468290
D/bovine/Italy/94269-2/2019	-	-	D660	-|-|-|D660|-|-|-	2019	-	-	host	Bos taurus	-	Italy	-	MT349510	MT349511	MT349513	MT349516	MT349515	MT349512	MT349514
D/bovine/Mississippi/C00002N/2014	-	-	D660	-|-|-|D660|-|-|-	2014	FEB	7	host	Bos taurus	nasal swab	USA	-	MT511416	MT511417	MT511418	MT511419	MT511420	MT511421	MT511422
D/bovine/Italy/3907772/2018	-	-	D660	-|-|-|D660|-|-|-	2018	-	-	host	Bos taurus	-	Italy	-	MN123919	MN123924	MN123920	MN123925	MN123921	MN123922	MN123923
D/bovine/Italy/4128547/2018	-	-	DOK	-|-|-|DOK|-|-|-	2018	-	-	host	Bos taurus	-	Italy	-	MN165196	MN165197	MN165199	MN165202	MN165201	MN165198	MN165200
D/bovine/Denmark/3727003200-7/2020	-	-	D660	-|-|-|D660|-|-|-	2020	MAR	12	host	Bos taurus	nasal swab	Denmark	-	OM468197	OM468214	OM468229	OM468233	OM468252	OM468277	OM468292
D/bovine/Italy/358240/2017	-	-	DOK	-|-|-|DOK|-|-|-	2017	-	-	host	Bos taurus	-	Italy	-	MT349546	MT349547	MT349549	MT349552	MT349551	MT349548	MT349550
D/bovine/Denmark/6171103755-1/2019	-	-	DOK	-|-|-|DOK|-|-|-	2019	FEB	6	host	Bos taurus	nasal swab	Denmark	-	OM468189	OM468201	OM468224	OM468243	OM468260	OM468270	OM468297
D/bovine/Italy/17RS397-3/2017	-	-	DOK	-|-|-|DOK|-|-|-	2017	FEB	6	host	Bos taurus	-	Italy	-	MK965386	MK965370	MK965339	MK965264	MK965297	MK965361	MK965318
D/bovine/Italy/30787/2017	-	-	DOK	-|-|-|DOK|-|-|-	2017	-	-	host	Bos taurus	-	Italy	-	MN123876	MN123875	MN123873	MT349571	MN123871	MN123874	MN123872
D/bovine/Mississippi/C00007N/2014	-	-	D660	-|-|-|D660|-|-|-	2014	FEB	7	host	Bos taurus	nasal swab	USA	-	MT511409	MT511410	MT511411	MT511412	MT511413	MT511414	MT511415
D/bovine/Italy/345075/2018	-	-	D660	-|-|-|D660|-|-|-	2018	-	-	host	Bos taurus	-	Italy	-	MN123912	MN123917	MN123913	MN123918	MN123914	MN123915	MN123916
D/bovine/Italy/38955/2019	-	-	D660	-|-|-|D660|-|-|-	2019	-	-	host	Bos taurus	-	Italy	-	MN123884	MN123889	MN123885	MN123890	MN123886	MN123887	MN123888
D/swine/Oklahoma/1334/2011	-	-	DOK	-|-|-|DOK|-|-|-	2011	MAR	21	host	Sus scrofa	-	USA	-	JQ922305	JQ922306	JQ922307	JQ922308	JQ922309	JQ922310	JQ922311
D/bovine/Mississippi/C00196N/2015	-	-	DOK	-|-|-|DOK|-|-|-	2015	JUL	24	host	Bos taurus	nasal swab	USA	-	MT511374	MT511375	MT511376	MT511377	MT511378	MT511379	MT511380
D/bovine/California/1908/2019	-	-	-	-|-|-|-|-|-|-	2019	-	-	host	Bos taurus	-	USA	-	MW020319	MW020320	MW020321	MW020322	MW020323	MW020324	MW020325
D/bovine/Italy/13882-2/2017	-	-	DOK	-|-|-|DOK|-|-|-	2017	-	-	host	Bos taurus	-	Italy	-	MT349614	MT349615	MT349617	MT349620	MT349619	MT349616	MT349618
D/bovine/Mississippi/C00004N/2014	-	-	DOK	-|-|-|DOK|-|-|-	2014	FEB	19	host	Bos taurus	nasal swab	USA	-	MT511423	MT511424	MT511425	MT511426	MT511427	MT511428	MT511429
D/bovine/California/0363/2019	-	-	-	-|-|-|-|-|-|-	2019	-	-	host	Bos taurus	-	USA	-	MW020305	MW020306	MW020307	MW020308	MW020309	MW020310	MW020311
D/bovine/Mississippi/C00200N/2015	-	-	DOK	-|-|-|DOK|-|-|-	2015	JUL	24	host	Bos taurus	nasal swab	USA	-	MT511395	MT511396	MT511397	MT511398	MT511399	MT511400	MT511401
D/bovine/Italy/31525/2018	-	-	DOK	-|-|-|DOK|-|-|-	2018	-	-	host	Bos taurus	-	Italy	-	MK131029	MK131034	MK131030	MK131035	MK131031	MK131032	MK131033
D/bovine/Italy/188812-1/2017	-	-	DOK	-|-|-|DOK|-|-|-	2017	-	-	host	Bos taurus	-	Italy	-	MT349579	MT349580	MT349582	MT349585	MT349584	MT349581	MT349583
D/bovine/Mississippi/C00162N/2015	-	-	DOK	-|-|-|DOK|-|-|-	2015	JAN	9	host	Bos taurus	nasal swab	USA	-	MT511492	MT511493	MT511494	MT511495	MT511496	MT511497	MT511498
D/bovine/Denmark/5195604714-5/2019	-	-	DOK	-|-|-|DOK|-|-|-	2019	JAN	15	host	Bos taurus	nasal swab	Denmark	-	OM468195	OM468210	OM468221	OM468238	OM468255	OM468276	OM468289
D/bovine/Italy/15RS1509-14/2015	-	-	DOK	-|-|-|DOK|-|-|-	2015	SEP	10	host	Bos taurus	-	Italy	-	MK965387	MK965371	MK965340	MK965277	MK965298	MK965362	MK965319
D/bovine/Italy/344278/2017	-	-	DOK	-|-|-|DOK|-|-|-	2017	-	-	host	Bos taurus	-	Italy	-	MT349554	MT349559	MT349561	MT349564	MT349563	MT349560	MT349562
D/bovine/Kansas/26/2019	-	-	-	-|-|-|-|-|-|-	2019	APR	16	host	Bos taurus	sick bovine's nasal swab	USA	-	MW079433	MW079440	MW079454	MW079475	MW079468	MW079447	MW079461
D/bovine/California/1490/2018	-	-	-	-|-|-|-|-|-|-	2018	NOV	1	host	Bos taurus	-	USA	-	MW632178	MW632179	MW632180	MW632181	MW632182	MW632183	MW632184
D/bovine/Denmark/3313408142-6/2020	-	-	DOK	-|-|-|DOK|-|-|-	2020	JAN	8	host	Bos taurus	nasal swab	Denmark	-	OM468186	OM468206	OM468228	OM468241	OM468264	OM468266	OM468286
D/bovine/Italy/28300/2019	-	-	D660	-|-|-|D660|-|-|-	2019	-	-	host	Bos taurus	-	Italy	-	MN123863	MN123868	MN123864	MN123869	MN123865	MN123866	MN123867
D/bovine/Mississippi/C00037P/2014	-	-	D660	-|-|-|D660|-|-|-	2014	FEB	19	host	Bos taurus	nasopharyngeal swab	USA	-	MT511333	MT511334	MT511335	MT511336	MT511337	MT511338	MT511339
D/bovine/Denmark/5246407608-2/2019	-	-	DOK	-|-|-|DOK|-|-|-	2019	MAR	1	host	Bos taurus	nasal swab	Denmark	-	OM468185	OM468202	OM468217	OM468246	OM468253	OM468265	OM468283
D/bovine/Mississippi/C00165P/2015	-	-	DOK	-|-|-|DOK|-|-|-	2015	JAN	17	host	Bos taurus	nasopharyngeal swab	USA	-	MT511471	MT511472	MT511473	MT511474	MT511475	MT511476	MT511477
D/bovine/Italy/12002-1/2018	-	-	DOK	-|-|-|DOK|-|-|-	2018	-	-	host	Bos taurus	-	Italy	-	MN165244	MN165245	MN165247	MN165250	MN165249	MN165246	MN165248
D/bovine/South Dakota/1923830/2019	-	-	-	-|-|-|-|-|-|-	2019	NOV	21	host	Bos taurus	lung	USA	-	OR126148	OR126146	OR126150	OR126153	OR126156	OR126159	OR126161
D/bovine/Italy/776951/2018	-	-	D660	-|-|-|D660|-|-|-	2018	-	-	host	Bos taurus	-	Italy	-	MN123940	MN123945	MN123941	MN123946	MN123942	MN123943	MN123944
D/bovine/Italy/20749/2018	-	-	DOK	-|-|-|DOK|-|-|-	2018	-	-	host	Bos taurus	-	Italy	-	MN165224	MN165225	MN165227	MN165230	MN165229	MN165226	MN165228
D/bovine/Quebec/1M-H/2019	-	-	-	-|-|-|-|-|-|-	2019	-	-	host	Bos taurus	-	Canada	-	MT246279	MT246278	MT246277	MT246276	MT246275	MT246274	MT246273
D/bovine/Italy/18RS182-13/2017	-	-	DOK	-|-|-|DOK|-|-|-	2017	DEC	19	host	Bos taurus	-	Italy	-	MK965374	MK965364	MK965327	MK965268	MK965282	MK965349	MK965303
D/bovine/Italy/35490/2019	-	-	D660	-|-|-|D660|-|-|-	2019	-	-	host	Bos taurus	-	Italy	-	MN123877	MN123882	MN123878	MN123883	MN123879	MN123880	MN123881
D/bovine/Italy/56649-11/2018	-	-	DOK	-|-|-|DOK|-|-|-	2018	-	-	host	Bos taurus	-	Italy	-	MN123933	MN123938	MN123934	MN123939	MN123935	MN123936	MN123937
D/bovine/France/B8D/2018	-	-	DOK	-|-|-|DOK|-|-|-	2018	FEB	28	host	Bos taurus	nasal swab	France	-	-	-	-	ON038781	-	-	-
D/bovine/France/B14D/2018	-	-	DOK	-|-|-|DOK|-|-|-	2018	FEB	28	host	Bos taurus	nasal swab	France	-	-	-	-	ON038782	-	-	-
D/bovine/Italy/34471/2017	-	-	-	-|-|-|-|-|-|-	2017	-	-	host	Bos taurus	-	Italy	-	MT349553	MT349555	-	-	-	-	-
D/swine/Guangdong/NN13/2017	-	-	DOK	-|-|-|DOK|-|-|-	2017	MAR	23	host	Sus scrofa	-	China	-	-	-	-	MH315965	-	-	-
D/bovine/South Dakota/1925152/2019	-	-	-	-|-|-|-|-|-|-	2019	DEC	18	host	Bos taurus	lung	USA	-	-	-	OR126152	OR126155	OR126158	-	-
D/bovine/France/O-EA23D/2018	-	-	-	-|-|-|-|-|-|-	2018	FEB	28	host	Bos taurus	nasal swab	France	-	ON038796	ON038816	ON038837	-	ON038858	ON038879	ON038900
D/bovine/Pakistan/Pak-08/2024	-	-	DOK	-|-|-|DOK|-|-|-	2024	-	-	host	Bos taurus	nasal swab	Pakistan	-	-	-	-	PP763080	-	-	-
D/bovine/France/O-EB19/2018	-	-	-	-|-|-|-|-|-|-	2018	FEB	28	host	Bos taurus	nasal swab	France	-	ON038800	ON038820	ON038841	-	ON038862	ON038883	ON038904
D/swine/Guangdong/YS1/2016	-	-	DOK	-|-|-|DOK|-|-|-	2016	NOV	11	host	Sus scrofa	-	China	-	-	-	-	KY441104	-	-	-
D/bovine/Guangdong/SQ/2018	-	-	DOK	-|-|-|DOK|-|-|-	2018	MAR	10	host	Bos taurus	-	China	-	-	-	-	MH315968	-	-	-
D/bovine/France/O-EB31/2018	-	-	-	-|-|-|-|-|-|-	2018	FEB	28	host	Bos taurus	nasal swab	France	-	ON038807	ON038827	ON038848	-	ON038869	ON038890	ON038911
D/bovine/Guangdong/YC/2017	-	-	DOK	-|-|-|DOK|-|-|-	2017	MAR	23	host	Bos taurus	-	China	-	-	-	-	MH315970	-	-	-
D/bovine/Guangdong/QQ7/2016	-	-	DOK	-|-|-|DOK|-|-|-	2016	MAY	20	host	Bos taurus	-	China	-	-	-	-	KY441116	-	-	-
D/bovine/France/O-EB13D/2018	-	-	-	-|-|-|-|-|-|-	2018	FEB	28	host	Bos taurus	nasal swab	France	-	ON038797	ON038817	ON038838	-	ON038859	ON038880	ON038902
D/bovine/France/B34/2018	-	-	DOK	-|-|-|DOK|-|-|-	2018	FEB	28	host	Bos taurus	nasal swab	France	-	-	-	-	ON038791	-	-	-
D/bovine/France/B13D/2018	-	-	DOK	-|-|-|DOK|-|-|-	2018	FEB	28	host	Bos taurus	nasal swab	France	-	-	-	-	ON038784	-	-	-
D/bovine/Kirklareli/2202-15/2021	-	-	DOK	-|-|-|DOK|-|-|-	2021	FEB	22	host	Bos taurus	-	Turkey	-	-	-	-	PP574424	-	-	-
D/bovine/France/O-EB8D/2018	-	-	-	-|-|-|-|-|-|-	2018	FEB	28	host	Bos taurus	nasal swab	France	-	ON038814	ON038835	ON038856	-	ON038877	ON038898	ON038919
D/bovine/Guangdong/RS1/2016	-	-	DOK	-|-|-|DOK|-|-|-	2016	MAR	25	host	Bos taurus	-	China	-	-	-	-	KY441119	-	-	-
D/swine/Guangdong/PS1/2016	-	-	DOK	-|-|-|DOK|-|-|-	2016	OCT	9	host	Sus scrofa	-	China	-	-	-	-	KY441108	-	-	-
D/bovine/France/O-EB22D/2018	-	-	-	-|-|-|-|-|-|-	2018	FEB	28	host	Bos taurus	nasal swab	France	-	ON038804	ON038824	ON038845	-	ON038866	ON038886	ON038908
D/bovine/Kirklareli/403-10/2020	-	-	DOK	-|-|-|DOK|-|-|-	2020	DEC	28	host	Bos taurus	nasal swab	Turkey	-	-	-	-	PP297653	-	-	-
D/bovine/France/B33/2018	-	-	DOK	-|-|-|DOK|-|-|-	2018	FEB	28	host	Bos taurus	nasal swab	France	-	-	-	-	ON038790	-	-	-
D/bovine/Italy/16RS483-3/2016	-	-	DOK	-|-|-|DOK|-|-|-	2016	MAR	14	host	Bos taurus	-	Italy	-	-	-	-	MK965260	-	-	-
D/bovine/Pakistan/Pak-01/2023	-	-	DOK	-|-|-|DOK|-|-|-	2023	-	-	host	Bos taurus	nasal swab	Pakistan	-	-	-	-	PP763073	-	-	-
D/bovine/Italy/32965/2021	-	-	D660	-|-|-|D660|-|-|-	2021	-	-	host	Bos taurus	-	Italy	-	-	-	-	ON166839	-	-	-
D/bovine/Bursa/ET-130/2013	-	-	DOK	-|-|-|DOK|-|-|-	2013	-	-	host	Bos taurus	nasal swab	Turkey	-	-	-	-	OP353622	-	-	-
D/bovine/Ireland/082301/2014	-	-	DOK	-|-|-|DOK|-|-|-	2014	-	-	host	Bos taurus	-	Ireland	-	-	-	-	KY992091	-	KY992096	-
D/bovine/Kirklareli/2202-4/2021	-	-	DOK	-|-|-|DOK|-|-|-	2021	FEB	22	host	Bos taurus	nasal swab	Turkey	-	-	-	-	PP832904	-	-	-
D/bovine/Kirklareli/5950/2024	-	-	-	-|-|-|-|-|-|-	2024	MAR	3	host	Bos taurus	nasal swab	Turkey	-	-	-	-	PP825809	-	-	-
D/bovine/Italy/132550/2021	-	-	D660	-|-|-|D660|-|-|-	2021	-	-	host	Bos taurus	-	Italy	-	-	-	-	ON166840	-	-	-
D/swine/Guangdong/P8/2016	-	-	DOK	-|-|-|DOK|-|-|-	2016	OCT	8	host	Sus scrofa	-	China	-	-	-	-	KY441106	-	-	-
D/bovine/France/B39D/2018	-	-	DOK	-|-|-|DOK|-|-|-	2018	FEB	28	host	Bos taurus	nasal swab	France	-	-	-	-	ON038788	-	-	-
D/bovine/Italy/18RS182-4/2017	-	-	DOK	-|-|-|DOK|-|-|-	2017	APR	3	host	Bos taurus	-	Italy	-	-	-	MK965331	MK965274	MK965286	MK965353	MK965307
D/bovine/Pennsylvania/321/2017	-	-	D660	-|-|-|D660|-|-|-	2017	OCT	16	host	Bos taurus	nasal swab	USA	-	-	-	-	MH785021	-	MH785020	MH785019
D/bovine/Pakistan/Pak-07/2023	-	-	DOK	-|-|-|DOK|-|-|-	2023	-	-	host	Bos taurus	nasal swab	Pakistan	-	-	-	-	PP763079	-	-	-
D/bovine/Ireland/007780/2014	-	-	-	-|-|-|-|-|-|-	2014	-	-	host	Bos taurus	-	Ireland	-	-	-	-	KY992090	-	KY992095	-
D/bovine/Guangdong/25969/2017	-	-	DOK	-|-|-|DOK|-|-|-	2017	MAR	23	host	Bos taurus	-	China	-	-	-	-	MH315969	-	-	-
D/bovine/Italy/7368/2022	-	-	-	-|-|-|-|-|-|-	2022	-	-	host	Bos taurus	-	Italy	-	-	-	-	ON166842	-	-	-
D/swine/Guangdong/P14/2016	-	-	DOK	-|-|-|DOK|-|-|-	2016	OCT	8	host	Sus scrofa	-	China	-	-	-	-	KY441107	-	-	-
D/bovine/Italy/344734/2021	-	-	D660	-|-|-|D660|-|-|-	2021	-	-	host	Bos taurus	-	Italy	-	-	-	-	ON166841	-	-	-
D/bovine/Kirklareli/5882/2024	-	-	-	-|-|-|-|-|-|-	2024	MAR	3	host	Bos taurus	nasal swab	Turkey	-	-	-	-	PP825810	-	-	-
D/bovine/Brazil/5058/2020	-	-	-	-|-|-|-|-|-|-	2020	MAY	1	host	Bos taurus	nasal swab	Brazil	-	-	OK648461	OK648462	OK648460	OK648463	OK648464	-
D/bovine/France/O-EB24D/2018	-	-	-	-|-|-|-|-|-|-	2018	FEB	28	host	Bos taurus	nasal swab	France	-	ON038806	ON038826	ON038847	-	ON038868	ON038889	ON038910
D/bovine/France/C3/2018	-	-	DOK	-|-|-|DOK|-|-|-	2018	MAR	12	host	Bos taurus	nasal swab	France	-	-	-	-	ON038936	-	-	-
D/bovine/France/B38D/2018	-	-	DOK	-|-|-|DOK|-|-|-	2018	FEB	28	host	Bos taurus	nasal swab	France	-	-	-	-	ON038793	-	-	-
D/bovine/Pakistan/Pak-03/2023	-	-	-	-|-|-|-|-|-|-	2023	-	-	host	Bos taurus	nasal swab	Pakistan	-	-	-	-	PP763075	-	-	-
D/bovine/France/O-EB33/2018	-	-	-	-|-|-|-|-|-|-	2018	FEB	28	host	Bos taurus	nasal swab	France	-	ON038809	ON038829	ON038850	-	ON038871	ON038892	ON038913
D/bovine/Pakistan/Pak-05/2023	-	-	DOK	-|-|-|DOK|-|-|-	2023	-	-	host	Bos taurus	nasal swab	Pakistan	-	-	-	-	PP763077	-	-	-
D/bovine/Italy/60797/2017	-	-	-	-|-|-|-|-|-|-	2017	-	-	host	Bos taurus	-	Italy	-	MT349531	MT349532	MT349533	-	MT349535	-	MT349534
D/bovine/Kirklareli/2202-16/2021	-	-	DOK	-|-|-|DOK|-|-|-	2021	FEB	22	host	Bos taurus	nasal swab	Turkey	-	-	-	-	PP574425	-	-	-
D/bovine/France/O-EB14D/2018	-	-	-	-|-|-|-|-|-|-	2018	FEB	28	host	Bos taurus	nasal swab	France	-	ON038798	ON038818	ON038839	-	ON038860	ON038881	-
D/bovine/Jilin/HY15/2023	-	-	-	-|-|-|-|-|-|-	2023	OCT	17	host	Bos taurus	nasal swabs	China	-	-	-	-	OR880344	-	-	-
D/bovine/Guangdong/NS1/2016	-	-	DOK	-|-|-|DOK|-|-|-	2016	MAR	16	host	buffalo	-	China	-	-	-	-	KY441118	-	-	-
D/bovine/Guangdong/LG9/2016	-	-	DOK	-|-|-|DOK|-|-|-	2016	APR	15	host	Bos taurus	-	China	-	-	-	-	KY441113	-	-	-
D/bovine/Italy/18RS182-8/2017	-	-	DOK	-|-|-|DOK|-|-|-	2017	AUG	22	host	Bos taurus	-	Italy	-	-	-	MK965333	MK965276	MK965288	MK965355	MK965309
D/bovine/France/A13/2018	-	-	DOK	-|-|-|DOK|-|-|-	2018	FEB	28	host	Bos taurus	nasal swab	France	-	-	-	-	ON038774	-	-	-
D/bovine/France/O-EB32/2018	-	-	-	-|-|-|-|-|-|-	2018	FEB	28	host	Bos taurus	nasal swab	France	-	ON038808	ON038828	ON038849	-	ON038870	ON038891	ON038912
D/bovine/Guangdong/LG2/2016	-	-	DOK	-|-|-|DOK|-|-|-	2016	APR	15	host	Bos taurus	-	China	-	-	-	-	KY441111	-	-	-
D/bovine/Italy/18RS182-12/2017	-	-	DOK	-|-|-|DOK|-|-|-	2017	DEC	1	host	Bos taurus	-	Italy	-	-	-	MK965326	MK965267	MK965281	MK965348	MK965302
D/bovine/Italy/18RS182-18/2018	-	-	DOK	-|-|-|DOK|-|-|-	2018	JAN	19	host	Bos taurus	-	Italy	-	MK965380	-	MK965324	MK965272	MK965291	MK965346	MK965312
D/bovine/France/O-EB20/2018	-	-	-	-|-|-|-|-|-|-	2018	FEB	28	host	Bos taurus	nasal swab	France	-	ON038801	ON038821	ON038842	-	ON038863	ON038884	ON038905
D/wildbeest/Namibia/W123/2020	-	-	-	-|-|-|-|-|-|-	2020	-	-	host	Connochaetes taurinus	nasal swab	Namibia	-	-	-	-	OK513029	-	-	-
D/bovine/France/A31/2018	-	-	DOK	-|-|-|DOK|-|-|-	2018	FEB	28	host	Bos taurus	nasal swab	France	-	-	-	-	ON038775	-	-	-
D/bovine/Italy/11213/2021	-	-	D660	-|-|-|D660|-|-|-	2021	-	-	host	Bos taurus	-	Italy	-	-	-	-	ON166834	-	-	-
D/bovine/Italy/18RS182-10/2017	-	-	DOK	-|-|-|DOK|-|-|-	2017	OCT	10	host	Bos taurus	-	Italy	-	-	-	MK965325	MK965266	MK965280	MK965347	MK965301
D/bovine/Italy/18RS182-14/2017	-	-	DOK	-|-|-|DOK|-|-|-	2017	DEC	18	host	Bos taurus	-	Italy	-	MK965375	-	MK965328	MK965269	MK965283	MK965350	MK965304
D/bovine/Quebec/3E-H/2018	-	-	D660	-|-|-|D660|-|-|-	2018	-	-	host	Bos taurus	-	Canada	-	MT246285	MT246284	MT246283	MT246282	-	MT246281	MT246280
D/bovine/Italy/12825/2017	-	-	DOK	-|-|-|DOK|-|-|-	2017	-	-	host	Bos taurus	-	Italy	-	MT349628	-	MT349631	MT349634	MT349633	MT349630	MT349632
D/caprine/Guangdong/JK1/2016	-	-	DOK	-|-|-|DOK|-|-|-	2016	JUL	5	host	Capra hircus	-	China	-	-	-	-	KY441122	-	-	-
D/bovine/France/B22D/2018	-	-	DOK	-|-|-|DOK|-|-|-	2018	FEB	28	host	Bos taurus	nasal swab	France	-	-	-	-	ON038794	-	-	-
D/bovine/France/B23D/2018	-	-	DOK	-|-|-|DOK|-|-|-	2018	FEB	28	host	Bos taurus	nasal swab	France	-	-	-	-	ON038786	-	-	-
D/bovine/Italy/18RS182-3/2017	-	-	DOK	-|-|-|DOK|-|-|-	2017	MAR	20	host	Bos taurus	-	Italy	-	MK965376	-	MK965330	MK965273	MK965285	MK965352	MK965306
D/bovine/France/O-EB18D/2018	-	-	-	-|-|-|-|-|-|-	2018	FEB	28	host	Bos taurus	nasal swab	France	-	ON038799	ON038819	ON038840	-	ON038861	ON038882	ON038903
D/bovine/Guangdong/RS4/2016	-	-	DOK	-|-|-|DOK|-|-|-	2016	MAR	25	host	Bos taurus	-	China	-	-	-	-	KY441120	-	-	-
D/bovine/Guangdong/SK/2018	-	-	DOK	-|-|-|DOK|-|-|-	2018	APR	15	host	Bos taurus	-	China	-	-	-	-	MH315967	-	-	-
D/bovine/France/B24D/2018	-	-	DOK	-|-|-|DOK|-|-|-	2018	FEB	28	host	Bos taurus	nasal swab	France	-	-	-	-	ON038792	-	-	-
D/bovine/France/O-EB23D/2018	-	-	-	-|-|-|-|-|-|-	2018	FEB	28	host	Bos taurus	nasal swab	France	-	ON038805	ON038825	ON038846	-	ON038867	ON038888	ON038909
D/bovine/Guangdong/QQ4/2016	-	-	DOK	-|-|-|DOK|-|-|-	2016	MAY	20	host	Bos taurus	-	China	-	-	-	-	KY441115	-	-	-
D/bovine/Italy/17936/2017	-	-	DOK	-|-|-|DOK|-|-|-	2017	-	-	host	Bos taurus	-	Italy	-	MT349586	MT349587	MT349589	MT349592	MT349591	MT349588	-
D/bovine/France/B19/2018	-	-	DOK	-|-|-|DOK|-|-|-	2018	FEB	28	host	Bos taurus	nasal swab	France	-	-	-	-	ON038778	-	-	-
D/bovine/France/B20/2018	-	-	DOK	-|-|-|DOK|-|-|-	2018	FEB	28	host	Bos taurus	nasal swab	France	-	-	-	-	ON038780	-	-	-
D/bovine/France/A23D/2018	-	-	DOK	-|-|-|DOK|-|-|-	2018	FEB	28	host	Bos taurus	nasal swab	France	-	-	-	-	ON038776	-	-	-
D/bovine/Denmark/47398-3622/2015	-	-	DOK	-|-|-|DOK|-|-|-	2015	NOV	3	host	Bos taurus	bronchoalveolar lavage	Denmark	-	-	-	-	OM468296	-	-	-
D/bovine/Pakistan/Pak-04/2023	-	-	DOK	-|-|-|DOK|-|-|-	2023	-	-	host	Bos taurus	nasal swab	Pakistan	-	-	-	-	PP763076	-	-	-
D/bovine/Italy/16RS2581-9/2016	-	-	DOK	-|-|-|DOK|-|-|-	2016	DEC	29	host	Bos taurus	-	Italy	-	MK965382	-	MK965335	MK965259	MK965293	MK965357	MK965314
D/bovine/Pakistan/Pak-06/2023	-	-	DOK	-|-|-|DOK|-|-|-	2023	-	-	host	Bos taurus	nasal swab	Pakistan	-	-	-	-	PP763078	-	-	-
D/bovine/Italy/27054-2/2020	-	-	D660	-|-|-|D660|-|-|-	2020	-	-	host	Bos taurus	-	Italy	-	-	-	-	ON166836	-	-	-
D/bovine/France/O-EA31/2018	-	-	-	-|-|-|-|-|-|-	2018	FEB	28	host	Bos taurus	nasal swab	France	-	-	-	-	-	-	-	ON038901
D/bovine/Luxembourg/0003/2018	-	-	-	-|-|-|-|-|-|-	2018	-	-	host	Sus scrofa	nasal swab	Luxembourg	-	ON038920	ON038922	ON038924	-	-	ON038929	-
D/bovine/France/O-EB21D/2018	-	-	-	-|-|-|-|-|-|-	2018	FEB	28	host	Bos taurus	nasal swab	France	-	ON038803	ON038823	ON038844	-	ON038865	ON038885	ON038907
D/swine/Guangdong/YS2/2016	-	-	DOK	-|-|-|DOK|-|-|-	2016	NOV	11	host	Sus scrofa	-	China	-	-	-	-	KY441105	-	-	-
D/bovine/France/O-EB38D/2018	-	-	-	-|-|-|-|-|-|-	2018	FEB	28	host	Bos taurus	nasal swab	France	-	ON038811	ON038832	ON038853	-	ON038874	ON038895	ON038916
D/bovine/Italy/27930/2022	-	-	-	-|-|-|-|-|-|-	2022	-	-	host	Bos taurus	-	Italy	-	-	-	-	ON166843	-	-	-
D/bovine/Jilin/HY19/2023	-	-	-	-|-|-|-|-|-|-	2023	OCT	17	host	Bos taurus	nasal swabs	China	-	-	-	-	OR880345	-	-	-
D/bovine/Ireland/023638/2016	-	-	DOK	-|-|-|DOK|-|-|-	2016	-	-	host	Bos taurus	-	Ireland	-	-	-	-	KY992094	-	KY992098	-
D/bovine/Italy/18984/2020	-	-	D660	-|-|-|D660|-|-|-	2020	-	-	host	Bos taurus	-	Italy	-	-	-	-	ON166837	-	-	-
D/swine/Guangdong/U1/2016	-	-	DOK	-|-|-|DOK|-|-|-	2016	SEP	26	host	Sus scrofa	-	China	-	-	-	-	KY441109	-	-	-
D/bovine/Guangdong/PY1/2016	-	-	DOK	-|-|-|DOK|-|-|-	2016	FEB	10	host	buffalo	-	China	-	-	-	-	KY441121	-	-	-
D/bovine/Pakistan/Pak-02/2023	-	-	-	-|-|-|-|-|-|-	2023	-	-	host	Bos taurus	nasal swab	Pakistan	-	-	-	-	PP763074	-	-	-
D/bovine/France/O-EB20D/2018	-	-	-	-|-|-|-|-|-|-	2018	FEB	28	host	Bos taurus	nasal swab	France	-	ON038802	ON038822	ON038843	-	ON038864	ON038887	ON038906
D/bovine/Guangdong/GDQY/2018	-	-	-	-|-|-|-|-|-|-	2018	MAR	22	host	Bos taurus	nasal swab	China	-	-	-	-	MK290418	-	-	-
D/bovine/Italy/361588/2017	-	-	-	-|-|-|-|-|-|-	2017	-	-	host	Bos taurus	-	Italy	-	-	-	-	-	-	-	MT349544
D/bovine/France/B18D/2018	-	-	DOK	-|-|-|DOK|-|-|-	2018	FEB	28	host	Bos taurus	nasal swab	France	-	-	-	-	ON038783	-	-	-
D/bovine/Ireland/037157/2015	-	-	DOK	-|-|-|DOK|-|-|-	2015	-	-	host	Bos taurus	-	Ireland	-	-	-	-	KY992092	-	KY992100	-
D/bovine/Guangdong/LG5/2016	-	-	DOK	-|-|-|DOK|-|-|-	2016	APR	15	host	Bos taurus	-	China	-	-	-	-	KY441112	-	-	-
D/bovine/France/B37D/2018	-	-	DOK	-|-|-|DOK|-|-|-	2018	FEB	28	host	Bos taurus	nasal swab	France	-	-	-	-	ON038787	-	-	-
D/bovine/Italy/18RS182-1/2017	-	-	DOK	-|-|-|DOK|-|-|-	2017	MAR	17	host	Bos taurus	-	Italy	-	-	-	MK965329	MK965265	MK965284	MK965351	MK965305
D/bovine/Italy/18RS182-6/2017	-	-	DOK	-|-|-|DOK|-|-|-	2017	APR	12	host	Bos taurus	-	Italy	-	MK965377	-	MK965332	MK965275	MK965287	MK965354	MK965308
D/bovine/Italy/123836/2017	-	-	-	-|-|-|-|-|-|-	2017	-	-	host	Bos taurus	-	Italy	-	MT349635	MT349636	MT349638	-	MT349640	MT349637	MT349639
D/bovine/Bursa/ET-138/2021	-	-	-	-|-|-|-|-|-|-	2021	-	-	host	Bos taurus	nasal swab	Turkey	-	-	-	-	OP353623	-	-	-
D/bovine/France/B21D/2018	-	-	DOK	-|-|-|DOK|-|-|-	2018	FEB	28	host	Bos taurus	nasal swab	France	-	-	-	-	ON038785	-	-	-
D/bovine/Guangdong/QQ12/2016	-	-	DOK	-|-|-|DOK|-|-|-	2016	MAY	20	host	Bos taurus	-	China	-	-	-	-	KY441117	-	-	-
D/bovine/Italy/18788-3/2020	-	-	D660	-|-|-|D660|-|-|-	2020	-	-	host	Bos taurus	-	Italy	-	-	-	-	ON166838	-	-	-
D/bovine/Italy/56705-6/2020	-	-	D660	-|-|-|D660|-|-|-	2020	-	-	host	Bos taurus	-	Italy	-	-	-	-	ON166835	-	-	-
D/bovine/France/O-EB34/2018	-	-	-	-|-|-|-|-|-|-	2018	FEB	28	host	Bos taurus	nasal swab	France	-	-	ON038830	ON038851	-	ON038872	ON038893	ON038914
D/bovine/France/O-EA13/2018	-	-	-	-|-|-|-|-|-|-	2018	FEB	28	host	Bos taurus	nasal swab	France	-	ON038795	ON038815	ON038836	-	ON038857	ON038878	ON038899
D/bovine/Ireland/010807/2016	-	-	DOK	-|-|-|DOK|-|-|-	2016	-	-	host	Bos taurus	-	Ireland	-	-	-	-	KY992093	-	KY992097	-
D/bovine/Pakistan/Pak-09/2024	-	-	DOK	-|-|-|DOK|-|-|-	2024	-	-	host	Bos taurus	nasal swab	Pakistan	-	-	-	-	PP763081	-	-	-
D/bovine/France/B45D/2018	-	-	DOK	-|-|-|DOK|-|-|-	2018	FEB	28	host	Bos taurus	nasal swab	France	-	-	-	-	ON038789	-	-	-
D/bovine/France/B32/2018	-	-	DOK	-|-|-|DOK|-|-|-	2018	FEB	28	host	Bos taurus	nasal swab	France	-	-	-	-	ON038779	-	-	-
D/bovine/Guangdong/QQ1/2016	-	-	DOK	-|-|-|DOK|-|-|-	2016	MAY	20	host	Bos taurus	-	China	-	-	-	-	KY441114	-	-	-
D/bovine/France/O-EB39D/2018	-	-	-	-|-|-|-|-|-|-	2018	FEB	28	host	Bos taurus	nasal swab	France	-	ON038812	ON038833	ON038854	-	ON038875	ON038896	ON038917
D/bovine/France/B31/2018	-	-	DOK	-|-|-|DOK|-|-|-	2018	FEB	28	host	Bos taurus	nasal swab	France	-	-	-	-	ON038777	-	-	-
D/swine/Guangdong/U16/2016	-	-	DOK	-|-|-|DOK|-|-|-	2016	SEP	26	host	Sus scrofa	-	China	-	-	-	-	KY441110	-	-	-
D/bovine/Italy/72637/2019	-	-	-	-|-|-|-|-|-|-	2019	-	-	host	Bos taurus	-	Italy	-	MN165175	MN165176	MN165178	-	MN165180	MN165177	MN165179
D/bovine/France/O-EB45D/2018	-	-	-	-|-|-|-|-|-|-	2018	FEB	28	host	Bos taurus	nasal swab	France	-	ON038813	ON038834	ON038855	-	ON038876	ON038897	ON038918
D/bovine/Italy/18RS182-17/2018	-	-	DOK	-|-|-|DOK|-|-|-	2018	JAN	19	host	Bos taurus	-	Italy	-	MK965379	-	MK965323	MK965271	MK965290	MK965345	MK965311
D/bovine/Turkey/IDV-1/2018	-	-	-	-|-|-|-|-|-|-	2018	JAN	13	host	Bos taurus	nasal swabs from cattle	Turkey	-	-	-	-	MN598644	-	-	-
D/swine/Guangdong/LX-2/2018	-	-	DOK	-|-|-|DOK|-|-|-	2018	APR	15	host	Sus scrofa	-	China	-	-	-	-	MH315966	-	-	-
D/bovine/Kirklareli/1803-8/2021	-	-	DOK	-|-|-|DOK|-|-|-	2021	MAR	18	host	Bos taurus	nasal swab	Turkey	-	-	-	-	PP574423	-	-	-
D/bovine/France/O-EB37D/2018	-	-	-	-|-|-|-|-|-|-	2018	FEB	28	host	Bos taurus	nasal swab	France	-	ON038810	ON038831	ON038852	-	ON038873	ON038894	ON038915
D/bovine/Italy/14429/2018	-	-	-	-|-|-|-|-|-|-	2018	-	-	host	Bos taurus	-	Italy	-	MN165231	MN165232	MN165234	-	MN165236	MN165233	MN165235
D/bovine/France/O-EC3/2018	-	-	-	-|-|-|-|-|-|-	2018	MAR	12	host	Bos taurus	nasal swab	France	-	-	-	-	-	-	ON038928	ON038931
