sequenceID	source.name	rec_segment	gb_segment	gb_subtype	rec_subtype	gb_year	gb_month	gb_day	gb_country	length	pubmed_id	full_name	gb_lab_host	gb_host	isolate	gb_source
LC720290	icv-ncbi-refseqs-seg1	1	1			2018				2385	37741464	Influenza C virus		Homo sapiens		nasopharyngea swab using HBTEC-ALI culture
LC720289	icv-ncbi-refseqs-seg2	2	2			2018				2265	37741464	Influenza C virus		Homo sapiens		nasopharyngea swab using HBTEC-ALI culture
LC720291	icv-ncbi-refseqs-seg3	3	3			2018				2172	37741464	Influenza C virus		Homo sapiens		nasopharyngea swab using HBTEC-ALI culture
LC720285	icv-ncbi-refseqs-seg4	4	4	SaoPaolo		2018				2063	37741464	Influenza C virus		Homo sapiens		nasopharyngea swab using HBTEC-ALI culture
LC720287	icv-ncbi-refseqs-seg5	5	5			2018				1792	37741464	Influenza C virus		Homo sapiens		nasopharyngea swab using HBTEC-ALI culture
LC720286	icv-ncbi-refseqs-seg6	6	6			2018				1171	37741464	Influenza C virus		Homo sapiens		nasopharyngea swab using HBTEC-ALI culture
LC720288	icv-ncbi-refseqs-seg7	7	7			2018				1084	37741464	Influenza C virus		Homo sapiens		nasopharyngea swab using HBTEC-ALI culture
NC_006306	icv-ncbi-refseqs-seg7	7	7			1950			USA	935	17537859	Influenza C virus (C/Ann Arbor/1/50)			C/Ann Arbor/1/50	
AB126191	icv-ncbi-refseqs-seg1	1	1							2365	15218173	Influenza C virus (C/Ann Arbor/1/50)			C/Ann Arbor/1/50	
NC_006307	icv-ncbi-refseqs-seg1	1	1							2365	15218173	Influenza C virus (C/Ann Arbor/1/50)			C/Ann Arbor/1/50	
AB126192	icv-ncbi-refseqs-seg2	2	2							2363	15218173	Influenza C virus (C/Ann Arbor/1/50)			C/Ann Arbor/1/50	
NC_006308	icv-ncbi-refseqs-seg2	2	2							2363	15218173	Influenza C virus (C/Ann Arbor/1/50)			C/Ann Arbor/1/50	
AB126193	icv-ncbi-refseqs-seg3	3	3							2183	15218173	Influenza C virus (C/Ann Arbor/1/50)			C/Ann Arbor/1/50	
NC_006309	icv-ncbi-refseqs-seg3	3	3							2183	15218173	Influenza C virus (C/Ann Arbor/1/50)			C/Ann Arbor/1/50	
NC_006310	icv-ncbi-refseqs-seg4	4	4	Taylor						2073	15218173	Influenza C virus (C/Ann Arbor/1/50)			C/Ann Arbor/1/50	
AB126195	icv-ncbi-refseqs-seg5	5	5							1807	15218173	Influenza C virus (C/Ann Arbor/1/50)			C/Ann Arbor/1/50	
NC_006311	icv-ncbi-refseqs-seg5	5	5			1950			USA	1807	15218173	Influenza C virus (C/Ann Arbor/1/50)			C/Ann Arbor/1/50	
NC_006312	icv-ncbi-refseqs-seg6	6	6							1180	15218173	Influenza C virus (C/Ann Arbor/1/50)			C/Ann Arbor/1/50	
M15088	icv-ncbi-refseqs-seg7	7	7							894	2943076	Influenza C virus (C/Ann Arbor/1/50)			C/Ann Arbor/1/50	
MZ330887	icv-ncbi-refseqs-seg1	1	1			2014	JUN	25		2325		Influenza C virus		Homo sapiens	C/Biliran/TB2-162/2014	nasal swab
MZ330886	icv-ncbi-refseqs-seg2	2	2			2014	JUN	25		2265		Influenza C virus		Homo sapiens	C/Biliran/TB2-162/2014	nasal swab
MZ330885	icv-ncbi-refseqs-seg3	3	3			2014	JUN	25		2130		Influenza C virus		Homo sapiens	C/Biliran/TB2-162/2014	nasal swab
MZ330881	icv-ncbi-refseqs-seg4	4	4	Kanagawa		2014	JUN	25		1968		Influenza C virus		Homo sapiens	C/Biliran/TB2-162/2014	nasal swab
MZ330883	icv-ncbi-refseqs-seg5	5	5			2014	JUN	25		1698		Influenza C virus		Homo sapiens	C/Biliran/TB2-162/2014	nasal swab
MZ330882	icv-ncbi-refseqs-seg6	6	6			2014	JUN	25		1125		Influenza C virus		Homo sapiens	C/Biliran/TB2-162/2014	nasal swab
MZ330884	icv-ncbi-refseqs-seg7	7	7			2014	JUN	25		862		Influenza C virus		Homo sapiens	C/Biliran/TB2-162/2014	nasal swab
MZ330894	icv-ncbi-refseqs-seg1	1	1			2014	JUL	7		2325		Influenza C virus		Homo sapiens	C/Biliran/TB2-180/2014	nasal swab
MZ330893	icv-ncbi-refseqs-seg2	2	2			2014	JUL	7		2265		Influenza C virus		Homo sapiens	C/Biliran/TB2-180/2014	nasal swab
MZ330892	icv-ncbi-refseqs-seg3	3	3			2014	JUL	7		2130		Influenza C virus		Homo sapiens	C/Biliran/TB2-180/2014	nasal swab
MZ330888	icv-ncbi-refseqs-seg4	4	4	Kanagawa		2014	JUL	7		1968		Influenza C virus		Homo sapiens	C/Biliran/TB2-180/2014	nasal swab
MZ330890	icv-ncbi-refseqs-seg5	5	5			2014	JUL	7		1698		Influenza C virus		Homo sapiens	C/Biliran/TB2-180/2014	nasal swab
MZ330889	icv-ncbi-refseqs-seg6	6	6			2014	JUL	7		1125		Influenza C virus		Homo sapiens	C/Biliran/TB2-180/2014	nasal swab
MZ330891	icv-ncbi-refseqs-seg7	7	7			2014	JUL	7		862		Influenza C virus		Homo sapiens	C/Biliran/TB2-180/2014	nasal swab
MZ330901	icv-ncbi-refseqs-seg1	1	1			2014	JUL	24		2325		Influenza C virus		Homo sapiens	C/Biliran/TB2-204/2014	nasal swab
MZ330900	icv-ncbi-refseqs-seg2	2	2			2014	JUL	24		2265		Influenza C virus		Homo sapiens	C/Biliran/TB2-204/2014	nasal swab
MZ330899	icv-ncbi-refseqs-seg3	3	3			2014	JUL	24		2130		Influenza C virus		Homo sapiens	C/Biliran/TB2-204/2014	nasal swab
MZ330895	icv-ncbi-refseqs-seg4	4	4	Kanagawa		2014	JUL	24		1968		Influenza C virus		Homo sapiens	C/Biliran/TB2-204/2014	nasal swab
MZ330897	icv-ncbi-refseqs-seg5	5	5			2014	JUL	24		1698		Influenza C virus		Homo sapiens	C/Biliran/TB2-204/2014	nasal swab
MZ330896	icv-ncbi-refseqs-seg6	6	6			2014	JUL	24		1125		Influenza C virus		Homo sapiens	C/Biliran/TB2-204/2014	nasal swab
MZ330898	icv-ncbi-refseqs-seg7	7	7			2014	JUL	24		862		Influenza C virus		Homo sapiens	C/Biliran/TB2-204/2014	nasal swab
MZ330908	icv-ncbi-refseqs-seg1	1	1			2014	OCT	2		2325		Influenza C virus		Homo sapiens	C/Biliran/TB2-293/2014	nasal swab
MZ330907	icv-ncbi-refseqs-seg2	2	2			2014	OCT	2		2265		Influenza C virus		Homo sapiens	C/Biliran/TB2-293/2014	nasal swab
MZ330906	icv-ncbi-refseqs-seg3	3	3			2014	OCT	2		2130		Influenza C virus		Homo sapiens	C/Biliran/TB2-293/2014	nasal swab
MZ330902	icv-ncbi-refseqs-seg4	4	4	SaoPaolo		2014	OCT	2		1968		Influenza C virus		Homo sapiens	C/Biliran/TB2-293/2014	nasal swab
MZ330904	icv-ncbi-refseqs-seg5	5	5			2014	OCT	2		1698		Influenza C virus		Homo sapiens	C/Biliran/TB2-293/2014	nasal swab
MZ330903	icv-ncbi-refseqs-seg6	6	6			2014	OCT	2		1125		Influenza C virus		Homo sapiens	C/Biliran/TB2-293/2014	nasal swab
MZ330905	icv-ncbi-refseqs-seg7	7	7			2014	OCT	2		862		Influenza C virus		Homo sapiens	C/Biliran/TB2-293/2014	nasal swab
MZ330915	icv-ncbi-refseqs-seg1	1	1			2017	MAY	16		2325		Influenza C virus		Homo sapiens	C/Biliran/TB4-024/2017	nasal swab
MZ330914	icv-ncbi-refseqs-seg2	2	2			2017	MAY	16		2265		Influenza C virus		Homo sapiens	C/Biliran/TB4-024/2017	nasal swab
MZ330913	icv-ncbi-refseqs-seg3	3	3			2017	MAY	16		2130		Influenza C virus		Homo sapiens	C/Biliran/TB4-024/2017	nasal swab
MZ330909	icv-ncbi-refseqs-seg4	4	4	Kanagawa		2017	MAY	16		1968		Influenza C virus		Homo sapiens	C/Biliran/TB4-024/2017	nasal swab
MZ330911	icv-ncbi-refseqs-seg5	5	5			2017	MAY	16		1698		Influenza C virus		Homo sapiens	C/Biliran/TB4-024/2017	nasal swab
MZ330910	icv-ncbi-refseqs-seg6	6	6			2017	MAY	16		1125		Influenza C virus		Homo sapiens	C/Biliran/TB4-024/2017	nasal swab
MZ330912	icv-ncbi-refseqs-seg7	7	7			2017	MAY	16		862		Influenza C virus		Homo sapiens	C/Biliran/TB4-024/2017	nasal swab
MZ330922	icv-ncbi-refseqs-seg1	1	1			2017	JUN	15		2325		Influenza C virus		Homo sapiens	C/Biliran/TB4-067/2017	nasal swab
MZ330921	icv-ncbi-refseqs-seg2	2	2			2017	JUN	15		2265		Influenza C virus		Homo sapiens	C/Biliran/TB4-067/2017	nasal swab
MZ330920	icv-ncbi-refseqs-seg3	3	3			2017	JUN	15		2130		Influenza C virus		Homo sapiens	C/Biliran/TB4-067/2017	nasal swab
MZ330916	icv-ncbi-refseqs-seg4	4	4	Kanagawa		2017	JUN	15		1968		Influenza C virus		Homo sapiens	C/Biliran/TB4-067/2017	nasal swab
MZ330918	icv-ncbi-refseqs-seg5	5	5			2017	JUN	15		1698		Influenza C virus		Homo sapiens	C/Biliran/TB4-067/2017	nasal swab
MZ330917	icv-ncbi-refseqs-seg6	6	6			2017	JUN	15		1125		Influenza C virus		Homo sapiens	C/Biliran/TB4-067/2017	nasal swab
MZ330919	icv-ncbi-refseqs-seg7	7	7			2017	JUN	15		862		Influenza C virus		Homo sapiens	C/Biliran/TB4-067/2017	nasal swab
MZ330929	icv-ncbi-refseqs-seg1	1	1			2018	MAR	27		2325		Influenza C virus		Homo sapiens	C/Biliran/TB4-130/2018	nasal swab
MZ330928	icv-ncbi-refseqs-seg2	2	2			2018	MAR	27		2265		Influenza C virus		Homo sapiens	C/Biliran/TB4-130/2018	nasal swab
MZ330927	icv-ncbi-refseqs-seg3	3	3			2018	MAR	27		2130		Influenza C virus		Homo sapiens	C/Biliran/TB4-130/2018	nasal swab
MZ330923	icv-ncbi-refseqs-seg4	4	4	SaoPaolo		2018	MAR	27		1968		Influenza C virus		Homo sapiens	C/Biliran/TB4-130/2018	nasal swab
MZ330925	icv-ncbi-refseqs-seg5	5	5			2018	MAR	27		1698		Influenza C virus		Homo sapiens	C/Biliran/TB4-130/2018	nasal swab
MZ330924	icv-ncbi-refseqs-seg6	6	6			2018	MAR	27		1125		Influenza C virus		Homo sapiens	C/Biliran/TB4-130/2018	nasal swab
MZ330926	icv-ncbi-refseqs-seg7	7	7			2018	MAR	27		862		Influenza C virus		Homo sapiens	C/Biliran/TB4-130/2018	nasal swab
MZ330936	icv-ncbi-refseqs-seg1	1	1			2018	APR	24		2325		Influenza C virus		Homo sapiens	C/Biliran/TB4-169/2018	nasal swab
MZ330935	icv-ncbi-refseqs-seg2	2	2			2018	APR	24		2265		Influenza C virus		Homo sapiens	C/Biliran/TB4-169/2018	nasal swab
MZ330934	icv-ncbi-refseqs-seg3	3	3			2018	APR	24		2130		Influenza C virus		Homo sapiens	C/Biliran/TB4-169/2018	nasal swab
MZ330930	icv-ncbi-refseqs-seg4	4	4	SaoPaolo		2018	APR	24		1968		Influenza C virus		Homo sapiens	C/Biliran/TB4-169/2018	nasal swab
MZ330932	icv-ncbi-refseqs-seg5	5	5			2018	APR	24		1698		Influenza C virus		Homo sapiens	C/Biliran/TB4-169/2018	nasal swab
MZ330931	icv-ncbi-refseqs-seg6	6	6			2018	APR	24		1125		Influenza C virus		Homo sapiens	C/Biliran/TB4-169/2018	nasal swab
MZ330933	icv-ncbi-refseqs-seg7	7	7			2018	APR	24		862		Influenza C virus		Homo sapiens	C/Biliran/TB4-169/2018	nasal swab
MZ330943	icv-ncbi-refseqs-seg1	1	1			2019	JUL	8		2325		Influenza C virus		Homo sapiens	C/Biliran/TB4-271/2019	nasal swab
MZ330942	icv-ncbi-refseqs-seg2	2	2			2019	JUL	8		2265		Influenza C virus		Homo sapiens	C/Biliran/TB4-271/2019	nasal swab
MZ330941	icv-ncbi-refseqs-seg3	3	3			2019	JUL	8		2130		Influenza C virus		Homo sapiens	C/Biliran/TB4-271/2019	nasal swab
MZ330937	icv-ncbi-refseqs-seg4	4	4	SaoPaolo		2019	JUL	8		1968		Influenza C virus		Homo sapiens	C/Biliran/TB4-271/2019	nasal swab
MZ330939	icv-ncbi-refseqs-seg5	5	5			2019	JUL	8		1698		Influenza C virus		Homo sapiens	C/Biliran/TB4-271/2019	nasal swab
MZ330938	icv-ncbi-refseqs-seg6	6	6			2019	JUL	8		1125		Influenza C virus		Homo sapiens	C/Biliran/TB4-271/2019	nasal swab
MZ330940	icv-ncbi-refseqs-seg7	7	7			2019	JUL	8		862		Influenza C virus		Homo sapiens	C/Biliran/TB4-271/2019	nasal swab
MZ330950	icv-ncbi-refseqs-seg1	1	1			2014	JUN	2		2325		Influenza C virus		Homo sapiens	C/Biliran/TB5-195/2014	nasal swab
MZ330949	icv-ncbi-refseqs-seg2	2	2			2014	JUN	2		2265		Influenza C virus		Homo sapiens	C/Biliran/TB5-195/2014	nasal swab
MZ330948	icv-ncbi-refseqs-seg3	3	3			2014	JUN	2		2130		Influenza C virus		Homo sapiens	C/Biliran/TB5-195/2014	nasal swab
MZ330944	icv-ncbi-refseqs-seg4	4	4	Kanagawa		2014	JUN	2		1968		Influenza C virus		Homo sapiens	C/Biliran/TB5-195/2014	nasal swab
MZ330946	icv-ncbi-refseqs-seg5	5	5			2014	JUN	2		1698		Influenza C virus		Homo sapiens	C/Biliran/TB5-195/2014	nasal swab
MZ330945	icv-ncbi-refseqs-seg6	6	6			2014	JUN	2		1125		Influenza C virus		Homo sapiens	C/Biliran/TB5-195/2014	nasal swab
MZ330947	icv-ncbi-refseqs-seg7	7	7			2014	JUN	2		862		Influenza C virus		Homo sapiens	C/Biliran/TB5-195/2014	nasal swab
MZ330957	icv-ncbi-refseqs-seg1	1	1			2014	JUN	20		2325		Influenza C virus		Homo sapiens	C/Biliran/TB5-241/2014	nasal swab
MZ330956	icv-ncbi-refseqs-seg2	2	2			2014	JUN	20		2265		Influenza C virus		Homo sapiens	C/Biliran/TB5-241/2014	nasal swab
MZ330955	icv-ncbi-refseqs-seg3	3	3			2014	JUN	20		2130		Influenza C virus		Homo sapiens	C/Biliran/TB5-241/2014	nasal swab
MZ330951	icv-ncbi-refseqs-seg4	4	4	Kanagawa		2014	JUN	20		1968		Influenza C virus		Homo sapiens	C/Biliran/TB5-241/2014	nasal swab
MZ330953	icv-ncbi-refseqs-seg5	5	5			2014	JUN	20		1698		Influenza C virus		Homo sapiens	C/Biliran/TB5-241/2014	nasal swab
MZ330952	icv-ncbi-refseqs-seg6	6	6			2014	JUN	20		1125		Influenza C virus		Homo sapiens	C/Biliran/TB5-241/2014	nasal swab
MZ330954	icv-ncbi-refseqs-seg7	7	7			2014	JUN	20		862		Influenza C virus		Homo sapiens	C/Biliran/TB5-241/2014	nasal swab
MZ330964	icv-ncbi-refseqs-seg1	1	1			2017	JUN	13		2325		Influenza C virus		Homo sapiens	C/Biliran/TB5-312/2017	nasal swab
MZ330963	icv-ncbi-refseqs-seg2	2	2			2017	JUN	13		2265		Influenza C virus		Homo sapiens	C/Biliran/TB5-312/2017	nasal swab
MZ330962	icv-ncbi-refseqs-seg3	3	3			2017	JUN	13		2130		Influenza C virus		Homo sapiens	C/Biliran/TB5-312/2017	nasal swab
MZ330958	icv-ncbi-refseqs-seg4	4	4	Kanagawa		2017	JUN	13		1968		Influenza C virus		Homo sapiens	C/Biliran/TB5-312/2017	nasal swab
MZ330960	icv-ncbi-refseqs-seg5	5	5			2017	JUN	13		1698		Influenza C virus		Homo sapiens	C/Biliran/TB5-312/2017	nasal swab
MZ330959	icv-ncbi-refseqs-seg6	6	6			2017	JUN	13		1125		Influenza C virus		Homo sapiens	C/Biliran/TB5-312/2017	nasal swab
MZ330961	icv-ncbi-refseqs-seg7	7	7			2017	JUN	13		862		Influenza C virus		Homo sapiens	C/Biliran/TB5-312/2017	nasal swab
MZ330971	icv-ncbi-refseqs-seg1	1	1			2016	JUN	29		2325		Influenza C virus		Homo sapiens	C/Biliran/TB5-498/2016	nasal swab
MZ330970	icv-ncbi-refseqs-seg2	2	2			2016	JUN	29		2265		Influenza C virus		Homo sapiens	C/Biliran/TB5-498/2016	nasal swab
MZ330969	icv-ncbi-refseqs-seg3	3	3			2016	JUN	29		2130		Influenza C virus		Homo sapiens	C/Biliran/TB5-498/2016	nasal swab
MZ330965	icv-ncbi-refseqs-seg4	4	4	Kanagawa		2016	JUN	29		1968		Influenza C virus		Homo sapiens	C/Biliran/TB5-498/2016	nasal swab
MZ330967	icv-ncbi-refseqs-seg5	5	5			2016	JUN	29		1698		Influenza C virus		Homo sapiens	C/Biliran/TB5-498/2016	nasal swab
MZ330966	icv-ncbi-refseqs-seg6	6	6			2016	JUN	29		1125		Influenza C virus		Homo sapiens	C/Biliran/TB5-498/2016	nasal swab
MZ330968	icv-ncbi-refseqs-seg7	7	7			2016	JUN	29		862		Influenza C virus		Homo sapiens	C/Biliran/TB5-498/2016	nasal swab
MZ330978	icv-ncbi-refseqs-seg1	1	1			2016	JUL	18		2325		Influenza C virus		Homo sapiens	C/Biliran/TB5-536/2016	nasal swab
MZ330977	icv-ncbi-refseqs-seg2	2	2			2016	JUL	18		2265		Influenza C virus		Homo sapiens	C/Biliran/TB5-536/2016	nasal swab
MZ330976	icv-ncbi-refseqs-seg3	3	3			2016	JUL	18		2130		Influenza C virus		Homo sapiens	C/Biliran/TB5-536/2016	nasal swab
MZ330972	icv-ncbi-refseqs-seg4	4	4	Kanagawa		2016	JUL	18		1968		Influenza C virus		Homo sapiens	C/Biliran/TB5-536/2016	nasal swab
MZ330974	icv-ncbi-refseqs-seg5	5	5			2016	JUL	18		1698		Influenza C virus		Homo sapiens	C/Biliran/TB5-536/2016	nasal swab
MZ330973	icv-ncbi-refseqs-seg6	6	6			2016	JUL	18		1125		Influenza C virus		Homo sapiens	C/Biliran/TB5-536/2016	nasal swab
MZ330975	icv-ncbi-refseqs-seg7	7	7			2016	JUL	18		862		Influenza C virus		Homo sapiens	C/Biliran/TB5-536/2016	nasal swab
MZ330985	icv-ncbi-refseqs-seg1	1	1			2016	AUG	23		2325		Influenza C virus		Homo sapiens	C/Biliran/TB5-625/2016	nasal swab
MZ330984	icv-ncbi-refseqs-seg2	2	2			2016	AUG	23		2265		Influenza C virus		Homo sapiens	C/Biliran/TB5-625/2016	nasal swab
MZ330983	icv-ncbi-refseqs-seg3	3	3			2016	AUG	23		2130		Influenza C virus		Homo sapiens	C/Biliran/TB5-625/2016	nasal swab
MZ330979	icv-ncbi-refseqs-seg4	4	4	Kanagawa		2016	AUG	23		1968		Influenza C virus		Homo sapiens	C/Biliran/TB5-625/2016	nasal swab
MZ330981	icv-ncbi-refseqs-seg5	5	5			2016	AUG	23		1698		Influenza C virus		Homo sapiens	C/Biliran/TB5-625/2016	nasal swab
MZ330980	icv-ncbi-refseqs-seg6	6	6			2016	AUG	23		1125		Influenza C virus		Homo sapiens	C/Biliran/TB5-625/2016	nasal swab
MZ330982	icv-ncbi-refseqs-seg7	7	7			2016	AUG	23		862		Influenza C virus		Homo sapiens	C/Biliran/TB5-625/2016	nasal swab
MZ330992	icv-ncbi-refseqs-seg1	1	1			2016	OCT	5		2325		Influenza C virus		Homo sapiens	C/Biliran/TB5-736/2016	nasal swab
MZ330991	icv-ncbi-refseqs-seg2	2	2			2016	OCT	5		2265		Influenza C virus		Homo sapiens	C/Biliran/TB5-736/2016	nasal swab
MZ330990	icv-ncbi-refseqs-seg3	3	3			2016	OCT	5		2130		Influenza C virus		Homo sapiens	C/Biliran/TB5-736/2016	nasal swab
MZ330986	icv-ncbi-refseqs-seg4	4	4	Kanagawa		2016	OCT	5		1968		Influenza C virus		Homo sapiens	C/Biliran/TB5-736/2016	nasal swab
MZ330988	icv-ncbi-refseqs-seg5	5	5			2016	OCT	5		1698		Influenza C virus		Homo sapiens	C/Biliran/TB5-736/2016	nasal swab
MZ330987	icv-ncbi-refseqs-seg6	6	6			2016	OCT	5		1125		Influenza C virus		Homo sapiens	C/Biliran/TB5-736/2016	nasal swab
MZ330989	icv-ncbi-refseqs-seg7	7	7			2016	OCT	5		862		Influenza C virus		Homo sapiens	C/Biliran/TB5-736/2016	nasal swab
MZ330999	icv-ncbi-refseqs-seg1	1	1			2014	JUL	10		2325		Influenza C virus		Homo sapiens	C/Biliran/TB8-250/2014	nasal swab
MZ330998	icv-ncbi-refseqs-seg2	2	2			2014	JUL	10		2265		Influenza C virus		Homo sapiens	C/Biliran/TB8-250/2014	nasal swab
MZ330997	icv-ncbi-refseqs-seg3	3	3			2014	JUL	10		2130		Influenza C virus		Homo sapiens	C/Biliran/TB8-250/2014	nasal swab
MZ330993	icv-ncbi-refseqs-seg4	4	4	SaoPaolo		2014	JUL	10		1968		Influenza C virus		Homo sapiens	C/Biliran/TB8-250/2014	nasal swab
MZ330995	icv-ncbi-refseqs-seg5	5	5			2014	JUL	10		1698		Influenza C virus		Homo sapiens	C/Biliran/TB8-250/2014	nasal swab
MZ330994	icv-ncbi-refseqs-seg6	6	6			2014	JUL	10		1125		Influenza C virus		Homo sapiens	C/Biliran/TB8-250/2014	nasal swab
MZ330996	icv-ncbi-refseqs-seg7	7	7			2014	JUL	10		862		Influenza C virus		Homo sapiens	C/Biliran/TB8-250/2014	nasal swab
MH348113	icv-ncbi-refseqs-seg1	1	1			2016	NOV	18		2328		Influenza C virus		Bos taurus	C/Bovine/Montana/12/2016	sick calve's nasal swab
MH348114	icv-ncbi-refseqs-seg2	2	2			2016	NOV	18		2297		Influenza C virus		Bos taurus	C/Bovine/Montana/12/2016	sick calve's nasal swab
MH348115	icv-ncbi-refseqs-seg3	3	3			2016	NOV	18		2156		Influenza C virus		Bos taurus	C/Bovine/Montana/12/2016	sick calve's nasal swab
MH348116	icv-ncbi-refseqs-seg4	4	4	Mississippi		2016	NOV	18		1992		Influenza C virus		Bos taurus	C/Bovine/Montana/12/2016	sick calve's nasal swab
MH348117	icv-ncbi-refseqs-seg5	5	5			2016	NOV	18		1776		Influenza C virus		Bos taurus	C/Bovine/Montana/12/2016	sick calve's nasal swab
MH421868	icv-ncbi-refseqs-seg6	6	6			2016	NOV	18		561		Influenza C virus		Bos taurus	C/Bovine/Montana/12/2016	sick calve's nasal swab
MH348119	icv-ncbi-refseqs-seg7	7	7			2016	NOV	18		892		Influenza C virus		Bos taurus	C/Bovine/Montana/12/2016	sick calve's nasal swab
AB000608	icv-ncbi-refseqs-seg6	6	6							1136	9354270	Influenza C virus (C/California/78)		Homo sapiens	C/California/78	
LC123294	icv-ncbi-refseqs-seg1	1	1			1978				2325	27384661	Influenza C virus (C/California/78)		Homo sapiens	C/California/78	
LC123396	icv-ncbi-refseqs-seg2	2	2			1978				2322	27384661	Influenza C virus (C/California/78)		Homo sapiens	C/California/78	
LC123498	icv-ncbi-refseqs-seg3	3	3			1978				2139	27384661	Influenza C virus (C/California/78)		Homo sapiens	C/California/78	
LC122634	icv-ncbi-refseqs-seg4	4	4	Yamagata		1978				1986	27384661	Influenza C virus (C/California/78)		Homo sapiens	C/California/78	
LC123731	icv-ncbi-refseqs-seg5	5	5			1978				1756	27384661	Influenza C virus (C/California/78)		Homo sapiens	C/California/78	
M10087	icv-ncbi-refseqs-seg7	7	7							934	4032535	Influenza C virus (C/California/78)			C/California/78	
OK254894	icv-ncbi-refseqs-seg1	1	1			2020				2325		Influenza C virus		Canis familiaris	C/canine/China/Guangzhou-1/2020	nasal swab
OK254893	icv-ncbi-refseqs-seg2	2	2			2020				2262		Influenza C virus		Canis familiaris	C/canine/China/Guangzhou-1/2020	nasal swab
OK254892	icv-ncbi-refseqs-seg3	3	3			2020				2127		Influenza C virus		Canis familiaris	C/canine/China/Guangzhou-1/2020	nasal swab
OK254888	icv-ncbi-refseqs-seg4	4	4	SaoPaolo		2020				1965		Influenza C virus		Canis familiaris	C/canine/China/Guangzhou-1/2020	nasal swab
OK254890	icv-ncbi-refseqs-seg5	5	5			2020				1695		Influenza C virus		Canis familiaris	C/canine/China/Guangzhou-1/2020	nasal swab
OK254889	icv-ncbi-refseqs-seg6	6	6			2020				1122		Influenza C virus		Canis familiaris	C/canine/China/Guangzhou-1/2020	nasal swab
OK254891	icv-ncbi-refseqs-seg7	7	7			2020				738		Influenza C virus		Canis familiaris	C/canine/China/Guangzhou-1/2020	nasal swab
OK254901	icv-ncbi-refseqs-seg1	1	1			2020				2325		Influenza C virus		Canis familiaris	C/canine/China/Guangzhou-2/2020	nasal swab
OK254900	icv-ncbi-refseqs-seg2	2	2			2020				2262		Influenza C virus		Canis familiaris	C/canine/China/Guangzhou-2/2020	nasal swab
OK254899	icv-ncbi-refseqs-seg3	3	3			2020				2127		Influenza C virus		Canis familiaris	C/canine/China/Guangzhou-2/2020	nasal swab
OK254895	icv-ncbi-refseqs-seg4	4	4	SaoPaolo		2020				1965		Influenza C virus		Canis familiaris	C/canine/China/Guangzhou-2/2020	nasal swab
OK254897	icv-ncbi-refseqs-seg5	5	5			2020				1695		Influenza C virus		Canis familiaris	C/canine/China/Guangzhou-2/2020	nasal swab
OK254896	icv-ncbi-refseqs-seg6	6	6			2020				1122		Influenza C virus		Canis familiaris	C/canine/China/Guangzhou-2/2020	nasal swab
OK254898	icv-ncbi-refseqs-seg7	7	7			2020				738		Influenza C virus		Canis familiaris	C/canine/China/Guangzhou-2/2020	nasal swab
JX947865	icv-ncbi-refseqs-seg1	1	1			2011	JUL	15		2320	23523822	Influenza C virus (C/Eastern India/1202/2011)		Homo sapiens	C/Eastern India/1202/2011	
JX947864	icv-ncbi-refseqs-seg2	2	2			2011	JUL	15		2264	23523822	Influenza C virus (C/Eastern India/1202/2011)		Homo sapiens	C/Eastern India/1202/2011	
JX947863	icv-ncbi-refseqs-seg3	3	3			2011	JUL	15		2129	23523822	Influenza C virus (C/Eastern India/1202/2011)		Homo sapiens	C/Eastern India/1202/2011	
JX947861	icv-ncbi-refseqs-seg4	4	4	Kanagawa		2011	JUL	15		1944	23523822	Influenza C virus (C/Eastern India/1202/2011)		Homo sapiens	C/Eastern India/1202/2011	
JX947862	icv-ncbi-refseqs-seg5	5	5			2011	JUL	15		1706	23523822	Influenza C virus (C/Eastern India/1202/2011)		Homo sapiens	C/Eastern India/1202/2011	
JX947866	icv-ncbi-refseqs-seg6	6	6			2011	JUL	15		1161	23523822	Influenza C virus (C/Eastern India/1202/2011)		Homo sapiens	C/Eastern India/1202/2011	
JX947867	icv-ncbi-refseqs-seg7	7	7			2011	JUL	15		924	23523822	Influenza C virus (C/Eastern India/1202/2011)		Homo sapiens	C/Eastern India/1202/2011	
LC123347	icv-ncbi-refseqs-seg1	1	1			2005				2325	27384661	Influenza C virus (C/Fukuoka/1/2005)		Homo sapiens	C/Fukuoka/1/2005	
LC123449	icv-ncbi-refseqs-seg2	2	2			2005				2322	27384661	Influenza C virus (C/Fukuoka/1/2005)		Homo sapiens	C/Fukuoka/1/2005	
LC123551	icv-ncbi-refseqs-seg3	3	3			2005				2139	27384661	Influenza C virus (C/Fukuoka/1/2005)		Homo sapiens	C/Fukuoka/1/2005	
LC122653	icv-ncbi-refseqs-seg4	4	4	SaoPaolo		2005				1951	27384661	Influenza C virus (C/Fukuoka/1/2005)		Homo sapiens	C/Fukuoka/1/2005	
LC123779	icv-ncbi-refseqs-seg5	5	5			2005				1754	27384661	Influenza C virus (C/Fukuoka/1/2005)		Homo sapiens	C/Fukuoka/1/2005	
LC123845	icv-ncbi-refseqs-seg6	6	6			2005				1125	27384661	Influenza C virus (C/Fukuoka/1/2005)		Homo sapiens	C/Fukuoka/1/2005	
LC125009	icv-ncbi-refseqs-seg7	7	7			2005				880	27384661	Influenza C virus (C/Fukuoka/1/2005)		Homo sapiens	C/Fukuoka/1/2005	
LC123372	icv-ncbi-refseqs-seg1	1	1			2012				2325	27384661	Influenza C virus (C/Fukuoka/1/2012)		Homo sapiens	C/Fukuoka/1/2012	
LC123474	icv-ncbi-refseqs-seg2	2	2			2012				2322	27384661	Influenza C virus (C/Fukuoka/1/2012)		Homo sapiens	C/Fukuoka/1/2012	
LC123576	icv-ncbi-refseqs-seg3	3	3			2012				2139	27384661	Influenza C virus (C/Fukuoka/1/2012)		Homo sapiens	C/Fukuoka/1/2012	
LC122673	icv-ncbi-refseqs-seg4	4	4	SaoPaolo		2012				1986	27384661	Influenza C virus (C/Fukuoka/1/2012)		Homo sapiens	C/Fukuoka/1/2012	
LC123802	icv-ncbi-refseqs-seg5	5	5			2012				1754	27384661	Influenza C virus (C/Fukuoka/1/2012)		Homo sapiens	C/Fukuoka/1/2012	
LC123870	icv-ncbi-refseqs-seg6	6	6			2012				1125	27384661	Influenza C virus (C/Fukuoka/1/2012)		Homo sapiens	C/Fukuoka/1/2012	
LC125034	icv-ncbi-refseqs-seg7	7	7			2012				880	27384661	Influenza C virus (C/Fukuoka/1/2012)		Homo sapiens	C/Fukuoka/1/2012	
LC123348	icv-ncbi-refseqs-seg1	1	1			2006				2325	27384661	Influenza C virus (C/Fukuoka/2/2006)		Homo sapiens	C/Fukuoka/2/2006	
LC123450	icv-ncbi-refseqs-seg2	2	2			2006				2322	27384661	Influenza C virus (C/Fukuoka/2/2006)		Homo sapiens	C/Fukuoka/2/2006	
LC123552	icv-ncbi-refseqs-seg3	3	3			2006				2139	27384661	Influenza C virus (C/Fukuoka/2/2006)		Homo sapiens	C/Fukuoka/2/2006	
LC122654	icv-ncbi-refseqs-seg4	4	4	Kanagawa		2006				1964	27384661	Influenza C virus (C/Fukuoka/2/2006)		Homo sapiens	C/Fukuoka/2/2006	
LC123780	icv-ncbi-refseqs-seg5	5	5			2006				1754	27384661	Influenza C virus (C/Fukuoka/2/2006)		Homo sapiens	C/Fukuoka/2/2006	
LC123846	icv-ncbi-refseqs-seg6	6	6			2006				1125	27384661	Influenza C virus (C/Fukuoka/2/2006)		Homo sapiens	C/Fukuoka/2/2006	
LC125010	icv-ncbi-refseqs-seg7	7	7			2006				880	27384661	Influenza C virus (C/Fukuoka/2/2006)		Homo sapiens	C/Fukuoka/2/2006	
LC123284	icv-ncbi-refseqs-seg1	1	1			1954				2325	27384661	Influenza C virus (C/Great Lakes/1167/1954)		Homo sapiens	C/Great Lakes/1167/1954	
LC123386	icv-ncbi-refseqs-seg2	2	2			1954				2322	27384661	Influenza C virus (C/Great Lakes/1167/1954)		Homo sapiens	C/Great Lakes/1167/1954	
LC123488	icv-ncbi-refseqs-seg3	3	3			1954				2139	27384661	Influenza C virus (C/Great Lakes/1167/1954)		Homo sapiens	C/Great Lakes/1167/1954	
LC122633	icv-ncbi-refseqs-seg4	4	4	Yamagata		1954				1986	27384661	Influenza C virus (C/Great Lakes/1167/1954)		Homo sapiens	C/Great Lakes/1167/1954	
LC123723	icv-ncbi-refseqs-seg5	5	5			1954				1745	27384661	Influenza C virus (C/Great Lakes/1167/1954)		Homo sapiens	C/Great Lakes/1167/1954	
LC123815	icv-ncbi-refseqs-seg6	6	6			1954				1125	27384661	Influenza C virus (C/Great Lakes/1167/1954)		Homo sapiens	C/Great Lakes/1167/1954	
LC124978	icv-ncbi-refseqs-seg7	7	7			1954				880	27384661	Influenza C virus (C/Great Lakes/1167/1954)		Homo sapiens	C/Great Lakes/1167/1954	
KT232082	icv-ncbi-refseqs-seg1	1	1			2011	JUN	10		2320		Influenza C virus (C/India/P119564/2011)		Homo sapiens	C/India/P119564/2011	TS/NS
KT232083	icv-ncbi-refseqs-seg2	2	2			2011	JUN	10		2264		Influenza C virus (C/India/P119564/2011)		Homo sapiens	C/India/P119564/2011	TS/NS
KT232084	icv-ncbi-refseqs-seg3	3	3			2011	JUN	10		2129		Influenza C virus (C/India/P119564/2011)		Homo sapiens	C/India/P119564/2011	TS/NS
KT232085	icv-ncbi-refseqs-seg4	4	4	SaoPaolo		2011	JUN	10		1926		Influenza C virus (C/India/P119564/2011)		Homo sapiens	C/India/P119564/2011	TS/NS
KT232086	icv-ncbi-refseqs-seg5	5	5			2011	JUN	10		1721		Influenza C virus (C/India/P119564/2011)		Homo sapiens	C/India/P119564/2011	TS/NS
KT232087	icv-ncbi-refseqs-seg6	6	6			2011	JUN	10		1084		Influenza C virus (C/India/P119564/2011)		Homo sapiens	C/India/P119564/2011	TS/NS
KT232088	icv-ncbi-refseqs-seg7	7	7			2011	JUN	10		923		Influenza C virus (C/India/P119564/2011)		Homo sapiens	C/India/P119564/2011	TS/NS
KM507545	icv-ncbi-refseqs-seg1	1	1			2012	FEB	24		2325		Influenza C virus (C/India/P121719/2012)		Homo sapiens	C/India/P121719/2012	TS/NS
KM507546	icv-ncbi-refseqs-seg2	2	2			2012	FEB	24		2265		Influenza C virus (C/India/P121719/2012)		Homo sapiens	C/India/P121719/2012	TS/NS
KM507547	icv-ncbi-refseqs-seg3	3	3			2012	FEB	24		2130		Influenza C virus (C/India/P121719/2012)		Homo sapiens	C/India/P121719/2012	TS/NS
KM507548	icv-ncbi-refseqs-seg4	4	4	SaoPaolo		2012	FEB	24		1883		Influenza C virus (C/India/P121719/2012)		Homo sapiens	C/India/P121719/2012	TS/NS
KM507549	icv-ncbi-refseqs-seg5	5	5			2012	FEB	24		1677		Influenza C virus (C/India/P121719/2012)		Homo sapiens	C/India/P121719/2012	TS/NS
KM507550	icv-ncbi-refseqs-seg6	6	6			2012	FEB	24		1103		Influenza C virus (C/India/P121719/2012)		Homo sapiens	C/India/P121719/2012	TS/NS
KM507551	icv-ncbi-refseqs-seg7	7	7			2012	FEB	24		790		Influenza C virus (C/India/P121719/2012)		Homo sapiens	C/India/P121719/2012	TS/NS
KM507552	icv-ncbi-refseqs-seg1	1	1			2013	APR	25		2325		Influenza C virus (C/India/P135047/2013)		Homo sapiens	C/India/P135047/2013	TS/NS
KM507553	icv-ncbi-refseqs-seg2	2	2			2013	APR	25		2265		Influenza C virus (C/India/P135047/2013)		Homo sapiens	C/India/P135047/2013	TS/NS
KM507554	icv-ncbi-refseqs-seg3	3	3			2013	APR	25		2130		Influenza C virus (C/India/P135047/2013)		Homo sapiens	C/India/P135047/2013	TS/NS
KM507555	icv-ncbi-refseqs-seg4	4	4	Kanagawa		2013	APR	25		1942		Influenza C virus (C/India/P135047/2013)		Homo sapiens	C/India/P135047/2013	TS/NS
KM507556	icv-ncbi-refseqs-seg5	5	5			2013	APR	25		1700		Influenza C virus (C/India/P135047/2013)		Homo sapiens	C/India/P135047/2013	TS/NS
KM507557	icv-ncbi-refseqs-seg6	6	6			2013	APR	25		1124		Influenza C virus (C/India/P135047/2013)		Homo sapiens	C/India/P135047/2013	TS/NS
KM507558	icv-ncbi-refseqs-seg7	7	7			2013	APR	25		858		Influenza C virus (C/India/P135047/2013)		Homo sapiens	C/India/P135047/2013	TS/NS
LC327652	icv-ncbi-refseqs-seg1	1	1			2016				2320	30068890	Influenza C virus (C/Iwate/1/2016)		Homo sapiens	C/Iwate/1/2016	
LC327653	icv-ncbi-refseqs-seg2	2	2			2016				2318	30068890	Influenza C virus (C/Iwate/1/2016)		Homo sapiens	C/Iwate/1/2016	
LC327654	icv-ncbi-refseqs-seg3	3	3			2016				2139	30068890	Influenza C virus (C/Iwate/1/2016)		Homo sapiens	C/Iwate/1/2016	
LC327655	icv-ncbi-refseqs-seg4	4	4	SaoPaolo		2016				2027	30068890	Influenza C virus (C/Iwate/1/2016)		Homo sapiens	C/Iwate/1/2016	
LC327656	icv-ncbi-refseqs-seg5	5	5			2016				1754	30068890	Influenza C virus (C/Iwate/1/2016)		Homo sapiens	C/Iwate/1/2016	
LC327657	icv-ncbi-refseqs-seg6	6	6			2016				1125	30068890	Influenza C virus (C/Iwate/1/2016)		Homo sapiens	C/Iwate/1/2016	
LC327658	icv-ncbi-refseqs-seg7	7	7			2016				862	30068890	Influenza C virus (C/Iwate/1/2016)		Homo sapiens	C/Iwate/1/2016	
LC327659	icv-ncbi-refseqs-seg1	1	1			2016				2320	30068890	Influenza C virus (C/Iwate/2/2016)		Homo sapiens	C/Iwate/2/2016	
LC327660	icv-ncbi-refseqs-seg2	2	2			2016				2318	30068890	Influenza C virus (C/Iwate/2/2016)		Homo sapiens	C/Iwate/2/2016	
LC327661	icv-ncbi-refseqs-seg3	3	3			2016				2139	30068890	Influenza C virus (C/Iwate/2/2016)		Homo sapiens	C/Iwate/2/2016	
LC327662	icv-ncbi-refseqs-seg4	4	4	SaoPaolo		2016				2027	30068890	Influenza C virus (C/Iwate/2/2016)		Homo sapiens	C/Iwate/2/2016	
LC327663	icv-ncbi-refseqs-seg5	5	5			2016				1754	30068890	Influenza C virus (C/Iwate/2/2016)		Homo sapiens	C/Iwate/2/2016	
LC327664	icv-ncbi-refseqs-seg6	6	6			2016				1125	30068890	Influenza C virus (C/Iwate/2/2016)		Homo sapiens	C/Iwate/2/2016	
LC327665	icv-ncbi-refseqs-seg7	7	7			2016				862	30068890	Influenza C virus (C/Iwate/2/2016)		Homo sapiens	C/Iwate/2/2016	
D78393	icv-ncbi-refseqs-seg1	1	1							469	8757991	Influenza C virus (C/Mississippi/80)		Homo sapiens	C/Mississippi/80	
D78392	icv-ncbi-refseqs-seg3	3	3							372	8757991	Influenza C virus (C/Mississippi/80)		Homo sapiens	C/Mississippi/80	
AB000720	icv-ncbi-refseqs-seg6	6	6							1136	9354270	Influenza C virus (C/Mississippi/80)		Homo sapiens	C/Mississippi/80	
LC123401	icv-ncbi-refseqs-seg2	2	2			1980				2322	27384661	Influenza C virus (C/Mississippi/80)		Homo sapiens	C/Mississippi/80	
LC122635	icv-ncbi-refseqs-seg4	4	4	Mississippi		1980				1983	27384661	Influenza C virus (C/Mississippi/80)		Homo sapiens	C/Mississippi/80	
LC123735	icv-ncbi-refseqs-seg5	5	5			1980				1754	27384661	Influenza C virus (C/Mississippi/80)		Homo sapiens	C/Mississippi/80	
M31007	icv-ncbi-refseqs-seg7	7	7							894	2943076	Influenza C virus (C/Mississippi/80)			C/Mississippi/80	
LC123328	icv-ncbi-refseqs-seg1	1	1			2002				2325	27384661	Influenza C virus (C/Miyagi/11/2002)		Homo sapiens	C/Miyagi/11/2002	
LC123430	icv-ncbi-refseqs-seg2	2	2			2002				2322	27384661	Influenza C virus (C/Miyagi/11/2002)		Homo sapiens	C/Miyagi/11/2002	
LC123532	icv-ncbi-refseqs-seg3	3	3			2002				2139	27384661	Influenza C virus (C/Miyagi/11/2002)		Homo sapiens	C/Miyagi/11/2002	
LC122640	icv-ncbi-refseqs-seg4	4	4	Kanagawa		2002				1926	27384661	Influenza C virus (C/Miyagi/11/2002)		Homo sapiens	C/Miyagi/11/2002	
LC123762	icv-ncbi-refseqs-seg5	5	5			2002				1754	27384661	Influenza C virus (C/Miyagi/11/2002)		Homo sapiens	C/Miyagi/11/2002	
LC123826	icv-ncbi-refseqs-seg6	6	6			2002				1125	27384661	Influenza C virus (C/Miyagi/11/2002)		Homo sapiens	C/Miyagi/11/2002	
LC124990	icv-ncbi-refseqs-seg7	7	7			2002				862	27384661	Influenza C virus (C/Miyagi/11/2002)		Homo sapiens	C/Miyagi/11/2002	
LC123338	icv-ncbi-refseqs-seg1	1	1			2004				2325	27384661	Influenza C virus (C/Miyagi/12/2004)		Homo sapiens	C/Miyagi/12/2004	
LC123440	icv-ncbi-refseqs-seg2	2	2			2004				2322	27384661	Influenza C virus (C/Miyagi/12/2004)		Homo sapiens	C/Miyagi/12/2004	
LC123542	icv-ncbi-refseqs-seg3	3	3			2004				2139	27384661	Influenza C virus (C/Miyagi/12/2004)		Homo sapiens	C/Miyagi/12/2004	
AB252156	icv-ncbi-refseqs-seg4	4	4	Kanagawa						1926	17215347	Influenza C virus (C/Miyagi/12/2004)			C/Miyagi/12/2004	
LC123771	icv-ncbi-refseqs-seg5	5	5			2004				1754	27384661	Influenza C virus (C/Miyagi/12/2004)		Homo sapiens	C/Miyagi/12/2004	
LC123836	icv-ncbi-refseqs-seg6	6	6			2004				1125	27384661	Influenza C virus (C/Miyagi/12/2004)		Homo sapiens	C/Miyagi/12/2004	
LC125000	icv-ncbi-refseqs-seg7	7	7			2004				862	27384661	Influenza C virus (C/Miyagi/12/2004)		Homo sapiens	C/Miyagi/12/2004	
LC123345	icv-ncbi-refseqs-seg1	1	1			2005				2325	27384661	Influenza C virus (C/Miyagi/2/2005)		Homo sapiens	C/Miyagi/2/2005	
LC123447	icv-ncbi-refseqs-seg2	2	2			2005				2322	27384661	Influenza C virus (C/Miyagi/2/2005)		Homo sapiens	C/Miyagi/2/2005	
LC123549	icv-ncbi-refseqs-seg3	3	3			2005				2139	27384661	Influenza C virus (C/Miyagi/2/2005)		Homo sapiens	C/Miyagi/2/2005	
LC122651	icv-ncbi-refseqs-seg4	4	4	Kanagawa		2005				1964	27384661	Influenza C virus (C/Miyagi/2/2005)		Homo sapiens	C/Miyagi/2/2005	
LC123777	icv-ncbi-refseqs-seg5	5	5			2005				1754	27384661	Influenza C virus (C/Miyagi/2/2005)		Homo sapiens	C/Miyagi/2/2005	
LC123843	icv-ncbi-refseqs-seg6	6	6			2005				1125	27384661	Influenza C virus (C/Miyagi/2/2005)		Homo sapiens	C/Miyagi/2/2005	
LC125007	icv-ncbi-refseqs-seg7	7	7			2005				880	27384661	Influenza C virus (C/Miyagi/2/2005)		Homo sapiens	C/Miyagi/2/2005	
LC123360	icv-ncbi-refseqs-seg1	1	1			2008				2325	27384661	Influenza C virus (C/Miyagi/2/2008)		Homo sapiens	C/Miyagi/2/2008	
LC123462	icv-ncbi-refseqs-seg2	2	2			2008				2322	27384661	Influenza C virus (C/Miyagi/2/2008)		Homo sapiens	C/Miyagi/2/2008	
LC123564	icv-ncbi-refseqs-seg3	3	3			2008				2139	27384661	Influenza C virus (C/Miyagi/2/2008)		Homo sapiens	C/Miyagi/2/2008	
LC122664	icv-ncbi-refseqs-seg4	4	4	SaoPaolo		2008				1986	27384661	Influenza C virus (C/Miyagi/2/2008)		Homo sapiens	C/Miyagi/2/2008	
LC123791	icv-ncbi-refseqs-seg5	5	5			2008				1754	27384661	Influenza C virus (C/Miyagi/2/2008)		Homo sapiens	C/Miyagi/2/2008	
LC123858	icv-ncbi-refseqs-seg6	6	6			2008				1125	27384661	Influenza C virus (C/Miyagi/2/2008)		Homo sapiens	C/Miyagi/2/2008	
LC125022	icv-ncbi-refseqs-seg7	7	7			2008				880	27384661	Influenza C virus (C/Miyagi/2/2008)		Homo sapiens	C/Miyagi/2/2008	
LC123371	icv-ncbi-refseqs-seg1	1	1			2012				2325	27384661	Influenza C virus (C/Miyagi/2/2012)		Homo sapiens	C/Miyagi/2/2012	
LC123473	icv-ncbi-refseqs-seg2	2	2			2012				2322	27384661	Influenza C virus (C/Miyagi/2/2012)		Homo sapiens	C/Miyagi/2/2012	
LC123575	icv-ncbi-refseqs-seg3	3	3			2012				2139	27384661	Influenza C virus (C/Miyagi/2/2012)		Homo sapiens	C/Miyagi/2/2012	
LC122672	icv-ncbi-refseqs-seg4	4	4	SaoPaolo		2012				1986	27384661	Influenza C virus (C/Miyagi/2/2012)		Homo sapiens	C/Miyagi/2/2012	
LC123801	icv-ncbi-refseqs-seg5	5	5			2012				1754	27384661	Influenza C virus (C/Miyagi/2/2012)		Homo sapiens	C/Miyagi/2/2012	
LC123869	icv-ncbi-refseqs-seg6	6	6			2012				1125	27384661	Influenza C virus (C/Miyagi/2/2012)		Homo sapiens	C/Miyagi/2/2012	
LC125033	icv-ncbi-refseqs-seg7	7	7			2012				880	27384661	Influenza C virus (C/Miyagi/2/2012)		Homo sapiens	C/Miyagi/2/2012	
LC123380	icv-ncbi-refseqs-seg1	1	1			2014				2325	27384661	Influenza C virus (C/Miyagi/2/2014)		Homo sapiens	C/Miyagi/2/2014	
LC123482	icv-ncbi-refseqs-seg2	2	2			2014				2322	27384661	Influenza C virus (C/Miyagi/2/2014)		Homo sapiens	C/Miyagi/2/2014	
LC123584	icv-ncbi-refseqs-seg3	3	3			2014				2139	27384661	Influenza C virus (C/Miyagi/2/2014)		Homo sapiens	C/Miyagi/2/2014	
LC122674	icv-ncbi-refseqs-seg4	4	4	Kanagawa		2014				1986	27384661	Influenza C virus (C/Miyagi/2/2014)		Homo sapiens	C/Miyagi/2/2014	
LC123810	icv-ncbi-refseqs-seg5	5	5			2014				1754	27384661	Influenza C virus (C/Miyagi/2/2014)		Homo sapiens	C/Miyagi/2/2014	
LC123878	icv-ncbi-refseqs-seg6	6	6			2014				1125	27384661	Influenza C virus (C/Miyagi/2/2014)		Homo sapiens	C/Miyagi/2/2014	
LC125042	icv-ncbi-refseqs-seg7	7	7			2014				880	27384661	Influenza C virus (C/Miyagi/2/2014)		Homo sapiens	C/Miyagi/2/2014	
LC123329	icv-ncbi-refseqs-seg1	1	1			2002				2325	27384661	Influenza C virus (C/Miyagi/20/2002)		Homo sapiens	C/Miyagi/20/2002	
LC123431	icv-ncbi-refseqs-seg2	2	2			2002				2322	27384661	Influenza C virus (C/Miyagi/20/2002)		Homo sapiens	C/Miyagi/20/2002	
LC123533	icv-ncbi-refseqs-seg3	3	3			2002				2139	27384661	Influenza C virus (C/Miyagi/20/2002)		Homo sapiens	C/Miyagi/20/2002	
LC122641	icv-ncbi-refseqs-seg4	4	4	Yamagata		2002				1926	27384661	Influenza C virus (C/Miyagi/20/2002)		Homo sapiens	C/Miyagi/20/2002	
LC123763	icv-ncbi-refseqs-seg5	5	5			2002				1754	27384661	Influenza C virus (C/Miyagi/20/2002)		Homo sapiens	C/Miyagi/20/2002	
LC123827	icv-ncbi-refseqs-seg6	6	6			2002				1125	27384661	Influenza C virus (C/Miyagi/20/2002)		Homo sapiens	C/Miyagi/20/2002	
LC124991	icv-ncbi-refseqs-seg7	7	7			2002				862	27384661	Influenza C virus (C/Miyagi/20/2002)		Homo sapiens	C/Miyagi/20/2002	
LC123339	icv-ncbi-refseqs-seg1	1	1			2004				2325	27384661	Influenza C virus (C/Miyagi/25/2004)		Homo sapiens	C/Miyagi/25/2004	
LC123441	icv-ncbi-refseqs-seg2	2	2			2004				2322	27384661	Influenza C virus (C/Miyagi/25/2004)		Homo sapiens	C/Miyagi/25/2004	
LC123543	icv-ncbi-refseqs-seg3	3	3			2004				2139	27384661	Influenza C virus (C/Miyagi/25/2004)		Homo sapiens	C/Miyagi/25/2004	
LC122646	icv-ncbi-refseqs-seg4	4	4	Kanagawa		2004				1926	27384661	Influenza C virus (C/Miyagi/25/2004)		Homo sapiens	C/Miyagi/25/2004	
LC123772	icv-ncbi-refseqs-seg5	5	5			2004				1754	27384661	Influenza C virus (C/Miyagi/25/2004)		Homo sapiens	C/Miyagi/25/2004	
LC123837	icv-ncbi-refseqs-seg6	6	6			2004				1125	27384661	Influenza C virus (C/Miyagi/25/2004)		Homo sapiens	C/Miyagi/25/2004	
LC125001	icv-ncbi-refseqs-seg7	7	7			2004				862	27384661	Influenza C virus (C/Miyagi/25/2004)		Homo sapiens	C/Miyagi/25/2004	
LC123330	icv-ncbi-refseqs-seg1	1	1			2002				2325	27384661	Influenza C virus (C/Miyagi/28/2002)		Homo sapiens	C/Miyagi/28/2002	
LC123432	icv-ncbi-refseqs-seg2	2	2			2002				2322	27384661	Influenza C virus (C/Miyagi/28/2002)		Homo sapiens	C/Miyagi/28/2002	
LC123534	icv-ncbi-refseqs-seg3	3	3			2002				2139	27384661	Influenza C virus (C/Miyagi/28/2002)		Homo sapiens	C/Miyagi/28/2002	
LC122642	icv-ncbi-refseqs-seg4	4	4	Kanagawa		2002				1926	27384661	Influenza C virus (C/Miyagi/28/2002)		Homo sapiens	C/Miyagi/28/2002	
LC123764	icv-ncbi-refseqs-seg5	5	5			2002				1754	27384661	Influenza C virus (C/Miyagi/28/2002)		Homo sapiens	C/Miyagi/28/2002	
LC123828	icv-ncbi-refseqs-seg6	6	6			2002				1125	27384661	Influenza C virus (C/Miyagi/28/2002)		Homo sapiens	C/Miyagi/28/2002	
LC124992	icv-ncbi-refseqs-seg7	7	7			2002				862	27384661	Influenza C virus (C/Miyagi/28/2002)		Homo sapiens	C/Miyagi/28/2002	
LC123362	icv-ncbi-refseqs-seg1	1	1			2010				2325	27384661	Influenza C virus (C/Miyagi/3/2010)		Homo sapiens	C/Miyagi/3/2010	
LC123464	icv-ncbi-refseqs-seg2	2	2			2010				2322	27384661	Influenza C virus (C/Miyagi/3/2010)		Homo sapiens	C/Miyagi/3/2010	
LC123566	icv-ncbi-refseqs-seg3	3	3			2010				2139	27384661	Influenza C virus (C/Miyagi/3/2010)		Homo sapiens	C/Miyagi/3/2010	
LC122665	icv-ncbi-refseqs-seg4	4	4	SaoPaolo		2010				1986	27384661	Influenza C virus (C/Miyagi/3/2010)		Homo sapiens	C/Miyagi/3/2010	
LC123792	icv-ncbi-refseqs-seg5	5	5			2010				1754	27384661	Influenza C virus (C/Miyagi/3/2010)		Homo sapiens	C/Miyagi/3/2010	
LC123860	icv-ncbi-refseqs-seg6	6	6			2010				1125	27384661	Influenza C virus (C/Miyagi/3/2010)		Homo sapiens	C/Miyagi/3/2010	
LC125024	icv-ncbi-refseqs-seg7	7	7			2010				880	27384661	Influenza C virus (C/Miyagi/3/2010)		Homo sapiens	C/Miyagi/3/2010	
LC123331	icv-ncbi-refseqs-seg1	1	1			2002				2325	27384661	Influenza C virus (C/Miyagi/31/2002)		Homo sapiens	C/Miyagi/31/2002	
LC123433	icv-ncbi-refseqs-seg2	2	2			2002				2322	27384661	Influenza C virus (C/Miyagi/31/2002)		Homo sapiens	C/Miyagi/31/2002	
LC123535	icv-ncbi-refseqs-seg3	3	3			2002				2139	27384661	Influenza C virus (C/Miyagi/31/2002)		Homo sapiens	C/Miyagi/31/2002	
LC122643	icv-ncbi-refseqs-seg4	4	4	Kanagawa		2002				1926	27384661	Influenza C virus (C/Miyagi/31/2002)		Homo sapiens	C/Miyagi/31/2002	
LC123765	icv-ncbi-refseqs-seg5	5	5			2002				1754	27384661	Influenza C virus (C/Miyagi/31/2002)		Homo sapiens	C/Miyagi/31/2002	
LC123829	icv-ncbi-refseqs-seg6	6	6			2002				1125	27384661	Influenza C virus (C/Miyagi/31/2002)		Homo sapiens	C/Miyagi/31/2002	
LC124993	icv-ncbi-refseqs-seg7	7	7			2002				862	27384661	Influenza C virus (C/Miyagi/31/2002)		Homo sapiens	C/Miyagi/31/2002	
LC123327	icv-ncbi-refseqs-seg1	1	1			2002				2325	27384661	Influenza C virus (C/Miyagi/4/2002)		Homo sapiens	C/Miyagi/4/2002	
LC123429	icv-ncbi-refseqs-seg2	2	2			2002				2322	27384661	Influenza C virus (C/Miyagi/4/2002)		Homo sapiens	C/Miyagi/4/2002	
LC123531	icv-ncbi-refseqs-seg3	3	3			2002				2139	27384661	Influenza C virus (C/Miyagi/4/2002)		Homo sapiens	C/Miyagi/4/2002	
LC122639	icv-ncbi-refseqs-seg4	4	4	Kanagawa		2002				1926	27384661	Influenza C virus (C/Miyagi/4/2002)		Homo sapiens	C/Miyagi/4/2002	
AB684312	icv-ncbi-refseqs-seg5	5	5			2002	JAN	24		1754	22398038	Influenza C virus (C/Miyagi/4/2002)			C/Miyagi/4/2002	
LC123825	icv-ncbi-refseqs-seg6	6	6			2002				1125	27384661	Influenza C virus (C/Miyagi/4/2002)		Homo sapiens	C/Miyagi/4/2002	
LC124989	icv-ncbi-refseqs-seg7	7	7			2002				862	27384661	Influenza C virus (C/Miyagi/4/2002)		Homo sapiens	C/Miyagi/4/2002	
LC123346	icv-ncbi-refseqs-seg1	1	1			2005				2325	27384661	Influenza C virus (C/Miyagi/4/2005)		Homo sapiens	C/Miyagi/4/2005	
LC123448	icv-ncbi-refseqs-seg2	2	2			2005				2322	27384661	Influenza C virus (C/Miyagi/4/2005)		Homo sapiens	C/Miyagi/4/2005	
LC123550	icv-ncbi-refseqs-seg3	3	3			2005				2139	27384661	Influenza C virus (C/Miyagi/4/2005)		Homo sapiens	C/Miyagi/4/2005	
LC122652	icv-ncbi-refseqs-seg4	4	4	Kanagawa		2005				1986	27384661	Influenza C virus (C/Miyagi/4/2005)		Homo sapiens	C/Miyagi/4/2005	
LC123778	icv-ncbi-refseqs-seg5	5	5			2005				1754	27384661	Influenza C virus (C/Miyagi/4/2005)		Homo sapiens	C/Miyagi/4/2005	
LC123844	icv-ncbi-refseqs-seg6	6	6			2005				1125	27384661	Influenza C virus (C/Miyagi/4/2005)		Homo sapiens	C/Miyagi/4/2005	
LC125008	icv-ncbi-refseqs-seg7	7	7			2005				880	27384661	Influenza C virus (C/Miyagi/4/2005)		Homo sapiens	C/Miyagi/4/2005	
LC123354	icv-ncbi-refseqs-seg1	1	1			2006				2325	27384661	Influenza C virus (C/Miyagi/4/2006)		Homo sapiens	C/Miyagi/4/2006	
LC123456	icv-ncbi-refseqs-seg2	2	2			2006				2322	27384661	Influenza C virus (C/Miyagi/4/2006)		Homo sapiens	C/Miyagi/4/2006	
LC123558	icv-ncbi-refseqs-seg3	3	3			2006				2139	27384661	Influenza C virus (C/Miyagi/4/2006)		Homo sapiens	C/Miyagi/4/2006	
LC122659	icv-ncbi-refseqs-seg4	4	4	SaoPaolo		2006				1986	27384661	Influenza C virus (C/Miyagi/4/2006)		Homo sapiens	C/Miyagi/4/2006	
LC123786	icv-ncbi-refseqs-seg5	5	5			2006				1754	27384661	Influenza C virus (C/Miyagi/4/2006)		Homo sapiens	C/Miyagi/4/2006	
LC123852	icv-ncbi-refseqs-seg6	6	6			2006				1125	27384661	Influenza C virus (C/Miyagi/4/2006)		Homo sapiens	C/Miyagi/4/2006	
LC125016	icv-ncbi-refseqs-seg7	7	7			2006				880	27384661	Influenza C virus (C/Miyagi/4/2006)		Homo sapiens	C/Miyagi/4/2006	
LC123340	icv-ncbi-refseqs-seg1	1	1			2004				2325	27384661	Influenza C virus (C/Miyagi/42/2004)		Homo sapiens	C/Miyagi/42/2004	
LC123442	icv-ncbi-refseqs-seg2	2	2			2004				2322	27384661	Influenza C virus (C/Miyagi/42/2004)		Homo sapiens	C/Miyagi/42/2004	
LC123544	icv-ncbi-refseqs-seg3	3	3			2004				2139	27384661	Influenza C virus (C/Miyagi/42/2004)		Homo sapiens	C/Miyagi/42/2004	
AB252157	icv-ncbi-refseqs-seg4	4	4	Kanagawa						1926	17215347	Influenza C virus (C/Miyagi/42/2004)			C/Miyagi/42/2004	
LC123773	icv-ncbi-refseqs-seg5	5	5			2004				1754	27384661	Influenza C virus (C/Miyagi/42/2004)		Homo sapiens	C/Miyagi/42/2004	
LC123838	icv-ncbi-refseqs-seg6	6	6			2004				1125	27384661	Influenza C virus (C/Miyagi/42/2004)		Homo sapiens	C/Miyagi/42/2004	
LC125002	icv-ncbi-refseqs-seg7	7	7			2004				862	27384661	Influenza C virus (C/Miyagi/42/2004)		Homo sapiens	C/Miyagi/42/2004	
LC123341	icv-ncbi-refseqs-seg1	1	1			2004				2325	27384661	Influenza C virus (C/Miyagi/47/2004)		Homo sapiens	C/Miyagi/47/2004	
LC123443	icv-ncbi-refseqs-seg2	2	2			2004				2322	27384661	Influenza C virus (C/Miyagi/47/2004)		Homo sapiens	C/Miyagi/47/2004	
LC123545	icv-ncbi-refseqs-seg3	3	3			2004				2139	27384661	Influenza C virus (C/Miyagi/47/2004)		Homo sapiens	C/Miyagi/47/2004	
LC122647	icv-ncbi-refseqs-seg4	4	4	Kanagawa		2004				1926	27384661	Influenza C virus (C/Miyagi/47/2004)		Homo sapiens	C/Miyagi/47/2004	
LC123774	icv-ncbi-refseqs-seg5	5	5			2004				1754	27384661	Influenza C virus (C/Miyagi/47/2004)		Homo sapiens	C/Miyagi/47/2004	
LC123839	icv-ncbi-refseqs-seg6	6	6			2004				1125	27384661	Influenza C virus (C/Miyagi/47/2004)		Homo sapiens	C/Miyagi/47/2004	
LC125003	icv-ncbi-refseqs-seg7	7	7			2004				862	27384661	Influenza C virus (C/Miyagi/47/2004)		Homo sapiens	C/Miyagi/47/2004	
LC123381	icv-ncbi-refseqs-seg1	1	1			2014				2325	27384661	Influenza C virus (C/Miyagi/5/2014)		Homo sapiens	C/Miyagi/5/2014	
LC123483	icv-ncbi-refseqs-seg2	2	2			2014				2322	27384661	Influenza C virus (C/Miyagi/5/2014)		Homo sapiens	C/Miyagi/5/2014	
LC123585	icv-ncbi-refseqs-seg3	3	3			2014				2139	27384661	Influenza C virus (C/Miyagi/5/2014)		Homo sapiens	C/Miyagi/5/2014	
LC122675	icv-ncbi-refseqs-seg4	4	4	SaoPaolo		2014				1986	27384661	Influenza C virus (C/Miyagi/5/2014)		Homo sapiens	C/Miyagi/5/2014	
LC123811	icv-ncbi-refseqs-seg5	5	5			2014				1754	27384661	Influenza C virus (C/Miyagi/5/2014)		Homo sapiens	C/Miyagi/5/2014	
LC123879	icv-ncbi-refseqs-seg6	6	6			2014				1125	27384661	Influenza C virus (C/Miyagi/5/2014)		Homo sapiens	C/Miyagi/5/2014	
LC125043	icv-ncbi-refseqs-seg7	7	7			2014				880	27384661	Influenza C virus (C/Miyagi/5/2014)		Homo sapiens	C/Miyagi/5/2014	
LC123382	icv-ncbi-refseqs-seg1	1	1			2014				2325	27384661	Influenza C virus (C/Miyagi/6/2014)		Homo sapiens	C/Miyagi/6/2014	
LC123484	icv-ncbi-refseqs-seg2	2	2			2014				2322	27384661	Influenza C virus (C/Miyagi/6/2014)		Homo sapiens	C/Miyagi/6/2014	
LC123586	icv-ncbi-refseqs-seg3	3	3			2014				2139	27384661	Influenza C virus (C/Miyagi/6/2014)		Homo sapiens	C/Miyagi/6/2014	
LC122676	icv-ncbi-refseqs-seg4	4	4	SaoPaolo		2014				1986	27384661	Influenza C virus (C/Miyagi/6/2014)		Homo sapiens	C/Miyagi/6/2014	
LC123812	icv-ncbi-refseqs-seg5	5	5			2014				1754	27384661	Influenza C virus (C/Miyagi/6/2014)		Homo sapiens	C/Miyagi/6/2014	
LC123880	icv-ncbi-refseqs-seg6	6	6			2014				1125	27384661	Influenza C virus (C/Miyagi/6/2014)		Homo sapiens	C/Miyagi/6/2014	
LC125044	icv-ncbi-refseqs-seg7	7	7			2014				880	27384661	Influenza C virus (C/Miyagi/6/2014)		Homo sapiens	C/Miyagi/6/2014	
D78440	icv-ncbi-refseqs-seg5	5	5							600	8757991	Influenza C virus (C/Nara/2/85)		Homo sapiens	C/Nara/2/85	
D78441	icv-ncbi-refseqs-seg7	7	7							341	8757991	Influenza C virus (C/Nara/2/85)		Homo sapiens	C/Nara/2/85	
D30700	icv-ncbi-refseqs-seg1	1	1							379	7996155	Influenza C virus (C/Nara/2/85)			C/Nara/2/85	
D30698	icv-ncbi-refseqs-seg2	2	2							342	7996155	Influenza C virus (C/Nara/2/85)			C/Nara/2/85	
D30695	icv-ncbi-refseqs-seg3	3	3							259	7996155	Influenza C virus (C/Nara/2/85)			C/Nara/2/85	
D30697	icv-ncbi-refseqs-seg4	4	4	Yamagata						1987	7996155	Influenza C virus (C/Nara/2/85)			C/Nara/2/85	
D30701	icv-ncbi-refseqs-seg6	6	6							369	7996155	Influenza C virus (C/Nara/2/85)			C/Nara/2/85	
MZ331006	icv-ncbi-refseqs-seg1	1	1			2015	JUL	3		2325		Influenza C virus		Homo sapiens	C/Palawan/061/2015	nasal swab
MZ331005	icv-ncbi-refseqs-seg2	2	2			2015	JUL	3		2265		Influenza C virus		Homo sapiens	C/Palawan/061/2015	nasal swab
MZ331004	icv-ncbi-refseqs-seg3	3	3			2015	JUL	3		2130		Influenza C virus		Homo sapiens	C/Palawan/061/2015	nasal swab
MZ331000	icv-ncbi-refseqs-seg4	4	4	Kanagawa		2015	JUL	3		1968		Influenza C virus		Homo sapiens	C/Palawan/061/2015	nasal swab
MZ331002	icv-ncbi-refseqs-seg5	5	5			2015	JUL	3		1698		Influenza C virus		Homo sapiens	C/Palawan/061/2015	nasal swab
MZ331001	icv-ncbi-refseqs-seg6	6	6			2015	JUL	3		1125		Influenza C virus		Homo sapiens	C/Palawan/061/2015	nasal swab
MZ331003	icv-ncbi-refseqs-seg7	7	7			2015	JUL	3		862		Influenza C virus		Homo sapiens	C/Palawan/061/2015	nasal swab
MZ331013	icv-ncbi-refseqs-seg1	1	1			2014	MAR	18		2325		Influenza C virus		Homo sapiens	C/Palawan/068/2014	nasal swab
MZ331012	icv-ncbi-refseqs-seg2	2	2			2014	MAR	18		2265		Influenza C virus		Homo sapiens	C/Palawan/068/2014	nasal swab
MZ331011	icv-ncbi-refseqs-seg3	3	3			2014	MAR	18		2130		Influenza C virus		Homo sapiens	C/Palawan/068/2014	nasal swab
MZ331007	icv-ncbi-refseqs-seg4	4	4	SaoPaolo		2014	MAR	18		1968		Influenza C virus		Homo sapiens	C/Palawan/068/2014	nasal swab
MZ331009	icv-ncbi-refseqs-seg5	5	5			2014	MAR	18		1698		Influenza C virus		Homo sapiens	C/Palawan/068/2014	nasal swab
MZ331008	icv-ncbi-refseqs-seg6	6	6			2014	MAR	18		1125		Influenza C virus		Homo sapiens	C/Palawan/068/2014	nasal swab
MZ331010	icv-ncbi-refseqs-seg7	7	7			2014	MAR	18		862		Influenza C virus		Homo sapiens	C/Palawan/068/2014	nasal swab
LC123287	icv-ncbi-refseqs-seg1	1	1			1967				2325	27384661	Influenza C virus (C/Paris/1/67)		Homo sapiens	C/Paris/1/67	
LC123389	icv-ncbi-refseqs-seg2	2	2			1967				2322	27384661	Influenza C virus (C/Paris/1/67)		Homo sapiens	C/Paris/1/67	
LC123491	icv-ncbi-refseqs-seg3	3	3			1967				2139	27384661	Influenza C virus (C/Paris/1/67)		Homo sapiens	C/Paris/1/67	
AB035357	icv-ncbi-refseqs-seg4	4		Taylor		1967				1987	10811928	Influenza C virus		Homo sapiens	C/Paris/1/67	
LC123725	icv-ncbi-refseqs-seg5	5	5			1967				1749	27384661	Influenza C virus (C/Paris/1/67)		Homo sapiens	C/Paris/1/67	
LC123817	icv-ncbi-refseqs-seg6	6	6			1967				1125	27384661	Influenza C virus (C/Paris/1/67)		Homo sapiens	C/Paris/1/67	
LC124980	icv-ncbi-refseqs-seg7	7	7			1967				880	27384661	Influenza C virus (C/Paris/1/67)		Homo sapiens	C/Paris/1/67	
KT835343	icv-ncbi-refseqs-seg1	1	1			2007				2221	26655269	Influenza C virus (C/Scotland/6855/2007)		Homo sapiens	C/Scotland/6855/2007	respiratory sample
KT835338	icv-ncbi-refseqs-seg2	2	2			2007				2194	26655269	Influenza C virus (C/Scotland/6855/2007)		Homo sapiens	C/Scotland/6855/2007	respiratory sample
KT835348	icv-ncbi-refseqs-seg3	3	3			2007				1998	26655269	Influenza C virus (C/Scotland/6855/2007)		Homo sapiens	C/Scotland/6855/2007	respiratory sample
KT835351	icv-ncbi-refseqs-seg4	4	4	SaoPaolo		2007				1817	26655269	Influenza C virus (C/Scotland/6855/2007)		Homo sapiens	C/Scotland/6855/2007	respiratory sample
KT835360	icv-ncbi-refseqs-seg5	5	5			2007				1633	26655269	Influenza C virus (C/Scotland/6855/2007)		Homo sapiens	C/Scotland/6855/2007	respiratory sample
KT835361	icv-ncbi-refseqs-seg6	6	6			2007				980	26655269	Influenza C virus (C/Scotland/6855/2007)		Homo sapiens	C/Scotland/6855/2007	respiratory sample
KT835370	icv-ncbi-refseqs-seg7	7	7			2007				735	26655269	Influenza C virus (C/Scotland/6855/2007)		Homo sapiens	C/Scotland/6855/2007	respiratory sample
KT835342	icv-ncbi-refseqs-seg1	1	1			2007				2221	26655269	Influenza C virus (C/Scotland/7274/2007)		Homo sapiens	C/Scotland/7274/2007	respiratory sample
KT835339	icv-ncbi-refseqs-seg2	2	2			2007				2194	26655269	Influenza C virus (C/Scotland/7274/2007)		Homo sapiens	C/Scotland/7274/2007	respiratory sample
KT835347	icv-ncbi-refseqs-seg3	3	3			2007				1998	26655269	Influenza C virus (C/Scotland/7274/2007)		Homo sapiens	C/Scotland/7274/2007	respiratory sample
KT835352	icv-ncbi-refseqs-seg4	4	4	SaoPaolo		2007				1817	26655269	Influenza C virus (C/Scotland/7274/2007)		Homo sapiens	C/Scotland/7274/2007	respiratory sample
KT835358	icv-ncbi-refseqs-seg5	5	5			2007				1624	26655269	Influenza C virus (C/Scotland/7274/2007)		Homo sapiens	C/Scotland/7274/2007	respiratory sample
KT835362	icv-ncbi-refseqs-seg6	6	6			2007				982	26655269	Influenza C virus (C/Scotland/7274/2007)		Homo sapiens	C/Scotland/7274/2007	respiratory sample
KT835369	icv-ncbi-refseqs-seg7	7	7			2007				737	26655269	Influenza C virus (C/Scotland/7274/2007)		Homo sapiens	C/Scotland/7274/2007	respiratory sample
KT835341	icv-ncbi-refseqs-seg1	1	1			2007				2221	26655269	Influenza C virus (C/Scotland/7383/2007)		Homo sapiens	C/Scotland/7383/2007	respiratory sample
KT835337	icv-ncbi-refseqs-seg2	2	2			2007				2194	26655269	Influenza C virus (C/Scotland/7383/2007)		Homo sapiens	C/Scotland/7383/2007	respiratory sample
KT835346	icv-ncbi-refseqs-seg3	3	3			2007				1998	26655269	Influenza C virus (C/Scotland/7383/2007)		Homo sapiens	C/Scotland/7383/2007	respiratory sample
KT835353	icv-ncbi-refseqs-seg4	4	4	Kanagawa		2007				1817	26655269	Influenza C virus (C/Scotland/7383/2007)		Homo sapiens	C/Scotland/7383/2007	respiratory sample
KT835356	icv-ncbi-refseqs-seg5	5	5			2007				1635	26655269	Influenza C virus (C/Scotland/7383/2007)		Homo sapiens	C/Scotland/7383/2007	respiratory sample
KT835364	icv-ncbi-refseqs-seg6	6	6			2007				973	26655269	Influenza C virus (C/Scotland/7383/2007)		Homo sapiens	C/Scotland/7383/2007	respiratory sample
KT835368	icv-ncbi-refseqs-seg7	7	7			2007				737	26655269	Influenza C virus (C/Scotland/7383/2007)		Homo sapiens	C/Scotland/7383/2007	respiratory sample
KT835340	icv-ncbi-refseqs-seg1	1	1			2007				2221	26655269	Influenza C virus (C/Scotland/7482/2007)		Homo sapiens	C/Scotland/7482/2007	respiratory sample
KT835336	icv-ncbi-refseqs-seg2	2	2			2007				2194	26655269	Influenza C virus (C/Scotland/7482/2007)		Homo sapiens	C/Scotland/7482/2007	respiratory sample
KT835345	icv-ncbi-refseqs-seg3	3	3			2007				1998	26655269	Influenza C virus (C/Scotland/7482/2007)		Homo sapiens	C/Scotland/7482/2007	respiratory sample
KT835354	icv-ncbi-refseqs-seg4	4	4	SaoPaolo		2007				1817	26655269	Influenza C virus (C/Scotland/7482/2007)		Homo sapiens	C/Scotland/7482/2007	respiratory sample
KT835357	icv-ncbi-refseqs-seg5	5	5			2007				799	26655269	Influenza C virus (C/Scotland/7482/2007)		Homo sapiens	C/Scotland/7482/2007	respiratory sample
KT835363	icv-ncbi-refseqs-seg6	6	6			2007				982	26655269	Influenza C virus (C/Scotland/7482/2007)		Homo sapiens	C/Scotland/7482/2007	respiratory sample
KT835367	icv-ncbi-refseqs-seg7	7	7			2007				737	26655269	Influenza C virus (C/Scotland/7482/2007)		Homo sapiens	C/Scotland/7482/2007	respiratory sample
MK050104	icv-ncbi-refseqs-seg1	1	1			2015	APR	11		2325	30978620	Influenza C virus		Homo sapiens	C/Seoul/APD462/2015	
MK050103	icv-ncbi-refseqs-seg2	2	2			2015	APR	11		2265	30978620	Influenza C virus		Homo sapiens	C/Seoul/APD462/2015	
MK050102	icv-ncbi-refseqs-seg3	3	3			2015	APR	11		2130	30978620	Influenza C virus		Homo sapiens	C/Seoul/APD462/2015	
MK050092	icv-ncbi-refseqs-seg4	4	4	SaoPaolo		2015	APR	11		1888	30978620	Influenza C virus		Homo sapiens	C/Seoul/APD462/2015	
MK050100	icv-ncbi-refseqs-seg5	5	5			2015	APR	11		1747	30978620	Influenza C virus		Homo sapiens	C/Seoul/APD462/2015	
MK050101	icv-ncbi-refseqs-seg6	6	6			2015	APR	11		1125	30978620	Influenza C virus		Homo sapiens	C/Seoul/APD462/2015	
MK050096	icv-ncbi-refseqs-seg7	7	7			2015	APR	11		778	30978620	Influenza C virus		Homo sapiens	C/Seoul/APD462/2015	
JX963126	icv-ncbi-refseqs-seg1	1	1			2006	MAY	18		2247		Influenza C virus (C/Singapore/DSO-050530/2006)		Homo sapiens	C/Singapore/DSO-050530/2006	
JX963122	icv-ncbi-refseqs-seg2	2	2			2006	MAY	18		2211		Influenza C virus (C/Singapore/DSO-050530/2006)		Homo sapiens	C/Singapore/DSO-050530/2006	
JX963118	icv-ncbi-refseqs-seg3	3	3			2006	MAY	18		2070		Influenza C virus (C/Singapore/DSO-050530/2006)		Homo sapiens	C/Singapore/DSO-050530/2006	
GQ853455	icv-ncbi-refseqs-seg4	4	4	Kanagawa		2006	MAY	18		1987		Influenza C virus (C/Singapore/DSO-050530/2006)		Homo sapiens	C/Singapore/DSO-050530/2006	
JX963110	icv-ncbi-refseqs-seg5	5	5			2006	MAY	18		1682		Influenza C virus (C/Singapore/DSO-050530/2006)		Homo sapiens	C/Singapore/DSO-050530/2006	
JX963106	icv-ncbi-refseqs-seg6	6	6			2006	MAY	18		1059		Influenza C virus (C/Singapore/DSO-050530/2006)		Homo sapiens	C/Singapore/DSO-050530/2006	
JX963114	icv-ncbi-refseqs-seg7	7	7			2006	MAY	18		863		Influenza C virus (C/Singapore/DSO-050530/2006)		Homo sapiens	C/Singapore/DSO-050530/2006	
JX963127	icv-ncbi-refseqs-seg1	1	1			2006	NOV	17		2229		Influenza C virus (C/Singapore/DSO-070170/2006)		Homo sapiens	C/Singapore/DSO-070170/2006	
JX963123	icv-ncbi-refseqs-seg2	2	2			2006	NOV	17		2189		Influenza C virus (C/Singapore/DSO-070170/2006)		Homo sapiens	C/Singapore/DSO-070170/2006	
JX963119	icv-ncbi-refseqs-seg3	3	3			2006	NOV	17		2051		Influenza C virus (C/Singapore/DSO-070170/2006)		Homo sapiens	C/Singapore/DSO-070170/2006	
GQ853453	icv-ncbi-refseqs-seg4	4	4	Kanagawa		2006	NOV	17		1983		Influenza C virus (C/Singapore/DSO-070170/2006)		Homo sapiens	C/Singapore/DSO-070170/2006	
JX963111	icv-ncbi-refseqs-seg5	5	5			2006	NOV	17		1669		Influenza C virus (C/Singapore/DSO-070170/2006)		Homo sapiens	C/Singapore/DSO-070170/2006	
JX963107	icv-ncbi-refseqs-seg6	6	6			2006	NOV	17		1058		Influenza C virus (C/Singapore/DSO-070170/2006)		Homo sapiens	C/Singapore/DSO-070170/2006	
JX963115	icv-ncbi-refseqs-seg7	7	7			2006	NOV	17		830		Influenza C virus (C/Singapore/DSO-070170/2006)		Homo sapiens	C/Singapore/DSO-070170/2006	
JX963128	icv-ncbi-refseqs-seg1	1	1			2006	NOV	29		2229		Influenza C virus (C/Singapore/DSO-070193/2006)		Homo sapiens	C/Singapore/DSO-070193/2006	
JX963124	icv-ncbi-refseqs-seg2	2	2			2006	NOV	29		2163		Influenza C virus (C/Singapore/DSO-070193/2006)		Homo sapiens	C/Singapore/DSO-070193/2006	
JX963120	icv-ncbi-refseqs-seg3	3	3			2006	NOV	29		2044		Influenza C virus (C/Singapore/DSO-070193/2006)		Homo sapiens	C/Singapore/DSO-070193/2006	
GQ853454	icv-ncbi-refseqs-seg4	4	4	Kanagawa		2006	NOV	29		1997		Influenza C virus (C/Singapore/DSO-070193/2006)		Homo sapiens	C/Singapore/DSO-070193/2006	
JX963112	icv-ncbi-refseqs-seg5	5	5			2006	NOV	29		1662		Influenza C virus (C/Singapore/DSO-070193/2006)		Homo sapiens	C/Singapore/DSO-070193/2006	
JX963108	icv-ncbi-refseqs-seg6	6	6			2006	NOV	29		1059		Influenza C virus (C/Singapore/DSO-070193/2006)		Homo sapiens	C/Singapore/DSO-070193/2006	
JX963116	icv-ncbi-refseqs-seg7	7	7			2006	NOV	29		822		Influenza C virus (C/Singapore/DSO-070193/2006)		Homo sapiens	C/Singapore/DSO-070193/2006	
JX963129	icv-ncbi-refseqs-seg1	1	1			2006	DEC	4		2242		Influenza C virus (C/Singapore/DSO-070203/2006)		Homo sapiens	C/Singapore/DSO-070203/2006	
JX963125	icv-ncbi-refseqs-seg2	2	2			2006	DEC	4		2209		Influenza C virus (C/Singapore/DSO-070203/2006)		Homo sapiens	C/Singapore/DSO-070203/2006	
JX963121	icv-ncbi-refseqs-seg3	3	3			2006	DEC	4		2066		Influenza C virus (C/Singapore/DSO-070203/2006)		Homo sapiens	C/Singapore/DSO-070203/2006	
GQ853452	icv-ncbi-refseqs-seg4	4	4	Kanagawa		2006	DEC	4		1988		Influenza C virus (C/Singapore/DSO-070203/2006)		Homo sapiens	C/Singapore/DSO-070203/2006	
JX963113	icv-ncbi-refseqs-seg5	5	5			2006	DEC	4		1682		Influenza C virus (C/Singapore/DSO-070203/2006)		Homo sapiens	C/Singapore/DSO-070203/2006	
JX963109	icv-ncbi-refseqs-seg6	6	6			2006	DEC	4		1065		Influenza C virus (C/Singapore/DSO-070203/2006)		Homo sapiens	C/Singapore/DSO-070203/2006	
JX963117	icv-ncbi-refseqs-seg7	7	7			2006	DEC	4		863		Influenza C virus (C/Singapore/DSO-070203/2006)		Homo sapiens	C/Singapore/DSO-070203/2006	
LC123383	icv-ncbi-refseqs-seg1	1	1			2014				2325	27384661	Influenza C virus (C/Tokyo/1/2014)		Homo sapiens	C/Tokyo/1/2014	
LC123485	icv-ncbi-refseqs-seg2	2	2			2014				2322	27384661	Influenza C virus (C/Tokyo/1/2014)		Homo sapiens	C/Tokyo/1/2014	
LC123587	icv-ncbi-refseqs-seg3	3	3			2014				2139	27384661	Influenza C virus (C/Tokyo/1/2014)		Homo sapiens	C/Tokyo/1/2014	
LC122677	icv-ncbi-refseqs-seg4	4	4	SaoPaolo		2014				1986	27384661	Influenza C virus (C/Tokyo/1/2014)		Homo sapiens	C/Tokyo/1/2014	
LC123813	icv-ncbi-refseqs-seg5	5	5			2014				1754	27384661	Influenza C virus (C/Tokyo/1/2014)		Homo sapiens	C/Tokyo/1/2014	
LC123881	icv-ncbi-refseqs-seg6	6	6			2014				1125	27384661	Influenza C virus (C/Tokyo/1/2014)		Homo sapiens	C/Tokyo/1/2014	
LC125045	icv-ncbi-refseqs-seg7	7	7			2014				880	27384661	Influenza C virus (C/Tokyo/1/2014)		Homo sapiens	C/Tokyo/1/2014	
LC123363	icv-ncbi-refseqs-seg1	1	1			2010				2325	27384661	Influenza C virus (C/Tokyo/3/2010)		Homo sapiens	C/Tokyo/3/2010	
LC123465	icv-ncbi-refseqs-seg2	2	2			2010				2322	27384661	Influenza C virus (C/Tokyo/3/2010)		Homo sapiens	C/Tokyo/3/2010	
LC123567	icv-ncbi-refseqs-seg3	3	3			2010				2139	27384661	Influenza C virus (C/Tokyo/3/2010)		Homo sapiens	C/Tokyo/3/2010	
LC122666	icv-ncbi-refseqs-seg4	4	4	SaoPaolo		2010				1986	27384661	Influenza C virus (C/Tokyo/3/2010)		Homo sapiens	C/Tokyo/3/2010	
LC123793	icv-ncbi-refseqs-seg5	5	5			2010				1754	27384661	Influenza C virus (C/Tokyo/3/2010)		Homo sapiens	C/Tokyo/3/2010	
LC123861	icv-ncbi-refseqs-seg6	6	6			2010				1125	27384661	Influenza C virus (C/Tokyo/3/2010)		Homo sapiens	C/Tokyo/3/2010	
LC125025	icv-ncbi-refseqs-seg7	7	7			2010				880	27384661	Influenza C virus (C/Tokyo/3/2010)		Homo sapiens	C/Tokyo/3/2010	
LC123384	icv-ncbi-refseqs-seg1	1	1			2014				2325	27384661	Influenza C virus (C/Tokyo/4/2014)		Homo sapiens	C/Tokyo/4/2014	
LC123486	icv-ncbi-refseqs-seg2	2	2			2014				2322	27384661	Influenza C virus (C/Tokyo/4/2014)		Homo sapiens	C/Tokyo/4/2014	
LC123588	icv-ncbi-refseqs-seg3	3	3			2014				2141	27384661	Influenza C virus (C/Tokyo/4/2014)		Homo sapiens	C/Tokyo/4/2014	
LC122678	icv-ncbi-refseqs-seg4	4	4	SaoPaolo		2014				1986	27384661	Influenza C virus (C/Tokyo/4/2014)		Homo sapiens	C/Tokyo/4/2014	
LC123814	icv-ncbi-refseqs-seg5	5	5			2014				1754	27384661	Influenza C virus (C/Tokyo/4/2014)		Homo sapiens	C/Tokyo/4/2014	
LC123882	icv-ncbi-refseqs-seg6	6	6			2014				1125	27384661	Influenza C virus (C/Tokyo/4/2014)		Homo sapiens	C/Tokyo/4/2014	
LC125046	icv-ncbi-refseqs-seg7	7	7			2014				880	27384661	Influenza C virus (C/Tokyo/4/2014)		Homo sapiens	C/Tokyo/4/2014	
KM504277	icv-ncbi-refseqs-seg1	1	1			2012				2365		Influenza C virus (C/Victoria/2/2012)		Homo sapiens	C/Victoria/2/2012	
KM504278	icv-ncbi-refseqs-seg2	2	2			2012				2363		Influenza C virus (C/Victoria/2/2012)		Homo sapiens	C/Victoria/2/2012	
KM504279	icv-ncbi-refseqs-seg3	3	3			2012				2183		Influenza C virus (C/Victoria/2/2012)		Homo sapiens	C/Victoria/2/2012	
KM504280	icv-ncbi-refseqs-seg4	4	4	SaoPaolo		2012				2073		Influenza C virus (C/Victoria/2/2012)		Homo sapiens	C/Victoria/2/2012	
KM504281	icv-ncbi-refseqs-seg5	5	5			2012				1807		Influenza C virus (C/Victoria/2/2012)		Homo sapiens	C/Victoria/2/2012	
KM504282	icv-ncbi-refseqs-seg6	6	6			2012				1180		Influenza C virus (C/Victoria/2/2012)		Homo sapiens	C/Victoria/2/2012	
KM504283	icv-ncbi-refseqs-seg7	7	7			2012				935		Influenza C virus (C/Victoria/2/2012)		Homo sapiens	C/Victoria/2/2012	
MH828694	icv-ncbi-refseqs-seg1	1	1			2014	APR	16		2325	32499763	Influenza C virus		Homo sapiens	C/Vietnam/1290/2014	nasopharyngeal swab
MH828693	icv-ncbi-refseqs-seg2	2	2			2014	APR	16		2322	32499763	Influenza C virus		Homo sapiens	C/Vietnam/1290/2014	nasopharyngeal swab
MH828692	icv-ncbi-refseqs-seg3	3	3			2014	APR	16		2183	32499763	Influenza C virus		Homo sapiens	C/Vietnam/1290/2014	nasopharyngeal swab
MH828688	icv-ncbi-refseqs-seg4	4	4	Kanagawa		2014	APR	16		1867	32499763	Influenza C virus		Homo sapiens	C/Vietnam/1290/2014	nasopharyngeal swab
MH828690	icv-ncbi-refseqs-seg5	5	5			2014	APR	16		1333	32499763	Influenza C virus		Homo sapiens	C/Vietnam/1290/2014	nasopharyngeal swab
MH828689	icv-ncbi-refseqs-seg6	6	6			2014	APR	16		1155	32499763	Influenza C virus		Homo sapiens	C/Vietnam/1290/2014	nasopharyngeal swab
MH828691	icv-ncbi-refseqs-seg7	7	7			2014	APR	16		880	32499763	Influenza C virus		Homo sapiens	C/Vietnam/1290/2014	nasopharyngeal swab
LC123342	icv-ncbi-refseqs-seg1	1	1			2005				2325	27384661	Influenza C virus (C/Yamagata/1/2005)		Homo sapiens	C/Yamagata/1/2005	
LC123444	icv-ncbi-refseqs-seg2	2	2			2005				2322	27384661	Influenza C virus (C/Yamagata/1/2005)		Homo sapiens	C/Yamagata/1/2005	
LC123546	icv-ncbi-refseqs-seg3	3	3			2005				2139	27384661	Influenza C virus (C/Yamagata/1/2005)		Homo sapiens	C/Yamagata/1/2005	
LC122648	icv-ncbi-refseqs-seg4	4	4	SaoPaolo		2005				1986	27384661	Influenza C virus (C/Yamagata/1/2005)		Homo sapiens	C/Yamagata/1/2005	
LC123775	icv-ncbi-refseqs-seg5	5	5			2005				1754	27384661	Influenza C virus (C/Yamagata/1/2005)		Homo sapiens	C/Yamagata/1/2005	
LC123840	icv-ncbi-refseqs-seg6	6	6			2005				1125	27384661	Influenza C virus (C/Yamagata/1/2005)		Homo sapiens	C/Yamagata/1/2005	
LC125004	icv-ncbi-refseqs-seg7	7	7			2005				880	27384661	Influenza C virus (C/Yamagata/1/2005)		Homo sapiens	C/Yamagata/1/2005	
LC123349	icv-ncbi-refseqs-seg1	1	1			2006				2325	27384661	Influenza C virus (C/Yamagata/1/2006)		Homo sapiens	C/Yamagata/1/2006	
LC123451	icv-ncbi-refseqs-seg2	2	2			2006				2322	27384661	Influenza C virus (C/Yamagata/1/2006)		Homo sapiens	C/Yamagata/1/2006	
LC123553	icv-ncbi-refseqs-seg3	3	3			2006				2139	27384661	Influenza C virus (C/Yamagata/1/2006)		Homo sapiens	C/Yamagata/1/2006	
LC122655	icv-ncbi-refseqs-seg4	4	4	Kanagawa		2006				1986	27384661	Influenza C virus (C/Yamagata/1/2006)		Homo sapiens	C/Yamagata/1/2006	
LC123781	icv-ncbi-refseqs-seg5	5	5			2006				1754	27384661	Influenza C virus (C/Yamagata/1/2006)		Homo sapiens	C/Yamagata/1/2006	
LC123847	icv-ncbi-refseqs-seg6	6	6			2006				1125	27384661	Influenza C virus (C/Yamagata/1/2006)		Homo sapiens	C/Yamagata/1/2006	
LC125011	icv-ncbi-refseqs-seg7	7	7			2006				880	27384661	Influenza C virus (C/Yamagata/1/2006)		Homo sapiens	C/Yamagata/1/2006	
LC123355	icv-ncbi-refseqs-seg1	1	1			2007				2325	27384661	Influenza C virus (C/Yamagata/1/2007)		Homo sapiens	C/Yamagata/1/2007	
LC123457	icv-ncbi-refseqs-seg2	2	2			2007				2322	27384661	Influenza C virus (C/Yamagata/1/2007)		Homo sapiens	C/Yamagata/1/2007	
LC123559	icv-ncbi-refseqs-seg3	3	3			2007				2139	27384661	Influenza C virus (C/Yamagata/1/2007)		Homo sapiens	C/Yamagata/1/2007	
LC122660	icv-ncbi-refseqs-seg4	4	4	SaoPaolo		2007				1986	27384661	Influenza C virus (C/Yamagata/1/2007)		Homo sapiens	C/Yamagata/1/2007	
AB684315	icv-ncbi-refseqs-seg5	5	5			2007	JAN	17		1754	22398038	Influenza C virus (C/Yamagata/1/2007)			C/Yamagata/1/2007	
LC123853	icv-ncbi-refseqs-seg6	6	6			2007				1125	27384661	Influenza C virus (C/Yamagata/1/2007)		Homo sapiens	C/Yamagata/1/2007	
LC125017	icv-ncbi-refseqs-seg7	7	7			2007				880	27384661	Influenza C virus (C/Yamagata/1/2007)		Homo sapiens	C/Yamagata/1/2007	
LC123364	icv-ncbi-refseqs-seg1	1	1			2012				2325	27384661	Influenza C virus (C/Yamagata/1/2012)		Homo sapiens	C/Yamagata/1/2012	
LC123466	icv-ncbi-refseqs-seg2	2	2			2012				2322	27384661	Influenza C virus (C/Yamagata/1/2012)		Homo sapiens	C/Yamagata/1/2012	
LC123568	icv-ncbi-refseqs-seg3	3	3			2012				2139	27384661	Influenza C virus (C/Yamagata/1/2012)		Homo sapiens	C/Yamagata/1/2012	
LC122667	icv-ncbi-refseqs-seg4	4	4	Kanagawa		2012				1986	27384661	Influenza C virus (C/Yamagata/1/2012)		Homo sapiens	C/Yamagata/1/2012	
LC123794	icv-ncbi-refseqs-seg5	5	5			2012				1754	27384661	Influenza C virus (C/Yamagata/1/2012)		Homo sapiens	C/Yamagata/1/2012	
LC123862	icv-ncbi-refseqs-seg6	6	6			2012				1125	27384661	Influenza C virus (C/Yamagata/1/2012)		Homo sapiens	C/Yamagata/1/2012	
LC125026	icv-ncbi-refseqs-seg7	7	7			2012				880	27384661	Influenza C virus (C/Yamagata/1/2012)		Homo sapiens	C/Yamagata/1/2012	
LC123357	icv-ncbi-refseqs-seg1	1	1			2008				2325	27384661	Influenza C virus (C/Yamagata/11/2008)		Homo sapiens	C/Yamagata/11/2008	
LC123459	icv-ncbi-refseqs-seg2	2	2			2008				2322	27384661	Influenza C virus (C/Yamagata/11/2008)		Homo sapiens	C/Yamagata/11/2008	
LC123561	icv-ncbi-refseqs-seg3	3	3			2008				2139	27384661	Influenza C virus (C/Yamagata/11/2008)		Homo sapiens	C/Yamagata/11/2008	
LC122662	icv-ncbi-refseqs-seg4	4	4	SaoPaolo		2008				1986	27384661	Influenza C virus (C/Yamagata/11/2008)		Homo sapiens	C/Yamagata/11/2008	
LC123788	icv-ncbi-refseqs-seg5	5	5			2008				1754	27384661	Influenza C virus (C/Yamagata/11/2008)		Homo sapiens	C/Yamagata/11/2008	
LC123855	icv-ncbi-refseqs-seg6	6	6			2008				1125	27384661	Influenza C virus (C/Yamagata/11/2008)		Homo sapiens	C/Yamagata/11/2008	
LC125019	icv-ncbi-refseqs-seg7	7	7			2008				880	27384661	Influenza C virus (C/Yamagata/11/2008)		Homo sapiens	C/Yamagata/11/2008	
LC603646	icv-ncbi-refseqs-seg1	1	1			1988				2325	33802440	Influenza C virus		Homo sapiens	C/Yamagata/11/88	
LC603647	icv-ncbi-refseqs-seg2	2	2			1988				2322	33802440	Influenza C virus		Homo sapiens	C/Yamagata/11/88	
LC603645	icv-ncbi-refseqs-seg3	3	3			1988				2139	33802440	Influenza C virus		Homo sapiens	C/Yamagata/11/88	
LC603641	icv-ncbi-refseqs-seg4	4	4	Yamagata		1988				1986	33802440	Influenza C virus		Homo sapiens	C/Yamagata/11/88	
LC603643	icv-ncbi-refseqs-seg5	5	5			1988				1754	33802440	Influenza C virus		Homo sapiens	C/Yamagata/11/88	
LC603642	icv-ncbi-refseqs-seg6	6	6			1988				1125	33802440	Influenza C virus		Homo sapiens	C/Yamagata/11/88	
LC603644	icv-ncbi-refseqs-seg7	7	7			1988				880	33802440	Influenza C virus		Homo sapiens	C/Yamagata/11/88	
LC123351	icv-ncbi-refseqs-seg1	1	1			2006				2325	27384661	Influenza C virus (C/Yamagata/13/2006)		Homo sapiens	C/Yamagata/13/2006	
LC123453	icv-ncbi-refseqs-seg2	2	2			2006				2322	27384661	Influenza C virus (C/Yamagata/13/2006)		Homo sapiens	C/Yamagata/13/2006	
LC123555	icv-ncbi-refseqs-seg3	3	3			2006				2139	27384661	Influenza C virus (C/Yamagata/13/2006)		Homo sapiens	C/Yamagata/13/2006	
LC122657	icv-ncbi-refseqs-seg4	4	4	Kanagawa		2006				1986	27384661	Influenza C virus (C/Yamagata/13/2006)		Homo sapiens	C/Yamagata/13/2006	
LC123783	icv-ncbi-refseqs-seg5	5	5			2006				1754	27384661	Influenza C virus (C/Yamagata/13/2006)		Homo sapiens	C/Yamagata/13/2006	
LC123849	icv-ncbi-refseqs-seg6	6	6			2006				1125	27384661	Influenza C virus (C/Yamagata/13/2006)		Homo sapiens	C/Yamagata/13/2006	
LC125013	icv-ncbi-refseqs-seg7	7	7			2006				880	27384661	Influenza C virus (C/Yamagata/13/2006)		Homo sapiens	C/Yamagata/13/2006	
LC123368	icv-ncbi-refseqs-seg1	1	1			2012				2325	27384661	Influenza C virus (C/Yamagata/14/2012)		Homo sapiens	C/Yamagata/14/2012	
LC123470	icv-ncbi-refseqs-seg2	2	2			2012				2322	27384661	Influenza C virus (C/Yamagata/14/2012)		Homo sapiens	C/Yamagata/14/2012	
LC123572	icv-ncbi-refseqs-seg3	3	3			2012				2139	27384661	Influenza C virus (C/Yamagata/14/2012)		Homo sapiens	C/Yamagata/14/2012	
LC122670	icv-ncbi-refseqs-seg4	4	4	SaoPaolo		2012				1986	27384661	Influenza C virus (C/Yamagata/14/2012)		Homo sapiens	C/Yamagata/14/2012	
LC123798	icv-ncbi-refseqs-seg5	5	5			2012				1754	27384661	Influenza C virus (C/Yamagata/14/2012)		Homo sapiens	C/Yamagata/14/2012	
LC123866	icv-ncbi-refseqs-seg6	6	6			2012				1125	27384661	Influenza C virus (C/Yamagata/14/2012)		Homo sapiens	C/Yamagata/14/2012	
LC125030	icv-ncbi-refseqs-seg7	7	7			2012				880	27384661	Influenza C virus (C/Yamagata/14/2012)		Homo sapiens	C/Yamagata/14/2012	
LC123358	icv-ncbi-refseqs-seg1	1	1			2008				2325	27384661	Influenza C virus (C/Yamagata/16/2008)		Homo sapiens	C/Yamagata/16/2008	
LC123460	icv-ncbi-refseqs-seg2	2	2			2008				2322	27384661	Influenza C virus (C/Yamagata/16/2008)		Homo sapiens	C/Yamagata/16/2008	
LC123562	icv-ncbi-refseqs-seg3	3	3			2008				2139	27384661	Influenza C virus (C/Yamagata/16/2008)		Homo sapiens	C/Yamagata/16/2008	
LC122663	icv-ncbi-refseqs-seg4	4	4	SaoPaolo		2008				1986	27384661	Influenza C virus (C/Yamagata/16/2008)		Homo sapiens	C/Yamagata/16/2008	
LC123789	icv-ncbi-refseqs-seg5	5	5			2008				1754	27384661	Influenza C virus (C/Yamagata/16/2008)		Homo sapiens	C/Yamagata/16/2008	
LC123856	icv-ncbi-refseqs-seg6	6	6			2008				1125	27384661	Influenza C virus (C/Yamagata/16/2008)		Homo sapiens	C/Yamagata/16/2008	
LC125020	icv-ncbi-refseqs-seg7	7	7			2008				880	27384661	Influenza C virus (C/Yamagata/16/2008)		Homo sapiens	C/Yamagata/16/2008	
LC123335	icv-ncbi-refseqs-seg1	1	1			2004				2325	27384661	Influenza C virus (C/Yamagata/18/2004)		Homo sapiens	C/Yamagata/18/2004	
LC123437	icv-ncbi-refseqs-seg2	2	2			2004				2322	27384661	Influenza C virus (C/Yamagata/18/2004)		Homo sapiens	C/Yamagata/18/2004	
LC123539	icv-ncbi-refseqs-seg3	3	3			2004				2139	27384661	Influenza C virus (C/Yamagata/18/2004)		Homo sapiens	C/Yamagata/18/2004	
LC122644	icv-ncbi-refseqs-seg4	4	4	SaoPaolo		2004				1926	27384661	Influenza C virus (C/Yamagata/18/2004)		Homo sapiens	C/Yamagata/18/2004	
LC123768	icv-ncbi-refseqs-seg5	5	5			2004				1754	27384661	Influenza C virus (C/Yamagata/18/2004)		Homo sapiens	C/Yamagata/18/2004	
LC123833	icv-ncbi-refseqs-seg6	6	6			2004				1125	27384661	Influenza C virus (C/Yamagata/18/2004)		Homo sapiens	C/Yamagata/18/2004	
LC124997	icv-ncbi-refseqs-seg7	7	7			2004				862	27384661	Influenza C virus (C/Yamagata/18/2004)		Homo sapiens	C/Yamagata/18/2004	
LC123343	icv-ncbi-refseqs-seg1	1	1			2005				2325	27384661	Influenza C virus (C/Yamagata/2/2005)		Homo sapiens	C/Yamagata/2/2005	
LC123445	icv-ncbi-refseqs-seg2	2	2			2005				2322	27384661	Influenza C virus (C/Yamagata/2/2005)		Homo sapiens	C/Yamagata/2/2005	
LC123547	icv-ncbi-refseqs-seg3	3	3			2005				2139	27384661	Influenza C virus (C/Yamagata/2/2005)		Homo sapiens	C/Yamagata/2/2005	
LC122649	icv-ncbi-refseqs-seg4	4	4	Kanagawa		2005				1964	27384661	Influenza C virus (C/Yamagata/2/2005)		Homo sapiens	C/Yamagata/2/2005	
LC123776	icv-ncbi-refseqs-seg5	5	5			2005				1754	27384661	Influenza C virus (C/Yamagata/2/2005)		Homo sapiens	C/Yamagata/2/2005	
LC123841	icv-ncbi-refseqs-seg6	6	6			2005				1125	27384661	Influenza C virus (C/Yamagata/2/2005)		Homo sapiens	C/Yamagata/2/2005	
LC125005	icv-ncbi-refseqs-seg7	7	7			2005				880	27384661	Influenza C virus (C/Yamagata/2/2005)		Homo sapiens	C/Yamagata/2/2005	
LC123353	icv-ncbi-refseqs-seg1	1	1			2006				2325	27384661	Influenza C virus (C/Yamagata/20/2006)		Homo sapiens	C/Yamagata/20/2006	
LC123455	icv-ncbi-refseqs-seg2	2	2			2006				2322	27384661	Influenza C virus (C/Yamagata/20/2006)		Homo sapiens	C/Yamagata/20/2006	
LC123557	icv-ncbi-refseqs-seg3	3	3			2006				2139	27384661	Influenza C virus (C/Yamagata/20/2006)		Homo sapiens	C/Yamagata/20/2006	
LC122658	icv-ncbi-refseqs-seg4	4	4	SaoPaolo		2006				1986	27384661	Influenza C virus (C/Yamagata/20/2006)		Homo sapiens	C/Yamagata/20/2006	
LC123785	icv-ncbi-refseqs-seg5	5	5			2006				1754	27384661	Influenza C virus (C/Yamagata/20/2006)		Homo sapiens	C/Yamagata/20/2006	
LC123851	icv-ncbi-refseqs-seg6	6	6			2006				1125	27384661	Influenza C virus (C/Yamagata/20/2006)		Homo sapiens	C/Yamagata/20/2006	
LC125015	icv-ncbi-refseqs-seg7	7	7			2006				880	27384661	Influenza C virus (C/Yamagata/20/2006)		Homo sapiens	C/Yamagata/20/2006	
LC123336	icv-ncbi-refseqs-seg1	1	1			2004				2325	27384661	Influenza C virus (C/Yamagata/26/2004)		Homo sapiens	C/Yamagata/26/2004	
LC123438	icv-ncbi-refseqs-seg2	2	2			2004				2322	27384661	Influenza C virus (C/Yamagata/26/2004)		Homo sapiens	C/Yamagata/26/2004	
LC123540	icv-ncbi-refseqs-seg3	3	3			2004				2139	27384661	Influenza C virus (C/Yamagata/26/2004)		Homo sapiens	C/Yamagata/26/2004	
LC122645	icv-ncbi-refseqs-seg4	4	4	Mississippi		2004				1983	27384661	Influenza C virus (C/Yamagata/26/2004)		Homo sapiens	C/Yamagata/26/2004	
LC123769	icv-ncbi-refseqs-seg5	5	5			2004				1754	27384661	Influenza C virus (C/Yamagata/26/2004)		Homo sapiens	C/Yamagata/26/2004	
LC123834	icv-ncbi-refseqs-seg6	6	6			2004				1125	27384661	Influenza C virus (C/Yamagata/26/2004)		Homo sapiens	C/Yamagata/26/2004	
LC124998	icv-ncbi-refseqs-seg7	7	7			2004				880	27384661	Influenza C virus (C/Yamagata/26/2004)		Homo sapiens	C/Yamagata/26/2004	
LC123369	icv-ncbi-refseqs-seg1	1	1			2012				2325	27384661	Influenza C virus (C/Yamagata/28/2012)		Homo sapiens	C/Yamagata/28/2012	
LC123471	icv-ncbi-refseqs-seg2	2	2			2012				2322	27384661	Influenza C virus (C/Yamagata/28/2012)		Homo sapiens	C/Yamagata/28/2012	
LC123573	icv-ncbi-refseqs-seg3	3	3			2012				2139	27384661	Influenza C virus (C/Yamagata/28/2012)		Homo sapiens	C/Yamagata/28/2012	
LC122671	icv-ncbi-refseqs-seg4	4	4	Kanagawa		2012				1986	27384661	Influenza C virus (C/Yamagata/28/2012)		Homo sapiens	C/Yamagata/28/2012	
LC123799	icv-ncbi-refseqs-seg5	5	5			2012				1754	27384661	Influenza C virus (C/Yamagata/28/2012)		Homo sapiens	C/Yamagata/28/2012	
LC123867	icv-ncbi-refseqs-seg6	6	6			2012				1125	27384661	Influenza C virus (C/Yamagata/28/2012)		Homo sapiens	C/Yamagata/28/2012	
LC125031	icv-ncbi-refseqs-seg7	7	7			2012				880	27384661	Influenza C virus (C/Yamagata/28/2012)		Homo sapiens	C/Yamagata/28/2012	
LC603653	icv-ncbi-refseqs-seg1	1	1			2004				2325	33802440	Influenza C virus		Homo sapiens	C/Yamagata/29/2004	
LC603654	icv-ncbi-refseqs-seg2	2	2			2004				2322	33802440	Influenza C virus		Homo sapiens	C/Yamagata/29/2004	
LC603652	icv-ncbi-refseqs-seg3	3	3			2004				2139	33802440	Influenza C virus		Homo sapiens	C/Yamagata/29/2004	
LC603648	icv-ncbi-refseqs-seg4	4	4	Kanagawa		2004				1986	33802440	Influenza C virus		Homo sapiens	C/Yamagata/29/2004	
LC603650	icv-ncbi-refseqs-seg5	5	5			2004				1754	33802440	Influenza C virus		Homo sapiens	C/Yamagata/29/2004	
LC603649	icv-ncbi-refseqs-seg6	6	6			2004				1125	33802440	Influenza C virus		Homo sapiens	C/Yamagata/29/2004	
LC603651	icv-ncbi-refseqs-seg7	7	7			2004				880	33802440	Influenza C virus		Homo sapiens	C/Yamagata/29/2004	
LC123332	icv-ncbi-refseqs-seg1	1	1			2004				2325	27384661	Influenza C virus (C/Yamagata/3/2004)		Homo sapiens	C/Yamagata/3/2004	
LC123434	icv-ncbi-refseqs-seg2	2	2			2004				2322	27384661	Influenza C virus (C/Yamagata/3/2004)		Homo sapiens	C/Yamagata/3/2004	
LC123536	icv-ncbi-refseqs-seg3	3	3			2004				2139	27384661	Influenza C virus (C/Yamagata/3/2004)		Homo sapiens	C/Yamagata/3/2004	
AB252153	icv-ncbi-refseqs-seg4	4	4	Kanagawa						1926	17215347	Influenza C virus (C/Yamagata/3/2004)			C/Yamagata/3/2004	
LC123766	icv-ncbi-refseqs-seg5	5	5			2004				1754	27384661	Influenza C virus (C/Yamagata/3/2004)		Homo sapiens	C/Yamagata/3/2004	
LC123830	icv-ncbi-refseqs-seg6	6	6			2004				1125	27384661	Influenza C virus (C/Yamagata/3/2004)		Homo sapiens	C/Yamagata/3/2004	
LC124994	icv-ncbi-refseqs-seg7	7	7			2004				862	27384661	Influenza C virus (C/Yamagata/3/2004)		Homo sapiens	C/Yamagata/3/2004	
LC123344	icv-ncbi-refseqs-seg1	1	1			2005				2325	27384661	Influenza C virus (C/Yamagata/3/2005)		Homo sapiens	C/Yamagata/3/2005	
LC123446	icv-ncbi-refseqs-seg2	2	2			2005				2322	27384661	Influenza C virus (C/Yamagata/3/2005)		Homo sapiens	C/Yamagata/3/2005	
LC123548	icv-ncbi-refseqs-seg3	3	3			2005				2139	27384661	Influenza C virus (C/Yamagata/3/2005)		Homo sapiens	C/Yamagata/3/2005	
LC122650	icv-ncbi-refseqs-seg4	4	4	SaoPaolo		2005				1964	27384661	Influenza C virus (C/Yamagata/3/2005)		Homo sapiens	C/Yamagata/3/2005	
AB684314	icv-ncbi-refseqs-seg5	5	5			2005	SEP	7		1754	22398038	Influenza C virus (C/Yamagata/3/2005)			C/Yamagata/3/2005	
LC123842	icv-ncbi-refseqs-seg6	6	6			2005				1125	27384661	Influenza C virus (C/Yamagata/3/2005)		Homo sapiens	C/Yamagata/3/2005	
LC125006	icv-ncbi-refseqs-seg7	7	7			2005				880	27384661	Influenza C virus (C/Yamagata/3/2005)		Homo sapiens	C/Yamagata/3/2005	
LC123356	icv-ncbi-refseqs-seg1	1	1			2008				2325	27384661	Influenza C virus (C/Yamagata/3/2008)		Homo sapiens	C/Yamagata/3/2008	
LC123458	icv-ncbi-refseqs-seg2	2	2			2008				2322	27384661	Influenza C virus (C/Yamagata/3/2008)		Homo sapiens	C/Yamagata/3/2008	
LC123560	icv-ncbi-refseqs-seg3	3	3			2008				2139	27384661	Influenza C virus (C/Yamagata/3/2008)		Homo sapiens	C/Yamagata/3/2008	
LC122661	icv-ncbi-refseqs-seg4	4	4	SaoPaolo		2008				1986	27384661	Influenza C virus (C/Yamagata/3/2008)		Homo sapiens	C/Yamagata/3/2008	
LC123787	icv-ncbi-refseqs-seg5	5	5			2008				1754	27384661	Influenza C virus (C/Yamagata/3/2008)		Homo sapiens	C/Yamagata/3/2008	
LC123854	icv-ncbi-refseqs-seg6	6	6			2008				1125	27384661	Influenza C virus (C/Yamagata/3/2008)		Homo sapiens	C/Yamagata/3/2008	
LC125018	icv-ncbi-refseqs-seg7	7	7			2008				880	27384661	Influenza C virus (C/Yamagata/3/2008)		Homo sapiens	C/Yamagata/3/2008	
LC123365	icv-ncbi-refseqs-seg1	1	1			2012				2325	27384661	Influenza C virus (C/Yamagata/3/2012)		Homo sapiens	C/Yamagata/3/2012	
LC123467	icv-ncbi-refseqs-seg2	2	2			2012				2322	27384661	Influenza C virus (C/Yamagata/3/2012)		Homo sapiens	C/Yamagata/3/2012	
LC123569	icv-ncbi-refseqs-seg3	3	3			2012				2139	27384661	Influenza C virus (C/Yamagata/3/2012)		Homo sapiens	C/Yamagata/3/2012	
LC122668	icv-ncbi-refseqs-seg4	4	4	SaoPaolo		2012				1986	27384661	Influenza C virus (C/Yamagata/3/2012)		Homo sapiens	C/Yamagata/3/2012	
LC123795	icv-ncbi-refseqs-seg5	5	5			2012				1754	27384661	Influenza C virus (C/Yamagata/3/2012)		Homo sapiens	C/Yamagata/3/2012	
LC123863	icv-ncbi-refseqs-seg6	6	6			2012				1125	27384661	Influenza C virus (C/Yamagata/3/2012)		Homo sapiens	C/Yamagata/3/2012	
LC125027	icv-ncbi-refseqs-seg7	7	7			2012				880	27384661	Influenza C virus (C/Yamagata/3/2012)		Homo sapiens	C/Yamagata/3/2012	
LC123312	icv-ncbi-refseqs-seg1	1	1			1992				2325	27384661	Influenza C virus (C/Yamagata/4/92)		Homo sapiens	C/Yamagata/4/92	
LC123414	icv-ncbi-refseqs-seg2	2	2			1992				2322	27384661	Influenza C virus (C/Yamagata/4/92)		Homo sapiens	C/Yamagata/4/92	
LC123516	icv-ncbi-refseqs-seg3	3	3			1992				2139	27384661	Influenza C virus (C/Yamagata/4/92)		Homo sapiens	C/Yamagata/4/92	
AB899777	icv-ncbi-refseqs-seg4	4		Aichi		1992				1926	25017953	Influenza C virus (C/Yamagata/4/92)		Homo sapiens	C/Yamagata/4/92	
LC123748	icv-ncbi-refseqs-seg5	5	5			1992				1753	27384661	Influenza C virus (C/Yamagata/4/92)		Homo sapiens	C/Yamagata/4/92	
LC123821	icv-ncbi-refseqs-seg6	6	6			1992				1125	27384661	Influenza C virus (C/Yamagata/4/92)		Homo sapiens	C/Yamagata/4/92	
LC124986	icv-ncbi-refseqs-seg7	7	7			1992				862	27384661	Influenza C virus (C/Yamagata/4/92)		Homo sapiens	C/Yamagata/4/92	
LC123325	icv-ncbi-refseqs-seg1	1	1			2002				2325	27384661	Influenza C virus (C/Yamagata/5/2002)		Homo sapiens	C/Yamagata/5/2002	
LC123427	icv-ncbi-refseqs-seg2	2	2			2002				2322	27384661	Influenza C virus (C/Yamagata/5/2002)		Homo sapiens	C/Yamagata/5/2002	
LC123529	icv-ncbi-refseqs-seg3	3	3			2002				2139	27384661	Influenza C virus (C/Yamagata/5/2002)		Homo sapiens	C/Yamagata/5/2002	
LC122638	icv-ncbi-refseqs-seg4	4	4	Kanagawa		2002				1926	27384661	Influenza C virus (C/Yamagata/5/2002)		Homo sapiens	C/Yamagata/5/2002	
LC123760	icv-ncbi-refseqs-seg5	5	5			2002				1754	27384661	Influenza C virus (C/Yamagata/5/2002)		Homo sapiens	C/Yamagata/5/2002	
LC123823	icv-ncbi-refseqs-seg6	6	6			2002				1125	27384661	Influenza C virus (C/Yamagata/5/2002)		Homo sapiens	C/Yamagata/5/2002	
LC124987	icv-ncbi-refseqs-seg7	7	7			2002				862	27384661	Influenza C virus (C/Yamagata/5/2002)		Homo sapiens	C/Yamagata/5/2002	
LC123367	icv-ncbi-refseqs-seg1	1	1			2012				2325	27384661	Influenza C virus (C/Yamagata/7/2012)		Homo sapiens	C/Yamagata/7/2012	
LC123469	icv-ncbi-refseqs-seg2	2	2			2012				2322	27384661	Influenza C virus (C/Yamagata/7/2012)		Homo sapiens	C/Yamagata/7/2012	
LC123571	icv-ncbi-refseqs-seg3	3	3			2012				2139	27384661	Influenza C virus (C/Yamagata/7/2012)		Homo sapiens	C/Yamagata/7/2012	
LC122669	icv-ncbi-refseqs-seg4	4	4	Kanagawa		2012				1986	27384661	Influenza C virus (C/Yamagata/7/2012)		Homo sapiens	C/Yamagata/7/2012	
LC123797	icv-ncbi-refseqs-seg5	5	5			2012				1754	27384661	Influenza C virus (C/Yamagata/7/2012)		Homo sapiens	C/Yamagata/7/2012	
LC123865	icv-ncbi-refseqs-seg6	6	6			2012				1125	27384661	Influenza C virus (C/Yamagata/7/2012)		Homo sapiens	C/Yamagata/7/2012	
LC125029	icv-ncbi-refseqs-seg7	7	7			2012				880	27384661	Influenza C virus (C/Yamagata/7/2012)		Homo sapiens	C/Yamagata/7/2012	
LC123350	icv-ncbi-refseqs-seg1	1	1			2006				2325	27384661	Influenza C virus (C/Yamagata/9/2006)		Homo sapiens	C/Yamagata/9/2006	
LC123452	icv-ncbi-refseqs-seg2	2	2			2006				2322	27384661	Influenza C virus (C/Yamagata/9/2006)		Homo sapiens	C/Yamagata/9/2006	
LC123554	icv-ncbi-refseqs-seg3	3	3			2006				2139	27384661	Influenza C virus (C/Yamagata/9/2006)		Homo sapiens	C/Yamagata/9/2006	
LC122656	icv-ncbi-refseqs-seg4	4	4	SaoPaolo		2006				1986	27384661	Influenza C virus (C/Yamagata/9/2006)		Homo sapiens	C/Yamagata/9/2006	
LC123782	icv-ncbi-refseqs-seg5	5	5			2006				1754	27384661	Influenza C virus (C/Yamagata/9/2006)		Homo sapiens	C/Yamagata/9/2006	
LC123848	icv-ncbi-refseqs-seg6	6	6			2006				1125	27384661	Influenza C virus (C/Yamagata/9/2006)		Homo sapiens	C/Yamagata/9/2006	
LC125012	icv-ncbi-refseqs-seg7	7	7			2006				880	27384661	Influenza C virus (C/Yamagata/9/2006)		Homo sapiens	C/Yamagata/9/2006	