taxon	sequenceID	length	name	isolate	iso_region	iso_country	iso_year	iso_host	subtype	strain
alignment/AL_IAV_SEG5/member/iav-ncbi-refseqs-seg5/CY213674	CY213674	1507	-	-	Cordova, Alaska	USA: Cordova, Alaska	2015	Larus hyperboreus	H16N3	A/glaucous-winged gull/Southcentral Alaska/15MB01747/2015
alignment/AL_IAV_SEG5/member/iav-ncbi-refseqs-seg5/CY240919	CY240919	1507	-	-	Cape May Co., NJ	USA: Cape May Co., NJ	2016	Arenaria interpres	H10N5	A/ruddy turnstone/New Jersey/UGAI16-0910/2016
alignment/AL_IAV_SEG5/member/iav-ncbi-refseqs-seg5/CY241066	CY241066	1507	-	-	Cape May Co., NJ	USA: Cape May Co., NJ	2016	Environment	H10N2	A/environment/New Jersey/UGAI16-1117/2016
alignment/AL_IAV_SEG5/member/iav-ncbi-refseqs-seg5/CY241292	CY241292	1540	-	-	Cape May Co., NJ	USA: Cape May Co., NJ	2016	Arenaria interpres	H3N5	A/ruddy turnstone/New Jersey/UGAI16-1296/2016
alignment/AL_IAV_SEG5/member/iav-ncbi-refseqs-seg5/CY241456	CY241456	1540	-	-	Cape May Co., NJ	USA: Cape May Co., NJ	2016	Arenaria interpres	H11N5	A/ruddy turnstone/New Jersey/UGAI16-1492/2016
alignment/AL_IAV_SEG5/member/iav-ncbi-refseqs-seg5/CY241677	CY241677	1507	-	-	Cape May Co., NJ	USA: Cape May Co., NJ	2016	Arenaria interpres	H10N5	A/ruddy turnstone/New Jersey/UGAI16-2126/2016
alignment/AL_IAV_SEG5/member/iav-ncbi-refseqs-seg5/CY258589	CY258589	1540	-	-	Texas	USA: Texas	2017	Homo sapiens	H1N1	A/Texas/294/2017
alignment/AL_IAV_SEG5/member/iav-ncbi-refseqs-seg5/CY264338	CY264338	1542	-	-	New York	USA: New York	2017	Homo sapiens	H3N2	A/New York/49/2017
alignment/AL_IAV_SEG5/member/iav-ncbi-refseqs-seg5/KJ907648	KJ907648	1497	-	-	Liaoning	China: Liaoning	2011	Anseriformes sp	H5N5	A/duck/Liaoning/LN/2011
alignment/AL_IAV_SEG5/member/iav-ncbi-refseqs-seg5/KR010428	KR010428	1497	-	-	Cangzhou	China: Cangzhou	2014	Himantopus himantopus	H9N7	A/Himantopus himantopus/Hebei/CZ-179/2014
alignment/AL_IAV_SEG5/member/iav-ncbi-refseqs-seg5/KR010444	KR010444	1497	-	-	Zhuanghe	China: Zhuanghe	2014	Numenius arquata	H13N8	A/Eurasian curlew/Liaoning/ZH-385/2014
alignment/AL_IAV_SEG5/member/iav-ncbi-refseqs-seg5/KU322356	KU322356	1541	-	-	-	Italy	2012	Homo sapiens	H3N2	A/Parma/58/2012
alignment/AL_IAV_SEG5/member/iav-ncbi-refseqs-seg5/KX156677	KX156677	1497	-	-	-	China	2006	Ochotonidae sp	H7N2	A/pika/QH-Gonghe/01/2006
alignment/AL_IAV_SEG5/member/iav-ncbi-refseqs-seg5/KX602669	KX602669	1497	-	-	-	Pakistan	2014	Anser sp.	H14N3	A/goose/Karachi/NARC-13N-969/2014
alignment/AL_IAV_SEG5/member/iav-ncbi-refseqs-seg5/KY013685	KY013685	1497	-	-	St. Landry Parish, Louisiana	USA: St. Landry Parish, Louisiana	2014	Anas discors	H4N8	A/blue-winged teal/Louisiana/UGAI14-2395/2014
alignment/AL_IAV_SEG5/member/iav-ncbi-refseqs-seg5/KY130561	KY130561	1497	-	-	Izembek National Wildlife Refuge, Alaska	USA: Izembek National Wildlife Refuge, Alaska	2011	Anas acuta	H8N8	A/northern pintail/Alaska/104/2011
alignment/AL_IAV_SEG5/member/iav-ncbi-refseqs-seg5/KY273009	KY273009	1497	-	-	-	South Korea	2016	-	H5N6	A/environment/Korea/W541/2016
alignment/AL_IAV_SEG5/member/iav-ncbi-refseqs-seg5/KY415760	KY415760	1499	-	-	-	China	2016	Columba livia	H2N8	A/Pigeon/Longquan/LQ67/2016
alignment/AL_IAV_SEG5/member/iav-ncbi-refseqs-seg5/KY487571	KY487571	1565	-	-	-	Taiwan	2016	Homo sapiens	H1N1	A/Taipei/0063/2016
alignment/AL_IAV_SEG5/member/iav-ncbi-refseqs-seg5/KY550897	KY550897	1537	-	-	Lyon County, Kentucky	USA: Lyon County, Kentucky	2015	Aythya affinis	H7N8	A/lesser scaup/Kentucky/AH0012935/2015
alignment/AL_IAV_SEG5/member/iav-ncbi-refseqs-seg5/KY551372	KY551372	1555	-	-	Davis County, Utah	USA: Davis County, Utah	2015	Anas platyrhynchos	H7N4	A/mallard/Utah/AH0020452/2015
alignment/AL_IAV_SEG5/member/iav-ncbi-refseqs-seg5/KY551508	KY551508	1497	-	-	Cloud County, Kansas	USA: Cloud County, Kansas	2014	Anas discors	H4N8	A/blue-winged teal/Kansas/AH0001572/2014
alignment/AL_IAV_SEG5/member/iav-ncbi-refseqs-seg5/KY561136	KY561136	1565	-	-	-	USA	2015	Anas crecca	H6N5	A/green-winged teal/Ohio/15OS5495/2015
alignment/AL_IAV_SEG5/member/iav-ncbi-refseqs-seg5/KY561179	KY561179	1537	-	-	-	USA	2015	Fulica americana	H10N2	A/American coot/Missouri/15OS6556/2015
alignment/AL_IAV_SEG5/member/iav-ncbi-refseqs-seg5/KY575213	KY575213	1565	-	-	Sonora	Mexico: Sonora	2009	Anas carolinensis	H6N5	A/green winged teal/Mexico-Sonora/829/2009
alignment/AL_IAV_SEG5/member/iav-ncbi-refseqs-seg5/KY635528	KY635528	1528	-	-	-	Bangladesh	2015	Anas sp.	H15N9	A/duck/Bangladesh/24697/2015
alignment/AL_IAV_SEG5/member/iav-ncbi-refseqs-seg5/KY635694	KY635694	1540	-	-	-	Bangladesh	2015	Anas sp.	H15N9	A/duck/Bangladesh/24704/2015
alignment/AL_IAV_SEG5/member/iav-ncbi-refseqs-seg5/KY635709	KY635709	1528	-	-	-	Bangladesh	2015	Limosa limosa	H7N5	A/black-tailed godwit/Bangladesh/24734/2015
alignment/AL_IAV_SEG5/member/iav-ncbi-refseqs-seg5/KY635806	KY635806	1528	-	-	-	Bangladesh	2015	Anas sp.	H7N1	A/duck/Bangladesh/24692/2015
alignment/AL_IAV_SEG5/member/iav-ncbi-refseqs-seg5/KY644161	KY644161	1497	-	-	-	Chile	2015	Anas georgica	H10N1	A/yellow-billed pintail/Chile/C4256/2015
alignment/AL_IAV_SEG5/member/iav-ncbi-refseqs-seg5/KY644165	KY644165	1497	-	-	-	Chile	2016	Haematopus ater	H2N2	A/blackish oystercatcher/Chile/C6534/2016
alignment/AL_IAV_SEG5/member/iav-ncbi-refseqs-seg5/KY644200	KY644200	1565	-	-	-	Guatemala	2011	Anas discors	H4N3	A/blue-winged teal/Guatemala/CIP049H103-37/2011
alignment/AL_IAV_SEG5/member/iav-ncbi-refseqs-seg5/KY644259	KY644259	1565	-	-	-	Guatemala	2013	Anas discors	H14N4	A/blue-winged teal/Guatemala/CIP049H113-08/2013
alignment/AL_IAV_SEG5/member/iav-ncbi-refseqs-seg5/KY644344	KY644344	1565	-	-	-	Guatemala	2013	Anas discors	H14N4	A/blue-winged teal/Guatemala/CIP049H113-76/2013
alignment/AL_IAV_SEG5/member/iav-ncbi-refseqs-seg5/KY644477	KY644477	1565	-	-	-	Guatemala	2012	Anas discors	H3N3	A/blue-winged teal/Guatemala/CIP049H109-14/2012
alignment/AL_IAV_SEG5/member/iav-ncbi-refseqs-seg5/KY684320	KY684320	1540	-	-	Dubois County, Indiana	USA: Dubois County, Indiana	2016	Meleagris gallopavo	H7N8	A/turkey/Indiana/16-001571-8/2016
alignment/AL_IAV_SEG5/member/iav-ncbi-refseqs-seg5/KY828681	KY828681	1497	-	-	-	USA	2014	Anas platyrhynchos	H2N6	A/mallard/California/UCD353/2014
alignment/AL_IAV_SEG5/member/iav-ncbi-refseqs-seg5/KY971156	KY971156	1497	-	-	-	China	2013	Anseriformes sp	H1N3	A/duck/Zhejiang/7734/2013
alignment/AL_IAV_SEG5/member/iav-ncbi-refseqs-seg5/KY983203	KY983203	1565	-	-	-	USA	2015	Anas acuta	H6N5	A/northern pintail/California/HS052A/2015
alignment/AL_IAV_SEG5/member/iav-ncbi-refseqs-seg5/KY983215	KY983215	1565	-	-	-	USA	2015	Anas clypeata	H8N4	A/northern shoveler/California/HS206/2015
alignment/AL_IAV_SEG5/member/iav-ncbi-refseqs-seg5/KY990771	KY990771	1565	-	-	-	USA	2016	Anas platyrhynchos	H4N5	A/mallard duck/California/UCD738/2016
alignment/AL_IAV_SEG5/member/iav-ncbi-refseqs-seg5/KY990797	KY990797	1565	-	-	-	USA	2016	Anas platyrhynchos	H12N5	A/mallard duck/California/UCD470/2016
alignment/AL_IAV_SEG5/member/iav-ncbi-refseqs-seg5/LC339540	LC339540	1551	-	-	Hokkaido	Japan:Hokkaido	2014	Anseriformes sp.	H8N4	A/duck/Hokkaido/220/2014
alignment/AL_IAV_SEG5/member/iav-ncbi-refseqs-seg5/LC339620	LC339620	1550	-	-	Hokkaido	Japan:Hokkaido	2015	Anseriformes sp.	H11N6	A/duck/Hokkaido/W165/2015
alignment/AL_IAV_SEG5/member/iav-ncbi-refseqs-seg5/LC339660	LC339660	1551	-	-	Hokkaido	Japan:Hokkaido	2005	Anseriformes sp.	H2N5	A/duck/Hokkaido/W259/2005
alignment/AL_IAV_SEG5/member/iav-ncbi-refseqs-seg5/LC339898	LC339898	1548	-	-	-	Mongolia	2011	Anseriformes sp.	H4N3	A/duck/Mongolia/17/2011
alignment/AL_IAV_SEG5/member/iav-ncbi-refseqs-seg5/LC349304	LC349304	1547	-	-	-	Mongolia	2013	Anseriformes sp.	H4N1	A/duck/Mongolia/202/2013
alignment/AL_IAV_SEG5/member/iav-ncbi-refseqs-seg5/LC371771	LC371771	1550	-	-	Hokkaido	Japan: Hokkaido	2001	Anseriformes	H4N5	A/duck/Hokkaido/1058/2001
alignment/AL_IAV_SEG5/member/iav-ncbi-refseqs-seg5/LC371787	LC371787	1537	-	-	Hokkaido	Japan: Hokkaido	2013	Anseriformes	H2N1	A/duck/Hokkaido/162/2013
alignment/AL_IAV_SEG5/member/iav-ncbi-refseqs-seg5/LC371819	LC371819	1551	-	-	Hokkaido	Japan: Hokkaido	2014	Anseriformes	H8N2	A/duck/Hokkaido/207/2014
alignment/AL_IAV_SEG5/member/iav-ncbi-refseqs-seg5/LC431477	LC431477	1540	-	-	Alaska	USA:Alaska	1994	Anseriformes sp.	H2N3	A/duck/Alaska/5111/1994
alignment/AL_IAV_SEG5/member/iav-ncbi-refseqs-seg5/MF046328	MF046328	1497	-	-	-	USA	2016	Arenaria interpres	H10N4	A/ruddy turnstone/Delaware Bay/368/2016
alignment/AL_IAV_SEG5/member/iav-ncbi-refseqs-seg5/MF046348	MF046348	1497	-	-	-	USA	2016	Arenaria interpres	H11N4	A/ruddy turnstone/Delaware Bay/303/2016
alignment/AL_IAV_SEG5/member/iav-ncbi-refseqs-seg5/MF112651	MF112651	1497	-	-	-	Nigeria	2015	Gallus gallus	H5N1	A/chicken/Nigeria/16VIR5840-10/2015
alignment/AL_IAV_SEG5/member/iav-ncbi-refseqs-seg5/MF112703	MF112703	1497	-	-	-	Nigeria	2015	Gallus gallus	H5N1	A/chicken/Nigeria/16VIR5840-62/2015
alignment/AL_IAV_SEG5/member/iav-ncbi-refseqs-seg5/MF145744	MF145744	1565	-	-	-	Netherlands	2008	Chroicocephalus ridibundus	H13N8	A/black-headed gull/Netherlands/2/2008
alignment/AL_IAV_SEG5/member/iav-ncbi-refseqs-seg5/MF145885	MF145885	1565	-	-	-	Netherlands	2012	Chroicocephalus ridibundus	H13N6	A/black-headed gull/Netherlands/57/2012
alignment/AL_IAV_SEG5/member/iav-ncbi-refseqs-seg5/MF146134	MF146134	1565	-	-	-	Netherlands	2014	Anas platyrhynchos	H2N9	A/mallard duck/Netherlands/14/2014
alignment/AL_IAV_SEG5/member/iav-ncbi-refseqs-seg5/MF146294	MF146294	1565	-	-	-	Netherlands	2006	Anas platyrhynchos	H10N6	A/mallard duck/Netherlands/7/2006
alignment/AL_IAV_SEG5/member/iav-ncbi-refseqs-seg5/MF146382	MF146382	1565	-	-	-	Netherlands	2009	Anas platyrhynchos	H3N3	A/mallard duck/Netherlands/13/2009
alignment/AL_IAV_SEG5/member/iav-ncbi-refseqs-seg5/MF146793	MF146793	1565	-	-	-	Netherlands	2008	Chroicocephalus ridibundus	H16N8	A/black-headed gull/Netherlands/43/2008
alignment/AL_IAV_SEG5/member/iav-ncbi-refseqs-seg5/MF147013	MF147013	1565	-	-	-	Netherlands	2006	Anas platyrhynchos	H10N6	A/mallard duck/Netherlands/8/2006
alignment/AL_IAV_SEG5/member/iav-ncbi-refseqs-seg5/MF147041	MF147041	1565	-	-	-	Sweden	2012	Anas platyrhynchos	H15N5	A/mallard duck/Sweden/139647/2012
alignment/AL_IAV_SEG5/member/iav-ncbi-refseqs-seg5/MF147398	MF147398	1565	-	-	-	Netherlands	2011	Anas platyrhynchos	H7N1	A/mallard duck/Netherlands/40/2011
alignment/AL_IAV_SEG5/member/iav-ncbi-refseqs-seg5/MF147643	MF147643	1565	-	-	-	Sweden	2012	Anas platyrhynchos	H15N5	A/mallard duck/Sweden/139752/2012
alignment/AL_IAV_SEG5/member/iav-ncbi-refseqs-seg5/MF147910	MF147910	1565	-	-	-	Netherlands	2006	Anas platyrhynchos	H4N2	A/mallard duck/Netherlands/53/2006
alignment/AL_IAV_SEG5/member/iav-ncbi-refseqs-seg5/MF147946	MF147946	1565	-	-	-	Georgia	2012	Larus michahellis	H13N8	A/yellow-legged gull/Georgia/4/2012
alignment/AL_IAV_SEG5/member/iav-ncbi-refseqs-seg5/MF148033	MF148033	1565	-	-	-	Netherlands	2009	Chroicocephalus ridibundus	H13N2	A/black-headed gull/Netherlands/3/2009
alignment/AL_IAV_SEG5/member/iav-ncbi-refseqs-seg5/MF148109	MF148109	1565	-	-	-	Sweden	2012	Anas platyrhynchos	H15N5	A/mallard duck/Sweden/139579/2012
alignment/AL_IAV_SEG5/member/iav-ncbi-refseqs-seg5/MF359861	MF359861	1497	-	-	-	Canada	2009	Anas platyrhynchos	H5N5	A/mallard/Alberta/383/2009
alignment/AL_IAV_SEG5/member/iav-ncbi-refseqs-seg5/MF575017	MF575017	1565	-	-	-	Netherlands	2014	Chroicocephalus ridibundus	H11N1	A/black-headed gull/Netherlands/21/2014
alignment/AL_IAV_SEG5/member/iav-ncbi-refseqs-seg5/MF575172	MF575172	1565	-	-	-	Netherlands	2011	Chroicocephalus ridibundus	H13N3	A/black-headed gull/Netherlands/8/2011
alignment/AL_IAV_SEG5/member/iav-ncbi-refseqs-seg5/MF575284	MF575284	1565	-	-	-	Netherlands	2009	Anas platyrhynchos	H7N7	A/mallard duck/Netherlands/3/2009
alignment/AL_IAV_SEG5/member/iav-ncbi-refseqs-seg5/MF575315	MF575315	1565	-	-	-	Netherlands	2008	Anas platyrhynchos	H3N6	A/mallard duck/Netherlands/62/2008
alignment/AL_IAV_SEG5/member/iav-ncbi-refseqs-seg5/MF959943	MF959943	1565	-	-	-	Netherlands	2009	Arenaria interpres	H10N4	A/ruddy turnstone/Netherlands/2/2009
alignment/AL_IAV_SEG5/member/iav-ncbi-refseqs-seg5/MF978417	MF978417	1565	-	-	-	USA	2016	Felidae sp.	H7N2	A/feline/New York/WVDL-16/2016
alignment/AL_IAV_SEG5/member/iav-ncbi-refseqs-seg5/MF987896	MF987896	1497	-	-	-	South Korea	2015	Aves	H7N1	A/aquatic bird/South Korea/sw001/2015
alignment/AL_IAV_SEG5/member/iav-ncbi-refseqs-seg5/MG042103	MG042103	1540	-	-	-	Bangladesh	2016	Anas sp.	H5N1	A/duck/Bangladesh/30818/2016
alignment/AL_IAV_SEG5/member/iav-ncbi-refseqs-seg5/MG241346	MG241346	1497	-	-	-	China	2017	Aves	H2N6	A/wild bird/Fujian/24/2017
alignment/AL_IAV_SEG5/member/iav-ncbi-refseqs-seg5/MG279736	MG279736	1540	-	-	-	USA	2016	Anas platyrhynchos	H4N5	A/mallard duck/Ohio/16OS0818/2016
alignment/AL_IAV_SEG5/member/iav-ncbi-refseqs-seg5/MG279742	MG279742	1540	-	-	-	USA	2016	Anas platyrhynchos	H6N4	A/mallard duck/Ohio/16OS0826/2016
alignment/AL_IAV_SEG5/member/iav-ncbi-refseqs-seg5/MG279826	MG279826	1565	-	-	-	USA	2016	Clangula hyemalis	H7N4	A/long-tailed duck/Wisconsin/16OS4707/2016
alignment/AL_IAV_SEG5/member/iav-ncbi-refseqs-seg5/MG279913	MG279913	1565	-	-	-	USA	2016	Anas platyrhynchos	H2N3	A/mallard duck/Ohio/16OS5056/2016
alignment/AL_IAV_SEG5/member/iav-ncbi-refseqs-seg5/MG279946	MG279946	1561	-	-	-	USA	2016	Anas clypeata	H14N7	A/Northern shoveler/Missouri/16OS6248/2016
alignment/AL_IAV_SEG5/member/iav-ncbi-refseqs-seg5/MG280165	MG280165	1561	-	-	-	USA	2016	Anas platyrhynchos	H9N3	A/mallard duck/Ohio/16OS0875/2016
alignment/AL_IAV_SEG5/member/iav-ncbi-refseqs-seg5/MG280262	MG280262	1565	-	-	-	USA	2016	Melanitta sp.	H7N6	A/scoter/Maryland/16OS2531/2016
alignment/AL_IAV_SEG5/member/iav-ncbi-refseqs-seg5/MG280416	MG280416	1565	-	-	-	USA	2016	Clangula hyemalis	H7N4	A/long-tailed duck/Wisconsin/16OS5291/2016
alignment/AL_IAV_SEG5/member/iav-ncbi-refseqs-seg5/MG280453	MG280453	1555	-	-	-	USA	2016	Anas crecca	H6N1	A/green-winged teal/Ohio/16OS0556/2016
alignment/AL_IAV_SEG5/member/iav-ncbi-refseqs-seg5/MG280491	MG280491	1551	-	-	-	USA	2016	Anas discors	H9N4	A/blue-winged teal/Ohio/16OS1068/2016
alignment/AL_IAV_SEG5/member/iav-ncbi-refseqs-seg5/MG280547	MG280547	1536	-	-	-	USA	2016	Anas platyrhynchos	H1N7	A/mallard duck/Wisconsin/16OS4004/2016
alignment/AL_IAV_SEG5/member/iav-ncbi-refseqs-seg5/MG575589	MG575589	1497	-	-	-	China	2017	Gallus gallus	H7N9	A/chicken/Jiangsu/JS/02/71/2017
alignment/AL_IAV_SEG5/member/iav-ncbi-refseqs-seg5/MG964897	MG964897	1497	-	-	Pocahontas County, Iowa	USA: Pocahontas County, Iowa	2015	Meleagris gallopavo	H5N2	A/turkey/Iowa/15-014789-1/2015
alignment/AL_IAV_SEG5/member/iav-ncbi-refseqs-seg5/MH018583	MH018583	1497	-	-	-	China	2015	Canis familiaris	H3N8	A/canine/Zhejiang/S34/2015
alignment/AL_IAV_SEG5/member/iav-ncbi-refseqs-seg5/MH061512	MH061512	1564	-	-	-	Mexico	2013	Sus scrofa	H3N1	A/swine/Mexico/9783514/2013
alignment/AL_IAV_SEG5/member/iav-ncbi-refseqs-seg5/MH061544	MH061544	1564	-	-	-	Mexico	2014	Sus scrofa	H1N2	A/swine/Mexico/10290795/2014
alignment/AL_IAV_SEG5/member/iav-ncbi-refseqs-seg5/MH068506	MH068506	1537	-	-	New Jersey	USA: New Jersey	2017	Arenaria interpres	H5N7	A/ruddy turnstone/New Jersey/UGAI17-2770/2017
alignment/AL_IAV_SEG5/member/iav-ncbi-refseqs-seg5/MH068530	MH068530	1539	-	-	New Jersey	USA: New Jersey	2017	Arenaria interpres	H9N7	A/ruddy turnstone/New Jersey/UGAI17-2775/2017
alignment/AL_IAV_SEG5/member/iav-ncbi-refseqs-seg5/MH068658	MH068658	1537	-	-	New Jersey	USA: New Jersey	2017	Arenaria interpres	H5N7	A/ruddy turnstone/New Jersey/UGAI17-2989/2017
alignment/AL_IAV_SEG5/member/iav-ncbi-refseqs-seg5/MH071459	MH071459	1540	-	-	-	Bangladesh	2015	Anas sp.	H10N6	A/duck/Bangladesh/24268/2015
alignment/AL_IAV_SEG5/member/iav-ncbi-refseqs-seg5/MH134630	MH134630	1565	-	-	-	Chile	2016	Chroicocephalus maculipennis	H9N7	A/brown-hooded gull/Chile/C15103/2016
alignment/AL_IAV_SEG5/member/iav-ncbi-refseqs-seg5/MH134724	MH134724	1565	-	-	-	Chile	2016	Fulica armillata	H3N4	A/red-gartered coot/Chile/C16030/2016
alignment/AL_IAV_SEG5/member/iav-ncbi-refseqs-seg5/MH134734	MH134734	1565	-	-	-	Chile	2016	-	H13N2	A/environment/Chile/C7125/2016
alignment/AL_IAV_SEG5/member/iav-ncbi-refseqs-seg5/MH134883	MH134883	1566	-	-	-	Chile	2016	Larus dominicanus	H16N3	A/kelp gull/Chile/C10579/2016
alignment/AL_IAV_SEG5/member/iav-ncbi-refseqs-seg5/MH135400	MH135400	1540	-	-	-	Bangladesh	2017	Anas platyrhynchos	mixed	A/duck/Bangladesh/33638/2017
alignment/AL_IAV_SEG5/member/iav-ncbi-refseqs-seg5/MH412191	MH412191	1562	-	-	-	Canada	2017	Anas platyrhynchos	H8N4	A/mallard/Alberta/48/2017
alignment/AL_IAV_SEG5/member/iav-ncbi-refseqs-seg5/MH412404	MH412404	1497	-	-	-	Canada	2017	Anas discors	H3N8	A/blue-winged teal/Alberta/98/2017
alignment/AL_IAV_SEG5/member/iav-ncbi-refseqs-seg5/MH498675	MH498675	1497	-	-	-	Chile	2016	-	H13N9	A/environment/Chile/C20145/2016
alignment/AL_IAV_SEG5/member/iav-ncbi-refseqs-seg5/MH498677	MH498677	1497	-	-	-	Chile	2016	-	H13N9	A/environment/Chile/C20179/2016
alignment/AL_IAV_SEG5/member/iav-ncbi-refseqs-seg5/MH498784	MH498784	1497	-	-	-	Chile	2016	Haematopus ater	H13N9	A/blackish oystercatcher/Chile/C20062/2016
alignment/AL_IAV_SEG5/member/iav-ncbi-refseqs-seg5/MH499243	MH499243	1497	-	-	-	Chile	2016	Charadriiformes	H13N2	A/shorebird/Chile/C7037/2016
alignment/AL_IAV_SEG5/member/iav-ncbi-refseqs-seg5/MH501057	MH501057	1540	-	-	New Jersey	USA: New Jersey	2015	Laridae sp	H13N3	A/gull/New Jersey/UGAI15-3767/2015
alignment/AL_IAV_SEG5/member/iav-ncbi-refseqs-seg5/MH501236	MH501236	1540	-	-	Delaware	USA: Delaware	2010	Arenaria interpres	H2N3	A/ruddy turnstone/Delaware/AI10-1106/2010
alignment/AL_IAV_SEG5/member/iav-ncbi-refseqs-seg5/MH501284	MH501284	1542	-	-	Delaware	USA: Delaware	2008	Arenaria interpres	H1N5	A/ruddy turnstone/Delaware/Sg-00549/2008
alignment/AL_IAV_SEG5/member/iav-ncbi-refseqs-seg5/MH501396	MH501396	1534	-	-	New Jersey	USA: New Jersey	2009	Arenaria interpres	H1N9	A/ruddy turnstone/New Jersey/AI09-526/2009
alignment/AL_IAV_SEG5/member/iav-ncbi-refseqs-seg5/MH501436	MH501436	1534	-	-	New Jersey	USA: New Jersey	2009	Arenaria interpres	H1N9	A/ruddy turnstone/New Jersey/AI09-807/2009
alignment/AL_IAV_SEG5/member/iav-ncbi-refseqs-seg5/MH501540	MH501540	1537	-	-	New Jersey	USA: New Jersey	2010	Arenaria interpres	H6N1	A/ruddy turnstone/New Jersey/AI10-669/2010
alignment/AL_IAV_SEG5/member/iav-ncbi-refseqs-seg5/MH501620	MH501620	1540	-	-	New Jersey	USA: New Jersey	2011	Arenaria interpres	H10N9	A/ruddy turnstone/New Jersey/AI11-871/2011
alignment/AL_IAV_SEG5/member/iav-ncbi-refseqs-seg5/MH501652	MH501652	1538	-	-	New Jersey	USA: New Jersey	2012	Arenaria interpres	H12N3	A/ruddy turnstone/New Jersey/AI12-1729/2012
alignment/AL_IAV_SEG5/member/iav-ncbi-refseqs-seg5/MH501732	MH501732	1536	-	-	New Jersey	USA: New Jersey	2012	Arenaria interpres	H1N8	A/ruddy turnstone/New Jersey/AI12-2043/2012
alignment/AL_IAV_SEG5/member/iav-ncbi-refseqs-seg5/MH501796	MH501796	1540	-	-	New Jersey	USA: New Jersey	2012	Arenaria interpres	H1N8	A/ruddy turnstone/New Jersey/AI12-2391/2012
alignment/AL_IAV_SEG5/member/iav-ncbi-refseqs-seg5/MH501836	MH501836	1540	-	-	New Jersey	USA: New Jersey	2012	Arenaria interpres	H12N8	A/ruddy turnstone/New Jersey/AI12-2549/2012
alignment/AL_IAV_SEG5/member/iav-ncbi-refseqs-seg5/MH501868	MH501868	1537	-	-	New Jersey	USA: New Jersey	2012	Arenaria interpres	H12N3	A/ruddy turnstone/New Jersey/AI12-2951/2012
alignment/AL_IAV_SEG5/member/iav-ncbi-refseqs-seg5/MH501876	MH501876	1537	-	-	New Jersey	USA: New Jersey	2012	Arenaria interpres	H12N3	A/ruddy turnstone/New Jersey/AI12-2979/2012
alignment/AL_IAV_SEG5/member/iav-ncbi-refseqs-seg5/MH501924	MH501924	1540	-	-	New Jersey	USA: New Jersey	2013	Arenaria interpres	H10N1	A/ruddy turnstone/New Jersey/AI13-1877/2013
alignment/AL_IAV_SEG5/member/iav-ncbi-refseqs-seg5/MH502020	MH502020	1540	-	-	New Jersey	USA: New Jersey	2013	Arenaria interpres	H10N1	A/ruddy turnstone/New Jersey/AI13-2070/2013
alignment/AL_IAV_SEG5/member/iav-ncbi-refseqs-seg5/MH502028	MH502028	1540	-	-	New Jersey	USA: New Jersey	2013	Arenaria interpres	H10N8	A/ruddy turnstone/New Jersey/AI13-2102/2013
alignment/AL_IAV_SEG5/member/iav-ncbi-refseqs-seg5/MH502085	MH502085	1540	-	-	New Jersey	USA: New Jersey	2013	Arenaria interpres	H10N8	A/ruddy turnstone/New Jersey/AI13-2208/2013
alignment/AL_IAV_SEG5/member/iav-ncbi-refseqs-seg5/MH502093	MH502093	1540	-	-	New Jersey	USA: New Jersey	2013	Arenaria interpres	H01N2	A/ruddy turnstone/New Jersey/AI13-2215/2013
alignment/AL_IAV_SEG5/member/iav-ncbi-refseqs-seg5/MH502101	MH502101	1540	-	-	New Jersey	USA: New Jersey	2013	Arenaria interpres	H11N7	A/ruddy turnstone/New Jersey/AI13-2227/2013
alignment/AL_IAV_SEG5/member/iav-ncbi-refseqs-seg5/MH502149	MH502149	1540	-	-	New Jersey	USA: New Jersey	2013	Arenaria interpres	H10N7	A/ruddy turnstone/New Jersey/AI13-2299/2013
alignment/AL_IAV_SEG5/member/iav-ncbi-refseqs-seg5/MH502173	MH502173	1540	-	-	New Jersey	USA: New Jersey	2013	Arenaria interpres	H11N8	A/ruddy turnstone/New Jersey/AI13-2346/2013
alignment/AL_IAV_SEG5/member/iav-ncbi-refseqs-seg5/MH502285	MH502285	1540	-	-	New Jersey	USA: New Jersey	2013	Arenaria interpres	H10N2	A/ruddy turnstone/New Jersey/AI13-2544/2013
alignment/AL_IAV_SEG5/member/iav-ncbi-refseqs-seg5/MH502497	MH502497	1507	-	-	New Jersey	USA: New Jersey	2013	Arenaria interpres	H16N3	A/ruddy turnstone/New Jersey/AI13-2872/2013
alignment/AL_IAV_SEG5/member/iav-ncbi-refseqs-seg5/MH502651	MH502651	1540	-	-	New Jersey	USA: New Jersey	2014	Arenaria interpres	H12N4	A/ruddy turnstone/New Jersey/UGAI14-1347/2014
alignment/AL_IAV_SEG5/member/iav-ncbi-refseqs-seg5/MH502773	MH502773	1540	-	-	New Jersey	USA: New Jersey	2014	Arenaria interpres	H6N1	A/ruddy turnstone/New Jersey/UGAI14-1857/2014
alignment/AL_IAV_SEG5/member/iav-ncbi-refseqs-seg5/MH502781	MH502781	1540	-	-	New Jersey	USA: New Jersey	2014	Arenaria interpres	H3N4	A/ruddy turnstone/New Jersey/UGAI14-1868/2014
alignment/AL_IAV_SEG5/member/iav-ncbi-refseqs-seg5/MH502805	MH502805	1540	-	-	New Jersey	USA: New Jersey	2014	Arenaria interpres	H12N4	A/ruddy turnstone/New Jersey/UGAI14-1995/2014
alignment/AL_IAV_SEG5/member/iav-ncbi-refseqs-seg5/MH502829	MH502829	1541	-	-	New Jersey	USA: New Jersey	2015	Arenaria interpres	H1N3	A/ruddy turnstone/New Jersey/UGAI15-3086/2015
alignment/AL_IAV_SEG5/member/iav-ncbi-refseqs-seg5/MH503016	MH503016	1540	-	-	New Jersey	USA: New Jersey	2015	Arenaria interpres	H1N3	A/ruddy turnstone/New Jersey/UGAI15-4091/2015
alignment/AL_IAV_SEG5/member/iav-ncbi-refseqs-seg5/MH540632	MH540632	1540	-	-	Missouri	USA: Missouri	2018	Homo sapiens	H1N1	A/Missouri/44/2018
alignment/AL_IAV_SEG5/member/iav-ncbi-refseqs-seg5/MH546636	MH546636	1540	-	-	Marshall County, Minnesota	USA: Marshall County, Minnesota	2015	Anas platyrhynchos	H11N1	A/mallard/Minnesota/15-040386-2/2015
alignment/AL_IAV_SEG5/member/iav-ncbi-refseqs-seg5/MH546668	MH546668	1565	-	-	Roseau County, Minnesota	USA: Roseau County, Minnesota	2016	Anas platyrhynchos	H5N5	A/mallard/Minnesota/16-041335-4/2016
alignment/AL_IAV_SEG5/member/iav-ncbi-refseqs-seg5/MH569240	MH569240	1497	-	-	Alaska	USA: Alaska	2015	Anser canagicus	H3N7	A/emperor goose/Alaska/UGAI15-8436/2015
alignment/AL_IAV_SEG5/member/iav-ncbi-refseqs-seg5/MH569264	MH569264	1497	-	-	Alaska	USA: Alaska	2015	Anser canagicus	H3N7	A/emperor goose/Alaska/UGAI15-8445/2015
alignment/AL_IAV_SEG5/member/iav-ncbi-refseqs-seg5/MH569304	MH569304	1497	-	-	Alaska	USA: Alaska	2015	Anser canagicus	H3N7	A/emperor goose/Alaska/UGAI15-8461/2015
alignment/AL_IAV_SEG5/member/iav-ncbi-refseqs-seg5/MH578684	MH578684	1497	-	-	-	USA	2003	Arenaria interpres	H9N5	A/ruddy turnstone/Delaware Bay/253/2003
alignment/AL_IAV_SEG5/member/iav-ncbi-refseqs-seg5/MH578777	MH578777	1497	-	-	-	USA	2007	Arenaria interpres	H12N1	A/ruddy turnstone/Delaware Bay/106/2007
alignment/AL_IAV_SEG5/member/iav-ncbi-refseqs-seg5/MH578837	MH578837	1497	-	-	-	USA	2005	Arenaria interpres	H11N8	A/ruddy turnstone/Delaware Bay/446/2005
alignment/AL_IAV_SEG5/member/iav-ncbi-refseqs-seg5/MH578859	MH578859	1497	-	-	-	USA	2003	Arenaria interpres	H9N1	A/ruddy turnstone/Delaware Bay/95/2003
alignment/AL_IAV_SEG5/member/iav-ncbi-refseqs-seg5/MH579089	MH579089	1497	-	-	-	USA	2004	Arenaria interpres	H10N7	A/ruddy turnstone/Delaware Bay/63/2004
alignment/AL_IAV_SEG5/member/iav-ncbi-refseqs-seg5/MH579180	MH579180	1497	-	-	-	USA	2007	Arenaria interpres	H12N1	A/ruddy turnstone/Delaware Bay/554/2007
alignment/AL_IAV_SEG5/member/iav-ncbi-refseqs-seg5/MH596896	MH596896	1540	-	-	Delaware	USA: Delaware	2002	Arenaria interpres	mixed	A/ruddy turnstone/Delaware/650622/2002
alignment/AL_IAV_SEG5/member/iav-ncbi-refseqs-seg5/MH597054	MH597054	1540	-	-	Delaware	USA: Delaware	2000	Calidris canutus	H10N4	A/red knot/Delaware/AI00-1886/2000
alignment/AL_IAV_SEG5/member/iav-ncbi-refseqs-seg5/MH597112	MH597112	1540	-	-	Delaware	USA: Delaware	2003	Arenaria interpres	mixed	A/ruddy turnstone/Delaware/1016389/2003
alignment/AL_IAV_SEG5/member/iav-ncbi-refseqs-seg5/MH597174	MH597174	1540	-	-	Delaware	USA: Delaware	2003	Arenaria interpres	H9N8	A/ruddy turnstone/Delaware/1016402/2003
alignment/AL_IAV_SEG5/member/iav-ncbi-refseqs-seg5/MH597198	MH597198	1540	-	-	Delaware	USA: Delaware	2003	Arenaria interpres	H9N8	A/ruddy turnstone/Delaware/1016407/2003
alignment/AL_IAV_SEG5/member/iav-ncbi-refseqs-seg5/MH597255	MH597255	1540	-	-	Delaware	USA: Delaware	2004	Arenaria interpres	H10N7	A/ruddy turnstone/Delaware/1148666/2004
alignment/AL_IAV_SEG5/member/iav-ncbi-refseqs-seg5/MH597319	MH597319	1540	-	-	Delaware	USA: Delaware	2001	Arenaria interpres	H12N7	A/ruddy turnstone/Delaware/471599/2001
alignment/AL_IAV_SEG5/member/iav-ncbi-refseqs-seg5/MH597335	MH597335	1540	-	-	Delaware	USA: Delaware	2002	Arenaria interpres	H1N5	A/ruddy turnstone/Delaware/650593/2002
alignment/AL_IAV_SEG5/member/iav-ncbi-refseqs-seg5/MH597368	MH597368	1540	-	-	Delaware	USA: Delaware	2002	Arenaria interpres	H1N9	A/ruddy turnstone/Delaware/650608/2002
alignment/AL_IAV_SEG5/member/iav-ncbi-refseqs-seg5/MH597506	MH597506	1540	-	-	Delaware	USA: Delaware	2001	Arenaria interpres	H12N7	A/ruddy turnstone/Delaware/828199/2001
alignment/AL_IAV_SEG5/member/iav-ncbi-refseqs-seg5/MH597538	MH597538	1540	-	-	Delaware	USA: Delaware	2001	Arenaria interpres	H5N7	A/ruddy turnstone/Delaware/828239/2001
alignment/AL_IAV_SEG5/member/iav-ncbi-refseqs-seg5/MH597636	MH597636	1540	-	-	New Jersey	USA: New Jersey	2003	Arenaria interpres	H9N5	A/ruddy turnstone/New Jersey/1016441/2003
alignment/AL_IAV_SEG5/member/iav-ncbi-refseqs-seg5/MH597819	MH597819	1540	-	-	New Jersey	USA: New Jersey	2005	Arenaria interpres	H3N9	A/ruddy turnstone/New Jersey/1321419/2005
alignment/AL_IAV_SEG5/member/iav-ncbi-refseqs-seg5/MH597956	MH597956	1540	-	-	New Jersey	USA: New Jersey	2001	Arenaria interpres	H11N7	A/ruddy turnstone/New Jersey/471606/2001
alignment/AL_IAV_SEG5/member/iav-ncbi-refseqs-seg5/MH598025	MH598025	1540	-	-	New Jersey	USA: New Jersey	2002	Arenaria interpres	H11N2	A/ruddy turnstone/New Jersey/650615/2002
alignment/AL_IAV_SEG5/member/iav-ncbi-refseqs-seg5/MH598084	MH598084	1540	-	-	New Jersey	USA: New Jersey	2002	Arenaria interpres	mixed	A/ruddy turnstone/New Jersey/650677/2002
alignment/AL_IAV_SEG5/member/iav-ncbi-refseqs-seg5/MH598184	MH598184	1540	-	-	New Jersey	USA: New Jersey	2000	Arenaria interpres	H12N4	A/ruddy turnstone/New Jersey/AI00-1385/2000
alignment/AL_IAV_SEG5/member/iav-ncbi-refseqs-seg5/MH598241	MH598241	1540	-	-	New Jersey	USA: New Jersey	2000	Arenaria interpres	H12N5	A/ruddy turnstone/New Jersey/AI00-679/2000
alignment/AL_IAV_SEG5/member/iav-ncbi-refseqs-seg5/MH598313	MH598313	1540	-	-	New Jersey	USA: New Jersey	2001	Calidris alba	H12N7	A/sanderling/New Jersey/471580/2001
alignment/AL_IAV_SEG5/member/iav-ncbi-refseqs-seg5/MH637116	MH637116	1560	-	-	-	Canada	2017	Anas discors	H4N6	A/blue winged teal/Alberta/176/2017
alignment/AL_IAV_SEG5/member/iav-ncbi-refseqs-seg5/MH733658	MH733658	1563	-	-	-	USA	2011	Arenaria interpres	H9N6	A/ruddy turnstone/Delaware Bay/268/2011
alignment/AL_IAV_SEG5/member/iav-ncbi-refseqs-seg5/MH733686	MH733686	1564	-	-	-	USA	2003	Arenaria interpres	H9N1	A/ruddy turnstone/Delaware Bay/294/2003
alignment/AL_IAV_SEG5/member/iav-ncbi-refseqs-seg5/MH764256	MH764256	1507	-	-	Blue Earth county, MN	USA: Blue Earth county, MN	2017	Larus delawarensis	H13N6	A/ring-billed gull/Minnesota/CLMNAI1539/2017
alignment/AL_IAV_SEG5/member/iav-ncbi-refseqs-seg5/MK045496	MK045496	1561	-	-	-	Chile	2017	Meleagris sp.	H7N6	A/turkey/Chile/17-002745-2/2017
alignment/AL_IAV_SEG5/member/iav-ncbi-refseqs-seg5/MK167358	MK167358	1497	-	-	-	Chile	2017	Himantopus himantopus	H5N9	A/white-backed stilt/Chile/C24619/2017
alignment/AL_IAV_SEG5/member/iav-ncbi-refseqs-seg5/MK239074	MK239074	1540	-	-	Iowa	USA: Iowa	2017	Homo sapiens	H3N2v	A/Iowa/38/2017
alignment/AL_IAV_SEG5/member/iav-ncbi-refseqs-seg5/MK239082	MK239082	1540	-	-	Michigan	USA: Michigan	2018	Homo sapiens	H1N2v	A/Michigan/383/2018
alignment/AL_IAV_SEG5/member/iav-ncbi-refseqs-seg5/MK239095	MK239095	1540	-	-	Colorado	USA: Colorado	2017	Homo sapiens	H1N2v	A/Colorado/16/2017
alignment/AL_IAV_SEG5/member/iav-ncbi-refseqs-seg5/MK239116	MK239116	1540	-	-	Ohio	USA: Ohio	2018	Homo sapiens	H1N2v	A/Ohio/24/2018
alignment/AL_IAV_SEG5/member/iav-ncbi-refseqs-seg5/MK326657	MK326657	1565	-	-	-	Guatemala	2013	Anas discors	H14N5	A/blue-winged teal/Guatemala/CIP049-H117-38/2013
alignment/AL_IAV_SEG5/member/iav-ncbi-refseqs-seg5/MK326722	MK326722	1565	-	-	-	Guatemala	2013	Anas discors	H3N3	A/blue-winged teal/Guatemala/CIP049-S_H115-29/2013
alignment/AL_IAV_SEG5/member/iav-ncbi-refseqs-seg5/MK326783	MK326783	1565	-	-	-	Guatemala	2013	Anas discors	H5N3	A/blue-winged teal/Guatemala/CIP049-H116-50/2013
alignment/AL_IAV_SEG5/member/iav-ncbi-refseqs-seg5/MK327695	MK327695	1565	-	-	-	Guatemala	2013	Anas discors	H14N3	A/blue-winged teal/Guatemala/CIP049-H117-34/2013
alignment/AL_IAV_SEG5/member/iav-ncbi-refseqs-seg5/MK327703	MK327703	1565	-	-	-	Guatemala	2013	Anas discors	H14N5	A/blue-winged teal/Guatemala/CIP049-H117-36/2013
alignment/AL_IAV_SEG5/member/iav-ncbi-refseqs-seg5/MK327719	MK327719	1565	-	-	-	Guatemala	2013	Anas discors	H14N3	A/blue-winged teal/Guatemala/CIP049-H116-120/2013
alignment/AL_IAV_SEG5/member/iav-ncbi-refseqs-seg5/MK327735	MK327735	1565	-	-	-	Guatemala	2013	Anas discors	H14N5	A/blue-winged teal/Guatemala/CIP049-H117-99/2013
alignment/AL_IAV_SEG5/member/iav-ncbi-refseqs-seg5/MK913492	MK913492	1565	-	-	-	USA	2018	Anas platyrhynchos	H2N7	A/mallard duck/California/UCD409/2018
alignment/AL_IAV_SEG5/member/iav-ncbi-refseqs-seg5/MN055197	MN055197	1565	-	-	-	Chile	2018	Pygoscelis antarcticus	H11N2	A/chinstrap penguin/Antarctica/HP04/2018
alignment/AL_IAV_SEG5/member/iav-ncbi-refseqs-seg5/MN692229	MN692229	1518	-	-	Moscow	Russia: Moscow	2008	Anas platyrhynchos	H3N1	A/duck/Moscow/3556/2008
alignment/AL_IAV_SEG5/member/iav-ncbi-refseqs-seg5/MN795768	MN795768	1534	-	-	Shanghai	China: Shanghai	2019	Anas crecca	H12N8	A/common teal/Shanghai/JDS110203/2019
alignment/AL_IAV_SEG5/member/iav-ncbi-refseqs-seg5/MN875263	MN875263	1445	-	-	-	France	2017	Anseriformes sp	H5N8	A/duck/France/171467/2017
alignment/AL_IAV_SEG5/member/iav-ncbi-refseqs-seg5/MN908106	MN908106	1539	-	-	-	USA	2019	Arenaria interpres	H9N1	A/Ruddy Turnstone/Delaware/318/2019
alignment/AL_IAV_SEG5/member/iav-ncbi-refseqs-seg5/MN908112	MN908112	1539	-	-	-	USA	2019	Arenaria interpres	H11N5	A/Ruddy Turnstone/Delaware/438/2019
alignment/AL_IAV_SEG5/member/iav-ncbi-refseqs-seg5/MN911260	MN911260	1539	-	-	-	USA	2019	Arenaria interpres	H11N1	A/Ruddy Turnstone/Delaware/516/2019
alignment/AL_IAV_SEG5/member/iav-ncbi-refseqs-seg5/MN937698	MN937698	1536	-	-	Georgia	USA: Georgia	2018	Arenaria interpres	H12N9	A/ruddy turnstone/Georgia/UGAI18-639/2018
alignment/AL_IAV_SEG5/member/iav-ncbi-refseqs-seg5/MN988247	MN988247	1497	-	-	Minnesota	USA: Minnesota	2018	Anas platyrhynchos	H3N6	A/mallard/Minnesota/MN18-WB1-075B/2018
alignment/AL_IAV_SEG5/member/iav-ncbi-refseqs-seg5/MN988422	MN988422	1497	-	-	Minnesota	USA: Minnesota	2018	Anas platyrhynchos	H2N9	A/mallard/Minnesota/MN18-WB2-207A/2018
alignment/AL_IAV_SEG5/member/iav-ncbi-refseqs-seg5/MN988446	MN988446	1497	-	-	Minnesota	USA: Minnesota	2018	Anas platyrhynchos	H6N9	A/mallard/Minnesota/MN18-WB2-223A/2018
alignment/AL_IAV_SEG5/member/iav-ncbi-refseqs-seg5/MN998505	MN998505	1497	-	-	Philadelphia County, Pennsylvania	USA: Philadelphia County, Pennsylvania	2014	Anseriformes sp	H2N2	A/duck/Pennsylvania/14-030488-005/2014
alignment/AL_IAV_SEG5/member/iav-ncbi-refseqs-seg5/MT406820	MT406820	1565	-	-	-	Belgium	2016	Anas crecca	H6N2	A/Anas crecca/Belgium/9685/2016
alignment/AL_IAV_SEG5/member/iav-ncbi-refseqs-seg5/MT406932	MT406932	1512	-	-	-	Belgium	2016	Anas platyrhynchos	H10N5	A/Anas platyrhynchos/Belgium/11798_H189445/2016
alignment/AL_IAV_SEG5/member/iav-ncbi-refseqs-seg5/MT406996	MT406996	1565	-	-	-	Belgium	2015	Anas platyrhynchos	H1N6	A/Anas platyrhynchos/Belgium/3950/2015
alignment/AL_IAV_SEG5/member/iav-ncbi-refseqs-seg5/MT407020	MT407020	1512	-	-	-	Belgium	2017	Anas platyrhynchos	H7N5	A/Anas platyrhynchos/Belgium/467_H191864/2017
alignment/AL_IAV_SEG5/member/iav-ncbi-refseqs-seg5/MT421372	MT421372	1497	-	-	Maine	USA: Maine	2017	Anas platyrhynchos	H3N8	A/mallard/Maine/ME-Y17-165/2017
alignment/AL_IAV_SEG5/member/iav-ncbi-refseqs-seg5/MT444283	MT444283	1497	-	-	Union County, North Carolina	USA: Union County, North Carolina	2020	Meleagris gallopavo	H7N3	A/turkey/North Carolina/20-008423-002/2020
alignment/AL_IAV_SEG5/member/iav-ncbi-refseqs-seg5/MT547645	MT547645	1543	-	-	-	Viet Nam	2019	Anseriformes sp	H5N6	A/Duck/Viet Nam/HU12-1303/2019
alignment/AL_IAV_SEG5/member/iav-ncbi-refseqs-seg5/MT624405	MT624405	1539	-	-	-	Canada	2019	Anas platyrhynchos	H4N6	A/Mallard duck/Alberta/165/2019
alignment/AL_IAV_SEG5/member/iav-ncbi-refseqs-seg5/MT824624	MT824624	1565	-	-	-	USA	2017	Anas acuta	H11N3	A/Northern Pintail/Ohio/17OS5380/2017
alignment/AL_IAV_SEG5/member/iav-ncbi-refseqs-seg5/MT824796	MT824796	1565	-	-	-	USA	2017	Anas crecca	H4N2	A/American Green-winged Teal/Ohio/17OS2009/2017
alignment/AL_IAV_SEG5/member/iav-ncbi-refseqs-seg5/MT824955	MT824955	1537	-	-	-	USA	2016	Anas platyrhynchos	H2N5	A/mallard/Maryland/16OS0188/2016
alignment/AL_IAV_SEG5/member/iav-ncbi-refseqs-seg5/MT828298	MT828298	1497	-	-	-	China	2016	Anseriformes sp	H6N2	A/duck/China/F3891-1/2016
alignment/AL_IAV_SEG5/member/iav-ncbi-refseqs-seg5/MW024907	MW024907	1540	-	-	Hawaii	USA: Hawaii	2020	Homo sapiens	H3N2v	A/Hawaii/28/2020
alignment/AL_IAV_SEG5/member/iav-ncbi-refseqs-seg5/MW055363	MW055363	1438	-	-	-	USA	2012	Arenaria interpres	H5N9	A/Ruddy Turnstone/New Jersey/AI12-2279/2012
alignment/AL_IAV_SEG5/member/iav-ncbi-refseqs-seg5/MW098530	MW098530	1497	-	-	Hunan	China: Hunan	2017	Gallus gallus	H7N9	A/chicken/Hunan/5.24_YYGK53P2-OC/2017
alignment/AL_IAV_SEG5/member/iav-ncbi-refseqs-seg5/MW098831	MW098831	1497	-	-	Shandong	China: Shandong	2018	Gallus gallus	H9N2	A/chicken/Shandong/12.26_TAWL018-O/2018
alignment/AL_IAV_SEG5/member/iav-ncbi-refseqs-seg5/MW099153	MW099153	1507	-	-	Fujian	China: Fujian	2017	Anseriformes sp	H9N6	A/duck/Fujian/9.25_FZHX0016-C/2017
alignment/AL_IAV_SEG5/member/iav-ncbi-refseqs-seg5/MW105297	MW105297	1497	-	-	Jiangxi	China: Jiangxi	2016	Gallus gallus	H9N2	A/chicken/Jiangxi/09.22_NCNP19C2-O/2016
alignment/AL_IAV_SEG5/member/iav-ncbi-refseqs-seg5/MW106065	MW106065	1497	-	-	Jiangxi	China: Jiangxi	2017	Gallus gallus	H9N9	A/chicken/Jiangxi/4.30_NCDZT43N2-OC/2017
alignment/AL_IAV_SEG5/member/iav-ncbi-refseqs-seg5/MW106161	MW106161	1497	-	-	Jiangxi	China: Jiangxi	2017	Gallus gallus	H9N9	A/chicken/Jiangxi/4.30_NCNP10N2-OC/2017
alignment/AL_IAV_SEG5/member/iav-ncbi-refseqs-seg5/MW106177	MW106177	1497	-	-	Jiangxi	China: Jiangxi	2017	Gallus gallus	H9N9	A/chicken/Jiangxi/4.30_NCNP13N2-OC/2017
alignment/AL_IAV_SEG5/member/iav-ncbi-refseqs-seg5/MW107241	MW107241	1544	-	-	Fujian	China: Fujian	2018	Anseriformes sp	H7N3	A/duck/Fujian/1.25_FZHX0014-C/2018
alignment/AL_IAV_SEG5/member/iav-ncbi-refseqs-seg5/MW107425	MW107425	1497	-	-	Fujian	China: Fujian	2018	Anseriformes sp	mixed	A/duck/Fujian/11.26_FZHX0197-C/2018
alignment/AL_IAV_SEG5/member/iav-ncbi-refseqs-seg5/MW108465	MW108465	1497	-	-	Hunan	China: Hunan	2017	Anseriformes sp	H6N6	A/duck/Hunan/6.27_YYGK79S2-OC/2017
alignment/AL_IAV_SEG5/member/iav-ncbi-refseqs-seg5/MW109369	MW109369	1497	-	-	Hunan	China: Hunan	2017	-	mixed	A/environment/Hunan/1.17_YYGKK58-E/2017
alignment/AL_IAV_SEG5/member/iav-ncbi-refseqs-seg5/MW109585	MW109585	1497	-	-	Jiangxi	China: Jiangxi	2017	-	H6N6	A/environment/Jiangxi/2.16_SRGFYK103-E/2017
alignment/AL_IAV_SEG5/member/iav-ncbi-refseqs-seg5/MW109697	MW109697	1556	-	-	Jiangxi	China: Jiangxi	2016	-	H7N9	A/environment/Jiangxi/3.14_NCDZT83T-E/2016
alignment/AL_IAV_SEG5/member/iav-ncbi-refseqs-seg5/MW109889	MW109889	1565	-	-	Yunnan	China: Yunnan	2018	-	mixed	A/environment/Yunnan/11.22_DQWGH002-E/2018
alignment/AL_IAV_SEG5/member/iav-ncbi-refseqs-seg5/MW110337	MW110337	1565	-	-	Guizhou	China: Guizhou	2016	Columba livia	H9N2	A/pigeon/Guizhou/11.30_ZYLJJ022-O/2016
alignment/AL_IAV_SEG5/member/iav-ncbi-refseqs-seg5/MW116747	MW116747	1530	-	-	-	South Korea	2017	Grus japonensis	H7N7	A/red-crowned crane/South Korea/H1026/2017
alignment/AL_IAV_SEG5/member/iav-ncbi-refseqs-seg5/MW126490	MW126490	1497	-	-	-	South Korea	2019	Anas platyrhynchos	H11N2	A/Anas platyrhynchos/South Korea/JB29-91-95/2019
alignment/AL_IAV_SEG5/member/iav-ncbi-refseqs-seg5/MW132273	MW132273	1565	-	-	-	USA	2018	Zalophus californianus	H7N5	A/mallard/California/SL01B72H7/2018
alignment/AL_IAV_SEG5/member/iav-ncbi-refseqs-seg5/MW169939	MW169939	1497	-	-	-	Italy	2019	Sus scrofa	H1N2	A/swine/Italy/364184/2019
alignment/AL_IAV_SEG5/member/iav-ncbi-refseqs-seg5/MW188606	MW188606	1548	-	-	-	Mongolia	2018	Anas platyrhynchos	H4N6	A/duck/Mongolia/374/2018
alignment/AL_IAV_SEG5/member/iav-ncbi-refseqs-seg5/MW243408	MW243408	1494	-	-	Whalebone Bay, King Island, TAS	Australia: Whalebone Bay, King Island, TAS	2014	Arenaria interpres	H3N5	A/Ruddy turnstone/TAS/7040/2014
alignment/AL_IAV_SEG5/member/iav-ncbi-refseqs-seg5/MW243444	MW243444	1494	-	-	Manuka, King Island, TAS	Australia: Manuka, King Island, TAS	2014	Arenaria interpres	H6N8	A/Ruddy turnstone/TAS/7009/2014
alignment/AL_IAV_SEG5/member/iav-ncbi-refseqs-seg5/MW309043	MW309043	1497	-	-	Indiana	USA: Indiana	2020	Sus scrofa	H1N2	A/swine/Indiana/A02524433/2020
alignment/AL_IAV_SEG5/member/iav-ncbi-refseqs-seg5/MW333287	MW333287	1565	-	-	Kaohsiung	Taiwan: Kaohsiung	2016	Gallus gallus	H5N8	A/chicken/Kaohsiung/16040021-1/2016
alignment/AL_IAV_SEG5/member/iav-ncbi-refseqs-seg5/MW342701	MW342701	1497	-	-	Kagoshima	Japan: Kagoshima	2020	Mareca falcata	H5N8	A/falcated duck/Kagoshima/KU-d3/2020
alignment/AL_IAV_SEG5/member/iav-ncbi-refseqs-seg5/MW391549	MW391549	1530	-	-	-	South Korea	2019	Anser albifrons	H7N7	A/White-fronted goose (Anser albifrons)/South Korea/KNU2019-39/2019
alignment/AL_IAV_SEG5/member/iav-ncbi-refseqs-seg5/MW404535	MW404535	1529	-	-	-	South Korea	2019	Anas platyrhynchos	H5N3	A/Mallard(Anas platyrhynchos)/South Korea/KNU2019-51/2019
alignment/AL_IAV_SEG5/member/iav-ncbi-refseqs-seg5/MW412629	MW412629	1531	-	-	-	Mongolia	2018	Duck(Anas sp.)	H2N8	A/Duck(Anas sp.)/Mongolia/MN18-141/2018
alignment/AL_IAV_SEG5/member/iav-ncbi-refseqs-seg5/MW419968	MW419968	1497	-	-	-	Mongolia	2018	Anseriformes sp	H4N8	A/duck/Mongolia/MN2018-224/2018
alignment/AL_IAV_SEG5/member/iav-ncbi-refseqs-seg5/MW487362	MW487362	1497	-	-	-	Mongolia	2018	Anas sp.	H3N6	A/duck/Mongolia/MN18-1/2018
alignment/AL_IAV_SEG5/member/iav-ncbi-refseqs-seg5/MW547627	MW547627	1525	-	-	Cheongju	South Korea: Cheongju	2010	Aves	H1N8	A/aquatic bird/Cheongju/431/2010
alignment/AL_IAV_SEG5/member/iav-ncbi-refseqs-seg5/MW547629	MW547629	1525	-	-	Cheongju	South Korea: Cheongju	2007	Aves	H2N4	A/aquatic bird/Cheongju/180/2007
alignment/AL_IAV_SEG5/member/iav-ncbi-refseqs-seg5/MW547630	MW547630	1525	-	-	Seosan	South Korea: Seosan	2006	Aves	H2N9	A/aquatic bird/Seosan/118/2006
alignment/AL_IAV_SEG5/member/iav-ncbi-refseqs-seg5/MW547633	MW547633	1494	-	-	Gunsan	South Korea: Gunsan	2006	Aves	H3N4	A/aquatic bird/Gunsan/146/2006
alignment/AL_IAV_SEG5/member/iav-ncbi-refseqs-seg5/MW547636	MW547636	1525	-	-	Jeonju	South Korea: Jeonju	2008	Aves	H4N1	A/aquatic bird/Jeonju/340/2008
alignment/AL_IAV_SEG5/member/iav-ncbi-refseqs-seg5/MW547638	MW547638	1529	-	-	Gunsan	South Korea: Gunsan	2007	Aves	H4N4	A/aquatic bird/Gunsan/187/2007
alignment/AL_IAV_SEG5/member/iav-ncbi-refseqs-seg5/MW547643	MW547643	1529	-	-	Cheonan	South Korea: Cheonan	2005	Aves	H6N8	A/aquatic bird/Cheonan/72/2005
alignment/AL_IAV_SEG5/member/iav-ncbi-refseqs-seg5/MW547649	MW547649	1529	-	-	Gunsan	South Korea: Gunsan	2006	Aves	H10N9	A/aquatic bird/Gunsan/145/2006
alignment/AL_IAV_SEG5/member/iav-ncbi-refseqs-seg5/MW855477	MW855477	1565	-	-	-	Ukraine	2020	Anas platyrhynchos	H7N2	A/mallard/Ukraine/AN-221-13-01/2020
alignment/AL_IAV_SEG5/member/iav-ncbi-refseqs-seg5/MW857487	MW857487	1468	-	-	-	Thailand	2012	Anseriformes sp	H11N6	A/duck/Thailand/CU-12657T/2012
alignment/AL_IAV_SEG5/member/iav-ncbi-refseqs-seg5/MW857499	MW857499	1497	-	-	-	Thailand	2012	Anseriformes sp	H11N6	A/duck/Thailand/CU-12677T/2012
alignment/AL_IAV_SEG5/member/iav-ncbi-refseqs-seg5/MW857527	MW857527	1470	-	-	-	Thailand	2015	Anseriformes sp	H11N7	A/duck/Thailand/CU-16340C/2015
alignment/AL_IAV_SEG5/member/iav-ncbi-refseqs-seg5/MW873607	MW873607	1497	-	-	Alaska	USA: Alaska	2017	Larus hyperboreus	H4N7	A/glaucous-winged gull/Alaska/UGAI17-5355/2017
alignment/AL_IAV_SEG5/member/iav-ncbi-refseqs-seg5/MW873663	MW873663	1497	-	-	Alaska	USA: Alaska	2017	Anas carolinensis	H6N8	A/green-winged teal/Alaska/UGA17-4719/2017
alignment/AL_IAV_SEG5/member/iav-ncbi-refseqs-seg5/MW875024	MW875024	1540	-	-	-	USA	2020	Arenaria interpres	H7N8	A/Ruddy Turnstone/Delaware Bay/604/2020
alignment/AL_IAV_SEG5/member/iav-ncbi-refseqs-seg5/MW875206	MW875206	1540	-	-	-	USA	2020	Arenaria interpres	H7N3	A/Ruddy Turnstone/Delaware Bay/465/2020
alignment/AL_IAV_SEG5/member/iav-ncbi-refseqs-seg5/MW875317	MW875317	1539	-	-	-	USA	2020	Calidris alpina	H4N9	A/Dunlin/Delaware Bay/378/2020
alignment/AL_IAV_SEG5/member/iav-ncbi-refseqs-seg5/MW875480	MW875480	1539	-	-	-	USA	2020	Arenaria interpres	H12N9	A/ruddy turnstone/Delaware Bay/305/2020
alignment/AL_IAV_SEG5/member/iav-ncbi-refseqs-seg5/MW875635	MW875635	1540	-	-	-	USA	2020	Arenaria interpres	H12N9	A/ruddy turnstone/Delaware Bay/350/2020
alignment/AL_IAV_SEG5/member/iav-ncbi-refseqs-seg5/MW875638	MW875638	1540	-	-	-	USA	2020	Arenaria interpres	H4N3	A/ruddy turnstone/Delaware Bay/341/2020
alignment/AL_IAV_SEG5/member/iav-ncbi-refseqs-seg5/MW875656	MW875656	1539	-	-	-	USA	2020	Arenaria interpres	H4N9	A/ruddy turnstone/Delaware Bay/235/2020
alignment/AL_IAV_SEG5/member/iav-ncbi-refseqs-seg5/MW875791	MW875791	1539	-	-	-	USA	2020	Arenaria interpres	H11N3	A/ruddy turnstone/Delaware Bay/232/2020
alignment/AL_IAV_SEG5/member/iav-ncbi-refseqs-seg5/MW875899	MW875899	1539	-	-	-	USA	2020	Arenaria interpres	H4N9	A/ruddy turnstone/Delaware Bay/302/2020
alignment/AL_IAV_SEG5/member/iav-ncbi-refseqs-seg5/MW876044	MW876044	1539	-	-	-	USA	2020	Arenaria interpres	H11N3	A/ruddy turnstone/Delaware Bay/209/2020
alignment/AL_IAV_SEG5/member/iav-ncbi-refseqs-seg5/MW876066	MW876066	1539	-	-	-	USA	2020	Arenaria interpres	H12N8	A/ruddy turnstone/Delaware Bay/173/2020
alignment/AL_IAV_SEG5/member/iav-ncbi-refseqs-seg5/MW876094	MW876094	1539	-	-	-	USA	2020	Arenaria interpres	H12N1	A/ruddy turnstone/Delaware Bay/218/2020
alignment/AL_IAV_SEG5/member/iav-ncbi-refseqs-seg5/MW935374	MW935374	1565	-	-	-	Viet Nam	2019	Anas sp.	H6N6	A/duck/Vietnam/HN5350/2019
alignment/AL_IAV_SEG5/member/iav-ncbi-refseqs-seg5/MZ565045	MZ565045	1497	-	-	Jalisco	Mexico: Jalisco	2019	Gallus gallus	H5N2	A/chicken/Jalisco/CPA-06432-19/2019
alignment/AL_IAV_SEG5/member/iav-ncbi-refseqs-seg5/MZ565341	MZ565341	1497	-	-	Queretaro	Mexico: Queretaro	2019	Gallus gallus	H5N2	A/chicken/Queretaro/CPA-03805-19/2019
alignment/AL_IAV_SEG5/member/iav-ncbi-refseqs-seg5/MZ565549	MZ565549	1561	-	-	-	Iceland	2012	Larus argentatus	H6N7	A/herring gull/Iceland/2177/2012
alignment/AL_IAV_SEG5/member/iav-ncbi-refseqs-seg5/MZ565621	MZ565621	1565	-	-	-	Iceland	2012	Larus fuscus	H2N7	A/lesser black-backed gull/Iceland/1792/2012
alignment/AL_IAV_SEG5/member/iav-ncbi-refseqs-seg5/MZ717588	MZ717588	1565	-	-	-	Iceland	2017	Arenaria interpres	H2N5	A/ruddy turnstone/Iceland/6519/2017
alignment/AL_IAV_SEG5/member/iav-ncbi-refseqs-seg5/MZ945741	MZ945741	1566	-	-	-	Spain	2017	Sus scrofa	HxNx	A/swine/Spain/45600-2/2017
alignment/AL_IAV_SEG5/member/iav-ncbi-refseqs-seg5/MZ945772	MZ945772	1566	-	-	-	Spain	2019	Sus scrofa	HxN2	A/swine/Spain/45534-2/2019
alignment/AL_IAV_SEG5/member/iav-ncbi-refseqs-seg5/OL355027	OL355027	1497	-	-	-	Peru	2019	Anas platyrhynchos	H2N6	A/Mallard/Peru/M6/2019
alignment/AL_IAV_SEG5/member/iav-ncbi-refseqs-seg5/OL370544	OL370544	1497	-	-	Victoria	Australia: Victoria	2016	Anas rubripes	H4N1	A/Pacific black duck/Victoria/9708/2016
alignment/AL_IAV_SEG5/member/iav-ncbi-refseqs-seg5/OL370584	OL370584	1497	-	-	South Australia	Australia: South Australia	2017	Anas gracilis	H9N3	A/grey teal/South Australia/17-3278836-7/2017
alignment/AL_IAV_SEG5/member/iav-ncbi-refseqs-seg5/OL370616	OL370616	1497	-	-	Victoria	Australia: Victoria	2017	Anas gracilis	H11N9	A/grey teal/Victoria/10657/2017
alignment/AL_IAV_SEG5/member/iav-ncbi-refseqs-seg5/OL370632	OL370632	1497	-	-	Victoria	Australia: Victoria	2018	Anas gracilis	H1N4	A/grey teal/Victoria/11187/2018
alignment/AL_IAV_SEG5/member/iav-ncbi-refseqs-seg5/OL370680	OL370680	1497	-	-	Western Australia, Broome	Australia: Western Australia, Broome	2018	Calidris canutus	H11N8	A/red knot/Broome/12611/2018
alignment/AL_IAV_SEG5/member/iav-ncbi-refseqs-seg5/OL370688	OL370688	1497	-	-	Victoria	Australia: Victoria	2017	Calidris ruficollis	H4N7	A/red-necked stint/Victoria/12188/2017
alignment/AL_IAV_SEG5/member/iav-ncbi-refseqs-seg5/OL370696	OL370696	1497	-	-	Victoria	Australia: Victoria	2017	Calidris ruficollis	H4N7	A/red-necked stint/Victoria/12198/2017
alignment/AL_IAV_SEG5/member/iav-ncbi-refseqs-seg5/OL370768	OL370768	1497	-	-	Tasmania, King Island	Australia: Tasmania, King Island	2018	Arenaria interpres	H12N5	A/ruddy turnstone/King Island/13149/2018
alignment/AL_IAV_SEG5/member/iav-ncbi-refseqs-seg5/OL370808	OL370808	1497	-	-	Tasmania, King Island	Australia: Tasmania, King Island	2019	Arenaria interpres	H12N2	A/ruddy turnstone/King Island/13883/2019
alignment/AL_IAV_SEG5/member/iav-ncbi-refseqs-seg5/OL370848	OL370848	1497	-	-	Tasmania, King Island	Australia: Tasmania, King Island	2019	Arenaria interpres	H12N2	A/ruddy turnstone/King Island/13928/2019
alignment/AL_IAV_SEG5/member/iav-ncbi-refseqs-seg5/OL370880	OL370880	1497	-	-	Tasmania, King Island	Australia: Tasmania, King Island	2019	Arenaria interpres	H12N2	A/ruddy turnstone/King Island/14018/2019
alignment/AL_IAV_SEG5/member/iav-ncbi-refseqs-seg5/OL371168	OL371168	1497	-	-	Tasmania	Australia: Tasmania	2017	Anseriformes sp	H11N9	A/wild duck/Tasmania/17-0958-33/2017
alignment/AL_IAV_SEG5/member/iav-ncbi-refseqs-seg5/OL371256	OL371256	1497	-	-	Victoria	Australia: Victoria	2014	Anseriformes sp	H5N9	A/wild duck/Victoria/14-0961-1/2014
alignment/AL_IAV_SEG5/member/iav-ncbi-refseqs-seg5/OL371440	OL371440	1497	-	-	South Australia	Australia: South Australia	2016	Aves	H2N1	A/wild waterbird/South Australia/16-7857439-2/2016
alignment/AL_IAV_SEG5/member/iav-ncbi-refseqs-seg5/OL371504	OL371504	1497	-	-	South Australia	Australia: South Australia	2018	Aves	H7N6	A/wild waterbird/South Australia/18-7728954-65/2018
alignment/AL_IAV_SEG5/member/iav-ncbi-refseqs-seg5/OL371512	OL371512	1497	-	-	South Australia	Australia: South Australia	2018	Aves	H9N5	A/wild waterbird/South Australia/18-9201854-12/2018
alignment/AL_IAV_SEG5/member/iav-ncbi-refseqs-seg5/OL371520	OL371520	1497	-	-	South Australia	Australia: South Australia	2018	Aves	H4N4	A/wild waterbird/South Australia/18-9201854-8/2018
alignment/AL_IAV_SEG5/member/iav-ncbi-refseqs-seg5/OL371648	OL371648	1497	-	-	Tasmania	Australia: Tasmania	2018	Aves	H1N7	A/wild waterbird/Tasmania/18-1081-3/2018
alignment/AL_IAV_SEG5/member/iav-ncbi-refseqs-seg5/OL371656	OL371656	1497	-	-	Tasmania	Australia: Tasmania	2018	Aves	H1N7	A/wild waterbird/Tasmania/18-1081-5/2018
alignment/AL_IAV_SEG5/member/iav-ncbi-refseqs-seg5/OL371664	OL371664	1497	-	-	Tasmania	Australia: Tasmania	2020	Aves	H1N6	A/wild waterbird/Tasmania/20-2052-11/2020
alignment/AL_IAV_SEG5/member/iav-ncbi-refseqs-seg5/OL371680	OL371680	1497	-	-	Victoria	Australia: Victoria	2019	Aves	H11N9	A/wild waterbird/Victoria/19-00581-009/2019
alignment/AL_IAV_SEG5/member/iav-ncbi-refseqs-seg5/OL371720	OL371720	1540	-	-	Western Australia	Australia: Western Australia	2014	Aves	H11N5	A/wild waterbird/Western Australia/AS14-0790-6/2014
alignment/AL_IAV_SEG5/member/iav-ncbi-refseqs-seg5/OL371784	OL371784	1497	-	-	Western Australia	Australia: Western Australia	2015	Aves	H2N7	A/wild waterbird/Western Australia/AS15-0827-104/2015
alignment/AL_IAV_SEG5/member/iav-ncbi-refseqs-seg5/OL371832	OL371832	1497	-	-	Western Australia	Australia: Western Australia	2015	Aves	H2N1	A/wild waterbird/Western Australia/AS15-0827-44/2015
alignment/AL_IAV_SEG5/member/iav-ncbi-refseqs-seg5/OL372048	OL372048	1497	-	-	South Australia	Australia: South Australia	2012	Aves	H6N2	A/wild waterfowl/South Australia/12-2206749-25/2012
alignment/AL_IAV_SEG5/member/iav-ncbi-refseqs-seg5/OL372136	OL372136	1497	-	-	Western Australia	Australia: Western Australia	2013	Aves	H2N2	A/wild waterfowl/Western Australia/AS13-1169-81/2013
alignment/AL_IAV_SEG5/member/iav-ncbi-refseqs-seg5/OL422863	OL422863	1497	-	-	Schuyler County, New York	USA: Schuyler County, New York	2021	Anas platyrhynchos	H5N4	A/mallard/New York/AH0179244/2021
alignment/AL_IAV_SEG5/member/iav-ncbi-refseqs-seg5/OL539654	OL539654	1497	-	-	Oneida County, New York	USA: Oneida County, New York	2021	Anas platyrhynchos	H3N1	A/mallard/New York/AH0179440/2021
alignment/AL_IAV_SEG5/member/iav-ncbi-refseqs-seg5/OL583754	OL583754	1497	-	-	Merrimack County, New Hampshire	USA: Merrimack County, New Hampshire	2021	Anas platyrhynchos	H5N3	A/mallard/New Hampshire/AH0190828/2021
alignment/AL_IAV_SEG5/member/iav-ncbi-refseqs-seg5/OM373271	OM373271	1497	-	-	Shandong province	China: Shandong province	2020	Anseriformes sp	H10N8	A/swan/Shandong/W3875/2020
alignment/AL_IAV_SEG5/member/iav-ncbi-refseqs-seg5/OM965829	OM965829	1539	-	-	-	USA	2021	Calidris canutus	H13N6	A/Red Knot/Delaware/224/2021
alignment/AL_IAV_SEG5/member/iav-ncbi-refseqs-seg5/OM965838	OM965838	1540	-	-	-	USA	2021	Arenaria interpres	H10N3	A/Ruddy Turnstone/Delaware/113/2021
alignment/AL_IAV_SEG5/member/iav-ncbi-refseqs-seg5/OM966100	OM966100	1540	-	-	-	USA	2021	Calidris alba	H10N3	A/Sanderling/Delaware/507/2021
alignment/AL_IAV_SEG5/member/iav-ncbi-refseqs-seg5/OM966129	OM966129	1539	-	-	-	USA	2021	Arenaria interpres	H10N9	A/Ruddy Turnstone/Delaware/49/2021
alignment/AL_IAV_SEG5/member/iav-ncbi-refseqs-seg5/ON563785	ON563785	1539	-	-	-	USA	2022	Homo sapiens	H3N2	A/Pennsylvania/HUPB210071/2022
alignment/AL_IAV_SEG5/member/iav-ncbi-refseqs-seg5/ON598598	ON598598	1497	-	-	-	China	2020	Gallus gallus	H10N3	A/chicken/China/2069/2020
