strain_id	complete	seq_count	iso_year	iso_month	iso_day	iso_host	iso_source	iso_country	iso_region	segment1_accession	segment2_accession	segment3_accession	segment4_accession	segment5_accession	segment6_accession	segment7_accession	segment_1_counts	segment_2_counts	segment_3_counts	segment_4_counts	segment_5_counts	segment_6_counts	segment_7_counts																							
C/Vietnam/1290/2014	TRUE	7	2014	APR	16	Homo sapiens	nasopharyngeal swab	Viet Nam	NULL	MH828694	MH828693	MH828692	MH828688	MH828690	MH828689	MH828691	1	1	1	1	1	1	1																							
C/Iwate/1/2016	TRUE	7	2016	-	-	Homo sapiens	-	Japan	Iwate	LC327652	LC327653	LC327654	LC327655	LC327656	LC327657	LC327658	1	1	1	1	1	1	1																							
C/Yamagata/3/2005	TRUE	7	2005	SEP	7	Homo sapiens	-	Japan	Yamagata	LC123344	LC123446	LC123548	LC122650	AB684314	LC123842	LC125006	1	1	1	1	1	1	1																							
C/Bovine/Montana/12/2016	TRUE	8	2016	NOV	18	Bos taurus	sick calve's nasal swab	USA	Montana	MH348113	MH348114	MH348115	MH348116	MH348117	MH421868	MH348119	1	1	1	1	1	2	1																							
C/Yamagata/18/2004	TRUE	7	2004	-	-	Homo sapiens	-	Japan	Yamagata	LC123335	LC123437	LC123539	LC122644	LC123768	LC123833	LC124997	1	1	1	1	1	1	1																							
C/Singapore/DSO-070203/2006	TRUE	7	2006	DEC	4	Homo sapiens	-	Singapore	NULL	JX963129	JX963125	JX963121	GQ853452	JX963113	JX963109	JX963117	1	1	1	1	1	1	1																							
C/Miyagi/42/2004	TRUE	7	2004	-	-	Homo sapiens	-	Japan	Miyagi	LC123340	LC123442	LC123544	AB252157	LC123773	LC123838	LC125002	1	1	1	1	1	1	1																							
C/canine/China/Guangzhou-2/2020	TRUE	7	2020	-	-	Canis familiaris	nasal swab	China	NULL	OK254901	OK254900	OK254899	OK254895	OK254897	OK254896	OK254898	1	1	1	1	1	1	1																							
C/Biliran/TB4-271/2019	TRUE	7	2019	JUL	8	Homo sapiens	nasal swab	Philippines	Biliran	MZ330943	MZ330942	MZ330941	MZ330937	MZ330939	MZ330938	MZ330940	1	1	1	1	1	1	1																							
C/Yamagata/20/2006	TRUE	7	2006	-	-	Homo sapiens	-	Japan	Yamagata	LC123353	LC123455	LC123557	LC122658	LC123785	LC123851	LC125015	1	1	1	1	1	1	1																							
C/Biliran/TB4-130/2018	TRUE	7	2018	MAR	27	Homo sapiens	nasal swab	Philippines	Biliran	MZ330929	MZ330928	MZ330927	MZ330923	MZ330925	MZ330924	MZ330926	1	1	1	1	1	1	1																							
C/Yamagata/11/88	TRUE	7	1988	-	-	Homo sapiens	-	Japan	Yamagata	LC603646	LC603647	LC603645	LC603641	LC603643	LC603642	LC603644	1	1	1	1	1	1	1																							
C/Yamagata/1/2012	TRUE	7	2012	-	-	Homo sapiens	-	Japan	Yamagata	LC123364	LC123466	LC123568	LC122667	LC123794	LC123862	LC125026	1	1	1	1	1	1	1																							
C/Yamagata/14/2012	TRUE	7	2012	-	-	Homo sapiens	-	Japan	Yamagata	LC123368	LC123470	LC123572	LC122670	LC123798	LC123866	LC125030	1	1	1	1	1	1	1																							
C/Scotland/7482/2007	TRUE	7	2007	-	-	Homo sapiens	respiratory sample	United Kingdom	NULL	KT835340	KT835336	KT835345	KT835354	KT835357	KT835363	KT835367	1	1	1	1	1	1	1																							
C/Miyagi/20/2002	TRUE	7	2002	-	-	Homo sapiens	-	Japan	Miyagi	LC123329	LC123431	LC123533	LC122641	LC123763	LC123827	LC124991	1	1	1	1	1	1	1																							
C/Fukuoka/1/2005	TRUE	7	2005	-	-	Homo sapiens	-	Japan	Fukuoka	LC123347	LC123449	LC123551	LC122653	LC123779	LC123845	LC125009	1	1	1	1	1	1	1																							
C/Palawan/061/2015	TRUE	7	2015	JUL	3	Homo sapiens	nasal swab	Philippines	Palawan	MZ331006	MZ331005	MZ331004	MZ331000	MZ331002	MZ331001	MZ331003	1	1	1	1	1	1	1																							
C/Biliran/TB5-498/2016	TRUE	7	2016	JUN	29	Homo sapiens	nasal swab	Philippines	Biliran	MZ330971	MZ330970	MZ330969	MZ330965	MZ330967	MZ330966	MZ330968	1	1	1	1	1	1	1																							
C/Tokyo/3/2010	TRUE	7	2010	-	-	Homo sapiens	-	Japan	Tokyo	LC123363	LC123465	LC123567	LC122666	LC123793	LC123861	LC125025	1	1	1	1	1	1	1																							
C/Miyagi/47/2004	TRUE	7	2004	-	-	Homo sapiens	-	Japan	Miyagi	LC123341	LC123443	LC123545	LC122647	LC123774	LC123839	LC125003	1	1	1	1	1	1	1																							
C/Miyagi/12/2004	TRUE	7	2004	-	-	Homo sapiens	-	Japan	Miyagi	LC123338	LC123440	LC123542	AB252156	LC123771	LC123836	LC125000	1	1	1	1	1	1	1																							
C/Tokyo/1/2014	TRUE	7	2014	-	-	Homo sapiens	-	Japan	Tokyo	LC123383	LC123485	LC123587	LC122677	LC123813	LC123881	LC125045	1	1	1	1	1	1	1																							
C/Yamagata/28/2012	TRUE	7	2012	-	-	Homo sapiens	-	Japan	Yamagata	LC123369	LC123471	LC123573	LC122671	LC123799	LC123867	LC125031	1	1	1	1	1	1	1																							
C/Iwate/2/2016	TRUE	7	2016	-	-	Homo sapiens	-	Japan	Iwate	LC327659	LC327660	LC327661	LC327662	LC327663	LC327664	LC327665	1	1	1	1	1	1	1																							
C/India/P135047/2013	TRUE	7	2013	APR	25	Homo sapiens	TS/NS	India	NULL	KM507552	KM507553	KM507554	KM507555	KM507556	KM507557	KM507558	1	1	1	1	1	1	1																							
C/Biliran/TB2-293/2014	TRUE	7	2014	OCT	2	Homo sapiens	nasal swab	Philippines	Biliran	MZ330908	MZ330907	MZ330906	MZ330902	MZ330904	MZ330903	MZ330905	1	1	1	1	1	1	1																							
C/Yamagata/1/2007	TRUE	7	2007	JAN	17	Homo sapiens	-	Japan	Yamagata	LC123355	LC123457	LC123559	LC122660	AB684315	LC123853	LC125017	1	1	1	1	1	1	1																							
C/Biliran/TB5-536/2016	TRUE	7	2016	JUL	18	Homo sapiens	nasal swab	Philippines	Biliran	MZ330978	MZ330977	MZ330976	MZ330972	MZ330974	MZ330973	MZ330975	1	1	1	1	1	1	1																							
C/Biliran/TB4-067/2017	TRUE	7	2017	JUN	15	Homo sapiens	nasal swab	Philippines	Biliran	MZ330922	MZ330921	MZ330920	MZ330916	MZ330918	MZ330917	MZ330919	1	1	1	1	1	1	1																							
C/Yamagata/29/2004	TRUE	7	2004	-	-	Homo sapiens	-	Japan	Yamagata	LC603653	LC603654	LC603652	LC603648	LC603650	LC603649	LC603651	1	1	1	1	1	1	1																							
C/Miyagi/2/2008	TRUE	7	2008	-	-	Homo sapiens	-	Japan	Miyagi	LC123360	LC123462	LC123564	LC122664	LC123791	LC123858	LC125022	1	1	1	1	1	1	1																							
C/Miyagi/3/2010	TRUE	7	2010	-	-	Homo sapiens	-	Japan	Miyagi	LC123362	LC123464	LC123566	LC122665	LC123792	LC123860	LC125024	1	1	1	1	1	1	1																							
C/Scotland/7383/2007	TRUE	7	2007	-	-	Homo sapiens	respiratory sample	United Kingdom	NULL	KT835341	KT835337	KT835346	KT835353	KT835356	KT835364	KT835368	1	1	1	1	1	1	1																							
C/Miyagi/2/2005	TRUE	7	2005	-	-	Homo sapiens	-	Japan	Miyagi	LC123345	LC123447	LC123549	LC122651	LC123777	LC123843	LC125007	1	1	1	1	1	1	1																							
C/Yamagata/9/2006	TRUE	7	2006	-	-	Homo sapiens	-	Japan	Yamagata	LC123350	LC123452	LC123554	LC122656	LC123782	LC123848	LC125012	1	1	1	1	1	1	1																							
C/Biliran/TB4-169/2018	TRUE	7	2018	APR	24	Homo sapiens	nasal swab	Philippines	Biliran	MZ330936	MZ330935	MZ330934	MZ330930	MZ330932	MZ330931	MZ330933	1	1	1	1	1	1	1																							
C/Nara/2/85	TRUE	15	1985	-	-	Homo sapiens	-	-	NULL	D30700	D30698	D30695	D30697	D78440	D30701	D78441	2	2	2	1	2	3	2																							
C/Biliran/TB5-625/2016	TRUE	7	2016	AUG	23	Homo sapiens	nasal swab	Philippines	Biliran	MZ330985	MZ330984	MZ330983	MZ330979	MZ330981	MZ330980	MZ330982	1	1	1	1	1	1	1																							
C/Yamagata/2/2005	TRUE	7	2005	-	-	Homo sapiens	-	Japan	Yamagata	LC123343	LC123445	LC123547	LC122649	LC123776	LC123841	LC125005	1	1	1	1	1	1	1																							
C/Scotland/7274/2007	TRUE	7	2007	-	-	Homo sapiens	respiratory sample	United Kingdom	NULL	KT835342	KT835339	KT835347	KT835352	KT835358	KT835362	KT835369	1	1	1	1	1	1	1																							
C/Fukuoka/2/2006	TRUE	7	2006	-	-	Homo sapiens	-	Japan	Fukuoka	LC123348	LC123450	LC123552	LC122654	LC123780	LC123846	LC125010	1	1	1	1	1	1	1																							
C/Miyagi/31/2002	TRUE	7	2002	-	-	Homo sapiens	-	Japan	Miyagi	LC123331	LC123433	LC123535	LC122643	LC123765	LC123829	LC124993	1	1	1	1	1	1	1																							
C/Yamagata/1/2006	TRUE	7	2006	-	-	Homo sapiens	-	Japan	Yamagata	LC123349	LC123451	LC123553	LC122655	LC123781	LC123847	LC125011	1	1	1	1	1	1	1																							
C/Singapore/DSO-050530/2006	TRUE	7	2006	MAY	18	Homo sapiens	-	Singapore	NULL	JX963126	JX963122	JX963118	GQ853455	JX963110	JX963106	JX963114	1	1	1	1	1	1	1																							
C/Seoul/APD462/2015	TRUE	7	2015	APR	11	Homo sapiens	-	South Korea	NULL	MK050104	MK050103	MK050102	MK050092	MK050100	MK050101	MK050096	1	1	1	1	1	1	1																							
C/Victoria/2/2012	TRUE	7	2012	-	-	Homo sapiens	-	Australia	NULL	KM504277	KM504278	KM504279	KM504280	KM504281	KM504282	KM504283	1	1	1	1	1	1	1																							
C/India/P119564/2011	TRUE	7	2011	JUN	10	Homo sapiens	TS/NS	India	NULL	KT232082	KT232083	KT232084	KT232085	KT232086	KT232087	KT232088	1	1	1	1	1	1	1																							
C/Yamagata/3/2008	TRUE	7	2008	-	-	Homo sapiens	-	Japan	Yamagata	LC123356	LC123458	LC123560	LC122661	LC123787	LC123854	LC125018	1	1	1	1	1	1	1																							
C/Yamagata/7/2012	TRUE	7	2012	-	-	Homo sapiens	-	Japan	Yamagata	LC123367	LC123469	LC123571	LC122669	LC123797	LC123865	LC125029	1	1	1	1	1	1	1																							
C/Yamagata/13/2006	TRUE	7	2006	-	-	Homo sapiens	-	Japan	Yamagata	LC123351	LC123453	LC123555	LC122657	LC123783	LC123849	LC125013	1	1	1	1	1	1	1																							
C/Biliran/TB5-736/2016	TRUE	7	2016	OCT	5	Homo sapiens	nasal swab	Philippines	Biliran	MZ330992	MZ330991	MZ330990	MZ330986	MZ330988	MZ330987	MZ330989	1	1	1	1	1	1	1																							
C/Biliran/TB2-162/2014	TRUE	7	2014	JUN	25	Homo sapiens	nasal swab	Philippines	Biliran	MZ330887	MZ330886	MZ330885	MZ330881	MZ330883	MZ330882	MZ330884	1	1	1	1	1	1	1																							
C/Miyagi/25/2004	TRUE	7	2004	-	-	Homo sapiens	-	Japan	Miyagi	LC123339	LC123441	LC123543	LC122646	LC123772	LC123837	LC125001	1	1	1	1	1	1	1																							
C/Yamagata/11/2008	TRUE	7	2008	-	-	Homo sapiens	-	Japan	Yamagata	LC123357	LC123459	LC123561	LC122662	LC123788	LC123855	LC125019	1	1	1	1	1	1	1																							
C/Scotland/6855/2007	TRUE	7	2007	-	-	Homo sapiens	respiratory sample	United Kingdom	NULL	KT835343	KT835338	KT835348	KT835351	KT835360	KT835361	KT835370	1	1	1	1	1	1	1																							
C/Biliran/TB2-180/2014	TRUE	7	2014	JUL	7	Homo sapiens	nasal swab	Philippines	Biliran	MZ330894	MZ330893	MZ330892	MZ330888	MZ330890	MZ330889	MZ330891	1	1	1	1	1	1	1																							
C/Yamagata/1/2005	TRUE	7	2005	-	-	Homo sapiens	-	Japan	Yamagata	LC123342	LC123444	LC123546	LC122648	LC123775	LC123840	LC125004	1	1	1	1	1	1	1																							
C/Yamagata/16/2008	TRUE	7	2008	-	-	Homo sapiens	-	Japan	Yamagata	LC123358	LC123460	LC123562	LC122663	LC123789	LC123856	LC125020	1	1	1	1	1	1	1																							
C/Miyagi/6/2014	TRUE	7	2014	-	-	Homo sapiens	-	Japan	Miyagi	LC123382	LC123484	LC123586	LC122676	LC123812	LC123880	LC125044	1	1	1	1	1	1	1																							
C/Biliran/TB4-024/2017	TRUE	7	2017	MAY	16	Homo sapiens	nasal swab	Philippines	Biliran	MZ330915	MZ330914	MZ330913	MZ330909	MZ330911	MZ330910	MZ330912	1	1	1	1	1	1	1																							
C/Miyagi/4/2005	TRUE	7	2005	-	-	Homo sapiens	-	Japan	Miyagi	LC123346	LC123448	LC123550	LC122652	LC123778	LC123844	LC125008	1	1	1	1	1	1	1																							
C/Palawan/068/2014	TRUE	7	2014	MAR	18	Homo sapiens	nasal swab	Philippines	Palawan	MZ331013	MZ331012	MZ331011	MZ331007	MZ331009	MZ331008	MZ331010	1	1	1	1	1	1	1																							
C/Yamagata/3/2004	TRUE	7	2004	-	-	Homo sapiens	-	Japan	Yamagata	LC123332	LC123434	LC123536	AB252153	LC123766	LC123830	LC124994	1	1	1	1	1	1	1																							
C/Yamagata/5/2002	TRUE	7	2002	-	-	Homo sapiens	-	Japan	Yamagata	LC123325	LC123427	LC123529	LC122638	LC123760	LC123823	LC124987	1	1	1	1	1	1	1																							
C/Miyagi/2/2014	TRUE	7	2014	-	-	Homo sapiens	-	Japan	Miyagi	LC123380	LC123482	LC123584	LC122674	LC123810	LC123878	LC125042	1	1	1	1	1	1	1																							
C/Singapore/DSO-070170/2006	TRUE	7	2006	NOV	17	Homo sapiens	-	Singapore	NULL	JX963127	JX963123	JX963119	GQ853453	JX963111	JX963107	JX963115	1	1	1	1	1	1	1																							
C/Eastern India/1202/2011	TRUE	7	2011	JUL	15	Homo sapiens	-	India	NULL	JX947865	JX947864	JX947863	JX947861	JX947862	JX947866	JX947867	1	1	1	1	1	1	1																							
C/California/78	TRUE	11	1978	-	-	Homo sapiens	-	USA	NULL	LC123294	LC123396	LC123498	LC122634	LC123731	AB000608	M10087	1	1	1	1	1	1	1																							
C/Miyagi/11/2002	TRUE	7	2002	-	-	Homo sapiens	-	Japan	Miyagi	LC123328	LC123430	LC123532	LC122640	LC123762	LC123826	LC124990	1	1	1	1	1	1	1																							
C/canine/China/Guangzhou-1/2020	TRUE	7	2020	-	-	Canis familiaris	nasal swab	China	NULL	OK254894	OK254893	OK254892	OK254888	OK254890	OK254889	OK254891	1	1	1	1	1	1	1																							
C/Yamagata/3/2012	TRUE	7	2012	-	-	Homo sapiens	-	Japan	Yamagata	LC123365	LC123467	LC123569	LC122668	LC123795	LC123863	LC125027	1	1	1	1	1	1	1																							
C/Biliran/TB2-204/2014	TRUE	7	2014	JUL	24	Homo sapiens	nasal swab	Philippines	Biliran	MZ330901	MZ330900	MZ330899	MZ330895	MZ330897	MZ330896	MZ330898	1	1	1	1	1	1	1																							
C/Miyagi/2/2012	TRUE	7	2012	-	-	Homo sapiens	-	Japan	Miyagi	LC123371	LC123473	LC123575	LC122672	LC123801	LC123869	LC125033	1	1	1	1	1	1	1																							
C/Fukuoka/1/2012	TRUE	7	2012	-	-	Homo sapiens	-	Japan	Fukuoka	LC123372	LC123474	LC123576	LC122673	LC123802	LC123870	LC125034	1	1	1	1	1	1	1																							
C/Biliran/TB8-250/2014	TRUE	7	2014	JUL	10	Homo sapiens	nasal swab	Philippines	Biliran	MZ330999	MZ330998	MZ330997	MZ330993	MZ330995	MZ330994	MZ330996	1	1	1	1	1	1	1																							
C/Yamagata/26/2004	TRUE	7	2004	-	-	Homo sapiens	-	Japan	Yamagata	LC123336	LC123438	LC123540	LC122645	LC123769	LC123834	LC124998	1	1	1	1	1	1	1																							
C/Biliran/TB5-241/2014	TRUE	7	2014	JUN	20	Homo sapiens	nasal swab	Philippines	Biliran	MZ330957	MZ330956	MZ330955	MZ330951	MZ330953	MZ330952	MZ330954	1	1	1	1	1	1	1																							
C/Fukushima/O181/2018	TRUE	7	2018	-	-	Homo sapiens	nasopharyngea swab using HBTEC-ALI culture	Japan	Fukushima	LC720290	LC720289	LC720291	LC720285	LC720287	LC720286	LC720288	1	1	1	1	1	1	1																							
C/Mississippi/80	TRUE	13	1980	-	-	Homo sapiens	-	USA	NULL	D78393	LC123401	D78392	LC122635	LC123735	AB000720	M31007	2	2	2	1	2	2	2																							
C/Miyagi/28/2002	TRUE	7	2002	-	-	Homo sapiens	-	Japan	Miyagi	LC123330	LC123432	LC123534	LC122642	LC123764	LC123828	LC124992	1	1	1	1	1	1	1																							
C/Biliran/TB5-312/2017	TRUE	7	2017	JUN	13	Homo sapiens	nasal swab	Philippines	Biliran	MZ330964	MZ330963	MZ330962	MZ330958	MZ330960	MZ330959	MZ330961	1	1	1	1	1	1	1																							
C/India/P121719/2012	TRUE	7	2012	FEB	24	Homo sapiens	TS/NS	India	NULL	KM507545	KM507546	KM507547	KM507548	KM507549	KM507550	KM507551	1	1	1	1	1	1	1																							
C/Biliran/TB5-195/2014	TRUE	7	2014	JUN	2	Homo sapiens	nasal swab	Philippines	Biliran	MZ330950	MZ330949	MZ330948	MZ330944	MZ330946	MZ330945	MZ330947	1	1	1	1	1	1	1																							
C/Miyagi/4/2002	TRUE	7	2002	JAN	24	Homo sapiens	-	Japan	Miyagi	LC123327	LC123429	LC123531	LC122639	AB684312	LC123825	LC124989	1	1	1	1	1	1	1																							
C/Miyagi/4/2006	TRUE	7	2006	-	-	Homo sapiens	-	Japan	Miyagi	LC123354	LC123456	LC123558	LC122659	LC123786	LC123852	LC125016	1	1	1	1	1	1	1																							
C/Great Lakes/1167/1954	TRUE	7	1954	-	-	Homo sapiens	-	USA	NULL	LC123284	LC123386	LC123488	LC122633	LC123723	LC123815	LC124978	1	1	1	1	1	1	1																							
C/Singapore/DSO-070193/2006	TRUE	7	2006	NOV	29	Homo sapiens	-	Singapore	NULL	JX963128	JX963124	JX963120	GQ853454	JX963112	JX963108	JX963116	1	1	1	1	1	1	1																							
C/Tokyo/4/2014	TRUE	7	2014	-	-	Homo sapiens	-	Japan	Tokyo	LC123384	LC123486	LC123588	LC122678	LC123814	LC123882	LC125046	1	1	1	1	1	1	1																							
C/Miyagi/5/2014	TRUE	7	2014	-	-	Homo sapiens	-	Japan	Miyagi	LC123381	LC123483	LC123585	LC122675	LC123811	LC123879	LC125043	1	1	1	1	1	1	1strain_id	complete	seq_count	iso_year	iso_month	iso_day	iso_host	iso_source	iso_country	iso_place_name	segment1_accession	segment2_accession	segment3_accession	segment4_accession	segment5_accession	segment6_accession	segment7_accession	segment_1_counts	segment_2_counts	segment_3_counts	segment_4_counts	segment_5_counts	segment_6_counts	segment_7_counts
C/Thailand/B12597_PB2_gene/2015	FALSE	1	2015	AUG	31	Homo sapiens	nasal swab	Thailand	NULL	MK480590	0	0	0	0	0	0	1	0	0	0	0	0	0																							
C/Yamagata/10/81	FALSE	1	1981	-	-	Homo sapiens	-	Japan	Yamagata	0	0	0	0	0	0	0	0	0	0	0	0	0	0																							
C/New Jersey/1/76	FALSE	4	1976	-	-	Homo sapiens	-	USA	NULL	LC123291	LC123393	LC123495	0	0	0	0	1	1	1	0	0	0	0																							
C/Sendai/TU2/2012	FALSE	7	2012	-	-	Homo sapiens	-	Japan	"Miyagi, Sendai"	AB979712	AB980270	AB981330	AB978559	0	AB982139	AB985624	1	1	1	1	0	1	1																							
C/Minnesota/03/2014	FALSE	2	2014	DEC	15	Homo sapiens	-	USA	Minnesota	0	0	0	CY239465	0	CY239466	0	0	0	0	1	0	1	0																							
C/Fukuoka/3/2004	FALSE	1	-	-	-	-	-	Japan	Fukuoka	0	0	0	AB252165	0	0	0	0	0	0	1	0	0	0																							
C/Niigata/1/2004	FALSE	1	-	-	-	-	-	Japan	Niigata	0	0	0	AB252158	0	0	0	0	0	0	1	0	0	0																							
C/Yamagata/1/86	FALSE	7	-	-	-	Homo sapiens	-	-	NULL	0	0	0	0	0	AB000611	0	0	0	0	0	0	1	0																							
C/Minnesota/26/2015	FALSE	2	2015	APR	15	Homo sapiens	-	USA	Minnesota	0	0	0	CY239463	0	CY239464	0	0	0	0	1	0	1	0																							
C/Miyagi/1/90	FALSE	7	-	-	-	-	-	-	NULL	0	0	0	0	0	0	0	0	0	0	0	0	0	0																							
C/Miyagi/6/96	FALSE	7	-	-	-	-	-	-	NULL	0	0	0	0	0	0	0	0	0	0	0	0	0	0																							
C/Alberta/4406/2011	FALSE	1	2011	APR	8	Homo sapiens	nasopharyngeal swab	Canada	Alberta	0	0	0	0	0	JX133154	0	0	0	0	0	0	1	0																							
C/Yamagata/8/2018	FALSE	1	2018	-	-	Homo sapiens	-	Japan	Yamagata	0	0	0	LC512502	0	0	0	0	0	0	1	0	0	0																							
C/Yamagata/40/2018	FALSE	1	2018	-	-	Homo sapiens	-	Japan	Yamagata	0	0	0	LC512508	0	0	0	0	0	0	1	0	0	0																							
C/Minnesota/01/2014	FALSE	2	2014	DEC	27	Homo sapiens	-	USA	Minnesota	0	0	0	CY239417	0	CY239416	0	0	0	0	1	0	1	0																							
C/Fukushima/1/2004	FALSE	1	-	-	-	-	-	Japan	Fukushima	0	0	0	AB252159	0	0	0	0	0	0	1	0	0	0																							
C/Minnesota/01/2016	FALSE	2	2016	APR	21	Homo sapiens	-	USA	Minnesota	0	0	0	CY239484	0	CY239485	0	0	0	0	1	0	1	0																							
C/Mie/67/2012	FALSE	1	-	-	-	-	-	Japan	Mie	0	0	0	AB751600	0	0	0	0	0	0	1	0	0	0																							
C/Yamagata/10/2016	FALSE	1	2016	-	-	Homo sapiens	-	Japan	Yamagata	0	0	0	LC512490	0	0	0	0	0	0	1	0	0	0																							
C/Milan/1130/2010	FALSE	1	2010	-	-	Homo sapiens	nasopharyngeal swab	Italy	NULL	0	0	0	JX129183	0	0	0	0	0	0	1	0	0	0																							
C/Paris/1/67	FALSE	7	1967	-	-	Homo sapiens	-	France	NULL	LC123287	LC123389	LC123491	0	LC123725	LC123817	LC124980	1	1	1	0	1	1	1																							
C/Thailand/c5395_PB2_gene/2015	FALSE	1	2015	JAN	7	Homo sapiens	nasal swab	Thailand	NULL	MK480583	0	0	0	0	0	0	1	0	0	0	0	0	0																							
C/Mie/188/2012	FALSE	1	2012	-	-	Homo sapiens	-	Japan	Mie	0	0	0	0	0	0	0	0	0	0	0	0	0	0																							
C/Thailand/c5395_NS_gene/2015	FALSE	1	2015	JAN	7	Homo sapiens	nasal swab	Thailand	NULL	0	0	0	0	0	0	MK480580	0	0	0	0	0	0	1																							
C/Thailand/CN38_NP_gene/2017	FALSE	1	2017	MAR	7	Homo sapiens	nasal swab	Thailand	NULL	0	0	0	0	MK480602	0	0	0	0	0	0	1	0	0																							
C/Mie/180/2012	FALSE	1	-	-	-	-	-	Japan	Mie	0	0	0	AB751603	0	0	0	0	0	0	1	0	0	0																							
C/Minnesota/19/2015	FALSE	2	2015	MAR	30	Homo sapiens	-	USA	Minnesota	0	0	0	CY239450	0	CY239451	0	0	0	0	1	0	1	0																							
C/Nara/1/86	FALSE	1	-	-	-	-	-	-	NULL	0	0	0	0	0	0	0	0	0	0	0	0	0	0																							
C/Yamagata/27/2004	FALSE	7	2004	-	-	Homo sapiens	-	Japan	Yamagata	LC123337	LC123439	LC123541	0	LC123770	LC123835	LC124999	1	1	1	0	1	1	1																							
C/Thailand/B12983_M_gene/2015	FALSE	1	2015	SEP	25	Homo sapiens	nasal swab	Thailand	NULL	0	0	0	0	0	MK480593	0	0	0	0	0	0	1	0																							
C/Yamagata/2/2018	FALSE	1	2018	-	-	Homo sapiens	-	Japan	Yamagata	0	0	0	LC512500	0	0	0	0	0	0	1	0	0	0																							
C/Bovine/Minisoda/18/2017	FALSE	1	2017	MAR	7	Bos taurus	nasal swab	USA	Minisoda	0	0	0	0	0	MH421870	0	0	0	0	0	0	1	0																							
C/Kanagawa/2/2004	FALSE	1	-	-	-	-	-	Japan	Kanagawa	0	0	0	AB252161	0	0	0	0	0	0	1	0	0	0																							
C/Bovine/Nebraska/16/2017	FALSE	1	2017	FEB	27	Bos taurus	lung	USA	Nebraska	0	0	0	0	0	MH421869	0	0	0	0	0	0	1	0																							
C/Palawan/1/2013	FALSE	7	2013	-	-	Homo sapiens	-	Philippines	Palawan	AB979719	AB980277	AB981337	AB978566	0	AB982146	AB985631	1	1	1	1	0	1	1																							
C/Yamagata/26/2016	FALSE	1	2016	-	-	Homo sapiens	-	Japan	Yamagata	0	0	0	LC385865	0	0	0	0	0	0	1	0	0	0																							
C/Minnesota/25/2015	FALSE	2	2015	APR	14	Homo sapiens	-	USA	Minnesota	0	0	0	CY239461	0	CY239462	0	0	0	0	1	0	1	0																							
C/Milan/1101/2009	FALSE	1	2009	-	-	Homo sapiens	nasopharyngeal swab	Italy	NULL	0	0	0	JX129182	0	0	0	0	0	0	1	0	0	0																							
C/Alberta/4941/2011	FALSE	2	2011	FEB	22	Homo sapiens	nasopharyngeal swab	Canada	Alberta	0	0	0	JX080413	0	JX133158	0	0	0	0	1	0	1	0																							
C/Miyagi/2/98	FALSE	7	-	-	-	-	-	-	NULL	0	0	0	0	0	0	0	0	0	0	0	0	0	0																							
C/Bovine/Texas/1/2016	FALSE	1	2016	NOV	14	Bos taurus	nasal swab	USA	Texas	0	0	0	0	0	MH421864	0	0	0	0	0	0	1	0																							
C/Thailand/B12597_M_gene/2015	FALSE	1	2015	AUG	31	Homo sapiens	nasal swab	Thailand	NULL	0	0	0	0	0	MK480586	0	0	0	0	0	0	1	0																							
C/Yamagata/4/89	FALSE	1	-	-	-	-	-	-	NULL	0	0	0	D88428	0	0	0	0	0	0	1	0	0	0																							
C/Miyagi/4/97	FALSE	1	-	-	-	-	-	-	NULL	0	0	0	0	0	0	0	0	0	0	0	0	0	0																							
C/Yamagata/16/2010	FALSE	1	2010	-	-	Homo sapiens	-	Japan	Yamagata	0	0	0	LC512487	0	0	0	0	0	0	1	0	0	0																							
C/Yamagata/5/2015	FALSE	1	2015	-	-	Homo sapiens	-	Japan	Yamagata	0	0	0	LC512489	0	0	0	0	0	0	1	0	0	0																							
C/Saitama/1/2000	FALSE	7	-	-	-	-	-	-	NULL	0	0	0	0	0	0	0	0	0	0	0	0	0	0																							
C/Milan/128/2009	FALSE	1	2009	-	-	Homo sapiens	nasopharyngeal swab	Italy	NULL	0	0	0	JX129180	0	0	0	0	0	0	1	0	0	0																							
C/Minnesota/04/2014	FALSE	2	2014	DEC	25	Homo sapiens	-	USA	Minnesota	0	0	0	CY239467	0	CY239468	0	0	0	0	1	0	1	0																							
C/Thailand/B12597_NS_gene/2015	FALSE	1	2015	AUG	31	Homo sapiens	nasal swab	Thailand	NULL	0	0	0	0	0	0	MK480587	0	0	0	0	0	0	1																							
C/Thailand/B12983_NP_gene/2015	FALSE	1	2015	SEP	25	Homo sapiens	nasal swab	Thailand	NULL	0	0	0	0	MK480595	0	0	0	0	0	0	1	0	0																							
C/Minnesota/17/2015	FALSE	1	2015	MAR	27	Homo sapiens	-	USA	Minnesota	0	0	0	CY239447	0	0	0	0	0	0	1	0	0	0																							
C/Greece/79	FALSE	7	-	-	-	-	-	Greece	NULL	0	0	0	0	AB684310	0	0	0	0	0	0	1	0	0																							
C/Hiroshima/252/2000	FALSE	1	-	-	-	-	human throat swab from child with bronchitis	Japan	Hiroshima	0	0	0	0	0	0	0	0	0	0	0	0	0	0																							
C/Minnesota/12/2015	FALSE	2	2015	MAR	12	Homo sapiens	-	USA	Minnesota	0	0	0	CY239438	0	CY239439	0	0	0	0	1	0	1	0																							
C/Hiroshima/252/99	FALSE	7	-	-	-	-	-	-	NULL	0	0	0	0	0	0	0	0	0	0	0	0	0	0																							
C/Miyagi/5/93	FALSE	6	-	-	-	-	-	-	NULL	0	0	0	0	0	0	0	0	0	0	0	0	0	0																							
C/Yamagata/5/89	FALSE	1	-	-	-	-	-	-	NULL	0	0	0	0	0	0	0	0	0	0	0	0	0	0																							
C/Alberta/4753/2011	FALSE	2	2011	FEB	19	Homo sapiens	nasopharyngeal swab	Canada	Alberta	0	0	0	JX080412	0	JX133155	0	0	0	0	1	0	1	0																							
C/NewJersey/76	FALSE	7	-	-	-	-	-	USA	NULL	0	0	0	0	AB684309	0	0	0	0	0	0	1	0	0																							
C/Saitama/2/2000	FALSE	7	-	-	-	-	-	-	NULL	0	0	0	0	0	0	0	0	0	0	0	0	0	0																							
C/Yamagata/9/2000	FALSE	7	-	-	-	-	-	-	NULL	0	0	0	0	0	0	0	0	0	0	0	0	0	0																							
C/Yamagata/14/2016	FALSE	1	2016	-	-	Homo sapiens	-	Japan	Yamagata	0	0	0	LC512491	0	0	0	0	0	0	1	0	0	0																							
C/Chenogju/GPD1029/2015	FALSE	1	2015	MAY	5	Homo sapiens	-	South Korea	NULL	0	0	0	0	0	0	MK050097	0	0	0	0	0	0	1																							
C/Catalonia/1373/2009	FALSE	1	2009	SEP	9	Homo sapiens	nasopharyngeal swab	Spain	Catalonia	0	0	0	HM748628	0	0	0	0	0	0	1	0	0	0																							
C/Miyagi/1/94	FALSE	7	-	-	-	-	-	-	NULL	0	0	0	0	0	0	0	0	0	0	0	0	0	0																							
C/Bovine/Colorado/6/2017	FALSE	1	2017	DEC	30	Bos taurus	nasal swab	USA	Colorado	0	0	0	0	0	MH421867	0	0	0	0	0	0	1	0																							
C/Leyte/4/2011	FALSE	1	-	-	-	Homo sapiens	-	Philippines	Leyte	0	0	0	AB978551	0	0	0	0	0	0	1	0	0	0																							
C/Yamagata/2/99	FALSE	7	-	-	-	-	-	-	NULL	0	0	0	0	0	0	0	0	0	0	0	0	0	0																							
C/Minnesota/13/2015	FALSE	2	2015	MAR	21	Homo sapiens	-	USA	Minnesota	0	0	0	CY239440	0	CY239441	0	0	0	0	1	0	1	0																							
C/Yamagata/33/2014	FALSE	7	2014	-	-	Homo sapiens	-	Japan	Yamagata	LC123378	LC123480	LC123582	0	LC123808	LC123876	LC125040	1	1	1	0	1	1	1																							
C/Chenogju/GPD805/2015	FALSE	1	2015	MAR	19	Homo sapiens	-	South Korea	NULL	0	0	0	0	0	0	MK050099	0	0	0	0	0	0	1																							
C/Mie/193/2012	FALSE	1	-	-	-	-	-	Japan	Mie	0	0	0	AB751597	0	0	0	0	0	0	1	0	0	0																							
C/Thailand/B12983_PB2_gene/2015	FALSE	1	2015	SEP	25	Homo sapiens	nasal swab	Thailand	NULL	MK480597	0	0	0	0	0	0	1	0	0	0	0	0	0																							
C/Mie/204/2012	FALSE	1	-	-	-	-	-	Japan	Mie	0	0	0	AB751599	0	0	0	0	0	0	1	0	0	0																							
C/Mie/185/2012	FALSE	1	-	-	-	-	-	Japan	Mie	0	0	0	AB751598	0	0	0	0	0	0	1	0	0	0																							
C/Miyagi/1/97	FALSE	7	-	-	-	-	-	-	NULL	0	0	0	0	0	0	0	0	0	0	0	0	0	0																							
C/Bovine/Missouri/5/2017	FALSE	1	2017	DEC	30	Bos taurus	nasal swab	USA	Missouri	0	0	0	0	0	MH421866	0	0	0	0	0	0	1	0																							
C/Miyagi/2/96	FALSE	7	-	-	-	-	-	-	NULL	0	0	0	0	0	0	0	0	0	0	0	0	0	0																							
C/Miyagi/3/91	FALSE	7	-	-	-	-	-	-	NULL	0	0	0	0	0	0	0	0	0	0	0	0	0	0																							
C/Sendai/TU1/2008	FALSE	7	2008	-	-	Homo sapiens	-	Japan	"Miyagi, Sendai"	AB979707	AB980265	AB981325	AB978553	0	AB982134	AB985619	1	1	1	1	0	1	1																							
C/Thailand/CN38_HE_gene/2017	FALSE	1	2017	MAR	7	Homo sapiens	nasal swab	Thailand	NULL	0	0	0	MK480599	0	0	0	0	0	0	1	0	0	0																							
C/Kaohsiung/105032177/2016	FALSE	1	2016	MAR	21	Homo sapiens	throat swab	Taiwan	Kaohsiung	0	0	0	MH185833	0	0	0	0	0	0	1	0	0	0																							
C/Minnesota/14/2015	FALSE	2	2015	MAR	23	Homo sapiens	-	USA	Minnesota	0	0	0	CY239442	0	CY239443	0	0	0	0	1	0	1	0																							
C/Cheongju/GPD805/2015	FALSE	1	2015	MAR	19	Homo sapiens	-	South Korea	NULL	0	0	0	MK050094	0	0	0	0	0	0	1	0	0	0																							
C/Yamagata/28/2016	FALSE	1	2016	-	-	Homo sapiens	-	Japan	Yamagata	0	0	0	LC512494	0	0	0	0	0	0	1	0	0	0																							
C/Thailand/B12983_PB1_gene/2015	FALSE	1	2015	SEP	25	Homo sapiens	nasal swab	Thailand	NULL	0	MK480596	0	0	0	0	0	0	1	0	0	0	0	0																							
C/Leyte/3/2013	FALSE	7	2013	-	-	Homo sapiens	-	Philippines	Leyte	AB979718	AB980276	AB981333	AB978565	0	AB982145	AB985630	1	1	1	1	0	1	1																							
C/Mie/277/2012	FALSE	1	-	-	-	-	-	Japan	Mie	0	0	0	AB751365	0	0	0	0	0	0	1	0	0	0																							
C/Yamagata/20/2004	FALSE	1	-	-	-	-	-	-	NULL	0	0	0	0	0	0	0	0	0	0	0	0	0	0																							
C/Catalonia/1318/2009	FALSE	1	2009	SEP	1	Homo sapiens	nasopharyngeal swab	Spain	Catalonia	0	0	0	HM748631	0	0	0	0	0	0	1	0	0	0																							
Aomori/74	FALSE	1	-	-	-	-	-	-	NULL	0	0	0	0	0	D16259	0	0	0	0	0	0	1	0																							
C/Leyte/3/2011	FALSE	7	2011	-	-	Homo sapiens	-	Philippines	Leyte	AB979706	AB980264	AB981324	AB978550	0	AB982133	AB985618	1	1	1	1	0	1	1																							
C/Melbourne/2/2011	FALSE	1	2011	OCT	7	Homo sapiens	nasopharyngeal swab	Australia	Melbourne	0	0	0	JN899406	0	0	0	0	0	0	1	0	0	0																							
C/Thailand/B12597_P3_gene/2015	FALSE	1	2015	AUG	31	Homo sapiens	nasal swab	Thailand	NULL	0	0	MK480591	0	0	0	0	0	0	1	0	0	0	0																							
C/Hiroshima/4/2004	FALSE	1	-	-	-	-	-	Japan	Hiroshima	0	0	0	AB252163	0	0	0	0	0	0	1	0	0	0																							
C/Yamagata/14/2014	FALSE	1	2014	-	-	Homo sapiens	-	Japan	Yamagata	0	0	0	0	0	0	0	0	0	0	0	0	0	0																							
C/Thailand/B12597_PB1_gene/2015	FALSE	1	2015	AUG	31	Homo sapiens	nasal swab	Thailand	NULL	0	MK480589	0	0	0	0	0	0	1	0	0	0	0	0																							
Yamagata/64	FALSE	1	-	-	-	-	-	-	NULL	0	0	0	0	0	D16258	0	0	0	0	0	0	1	0																							
C/Kansas/2/79	FALSE	1	-	-	-	-	-	-	NULL	0	0	0	0	0	0	0	0	0	0	0	0	0	0																							
C/Ann Arbor/1/50 persistent variant (C/AA-pi)	FALSE	1	-	-	-	-	-	-	NULL	0	0	0	0	0	0	0	0	0	0	0	0	0	0																							
C/Thailand/B12597_HE_gene/2015	FALSE	1	2015	AUG	31	Homo sapiens	nasal swab	Thailand	NULL	0	0	0	MK480585	0	0	0	0	0	0	1	0	0	0																							
Yamagata/1/88	FALSE	1	-	-	-	-	-	-	NULL	0	0	0	0	0	D16261	0	0	0	0	0	0	1	0																							
C/Miyagi/6/93	FALSE	7	-	-	-	-	-	-	NULL	0	0	0	0	0	0	0	0	0	0	0	0	0	0																							
C/Alberta/10161/2011	FALSE	2	2011	APR	15	Homo sapiens	nasopharyngeal swab	Canada	Alberta	0	0	0	JX080414	0	JX133159	0	0	0	0	1	0	1	0																							
Johannesburg/1/66	FALSE	1	-	-	-	-	-	-	NULL	0	0	0	0	0	0	0	0	0	0	0	0	0	0																							
C/Yamagata/6/2018	FALSE	1	2018	-	-	Homo sapiens	-	Japan	Yamagata	0	0	0	LC512501	0	0	0	0	0	0	1	0	0	0																							
C/Mie/198/2012	FALSE	1	-	-	-	-	-	Japan	Mie	0	0	0	AB751601	0	0	0	0	0	0	1	0	0	0																							
CaenLE2	FALSE	1	2006	-	-	-	-	France	NULL	0	0	0	0	0	0	0	0	0	0	0	0	0	0																							
C/Yamagata/16/2018	FALSE	1	2018	-	-	Homo sapiens	-	Japan	Yamagata	0	0	0	LC512503	0	0	0	0	0	0	1	0	0	0																							
C/Scotland/5334/2007	FALSE	2	2007	-	-	Homo sapiens	respiratory sample	United Kingdom	NULL	0	0	0	0	KT835359	KT835366	0	0	0	0	0	1	1	0																							
C/Thailand/CN38_M_gene/2017	FALSE	1	2017	MAR	7	Homo sapiens	nasal swab	Thailand	NULL	0	0	0	0	0	MK480600	0	0	0	0	0	0	1	0																							
C/Saitama/3/2000	FALSE	7	-	-	-	-	-	-	NULL	0	0	0	0	0	0	0	0	0	0	0	0	0	0																							
C/Yamagata/1/88	FALSE	1	-	-	-	Homo sapiens	-	-	NULL	0	0	0	0	0	0	AB002469	0	0	0	0	0	0	1																							
C/Thailand/B12983_P3_gene/2015	FALSE	1	2015	SEP	25	Homo sapiens	nasal swab	Thailand	NULL	0	0	MK480598	0	0	0	0	0	0	1	0	0	0	0																							
C/Yamagata/9/96	FALSE	7	-	-	-	-	-	-	NULL	0	0	0	0	0	0	0	0	0	0	0	0	0	0																							
C/Kyoto/41/82	FALSE	5	-	-	-	Homo sapiens	-	-	NULL	0	0	0	0	D78434	AB000724	D78435	0	0	0	0	1	2	1																							
C/Yamagata/1/2017	FALSE	1	2017	-	-	Homo sapiens	-	Japan	Yamagata	0	0	0	LC512497	0	0	0	0	0	0	1	0	0	0																							
C/Alberta/2921/2011	FALSE	2	2011	MAR	4	Homo sapiens	nasopharyngeal swab	Canada	Alberta	0	0	0	JX080409	0	JX133151	0	0	0	0	1	0	1	0																							
C/Thailand/c5395_HE_gene/2015	FALSE	1	2015	JAN	7	Homo sapiens	nasal swab	Thailand	NULL	0	0	0	MK480578	0	0	0	0	0	0	1	0	0	0																							
C/Yamagata/39/2018	FALSE	1	2018	-	-	Homo sapiens	-	Japan	Yamagata	0	0	0	LC512513	0	0	0	0	0	0	1	0	0	0																							
CMiyagi/5/93	FALSE	1	-	-	-	-	-	-	NULL	0	0	0	0	0	0	0	0	0	0	0	0	0	0																							
C/Minnesota/06/2015	FALSE	2	2015	FEB	15	Homo sapiens	-	USA	Minnesota	0	0	0	CY239428	0	CY239429	0	0	0	0	1	0	1	0																							
C/Yamagata/5/2018	FALSE	1	2018	-	-	Homo sapiens	-	Japan	Yamagata	0	0	0	LC512512	0	0	0	0	0	0	1	0	0	0																							
Mississippi/80	FALSE	1	-	-	-	-	-	-	NULL	0	0	0	0	0	0	0	0	0	0	0	0	0	0																							
C/Yamagata/42/2018	FALSE	1	2018	-	-	Homo sapiens	-	Japan	Yamagata	0	0	0	LC512509	0	0	0	0	0	0	1	0	0	0																							
C/Yamagata/15/2014	FALSE	1	2014	-	-	Homo sapiens	-	Japan	Yamagata	0	0	0	0	0	0	0	0	0	0	0	0	0	0																							
C/Thailand/c5395_M_gene/2015	FALSE	1	2015	JAN	7	Homo sapiens	nasal swab	Thailand	NULL	0	0	0	0	0	MK480579	0	0	0	0	0	0	1	0																							
England/892/83	FALSE	1	-	-	-	-	-	-	NULL	0	0	0	0	0	0	0	0	0	0	0	0	0	0																							
C/Nara/1/85	FALSE	14	-	-	-	Homo sapiens	-	-	NULL	D78396	D30691	D78395	0	D30708	D30709	D30707	2	2	2	0	2	3	2																							
C/Minnesota/20/2015	FALSE	2	2015	MAR	29	Homo sapiens	-	USA	Minnesota	0	0	0	CY239452	0	CY239453	0	0	0	0	1	0	1	0																							
C/Mie/265/2012	FALSE	1	-	-	-	-	-	Japan	Mie	0	0	0	AB751595	0	0	0	0	0	0	1	0	0	0																							
CaenBA1	FALSE	1	2007	-	-	-	-	France	NULL	0	0	0	0	0	0	0	0	0	0	0	0	0	0																							
C/Minnesota/32/2015	FALSE	2	2015	MAR	2	Homo sapiens	-	USA	Minnesota	0	0	0	CY239479	0	CY239480	0	0	0	0	1	0	1	0																							
C/Miyagi/4/2000	FALSE	7	-	-	-	-	-	-	NULL	0	0	0	0	0	0	0	0	0	0	0	0	0	0																							
Great Lakes/1167/54	FALSE	1	-	-	-	-	-	-	NULL	0	0	0	0	0	0	0	0	0	0	0	0	0	0																							
Ann Arbor/1/50	FALSE	1	-	-	-	-	-	-	NULL	0	0	0	0	0	0	0	0	0	0	0	0	0	0																							
C/Minnesota/31/2015	FALSE	2	2015	FEB	28	Homo sapiens	-	USA	Minnesota	0	0	0	CY239477	0	CY239478	0	0	0	0	1	0	1	0																							
C/Johannesburg/66	FALSE	1	-	-	-	Homo sapiens	-	-	NULL	0	0	0	0	0	AB000604	0	0	0	0	0	0	1	0																							
C/Alberta/2193/2011	FALSE	1	2011	JAN	24	Homo sapiens	nasopharyngeal fluid	Canada	Alberta	0	0	0	0	0	JX133157	0	0	0	0	0	0	1	0																							
C/Yamagata/12/2016	FALSE	1	2016	-	-	Homo sapiens	-	Japan	Yamagata	0	0	0	LC385863	0	0	0	0	0	0	1	0	0	0																							
C/Miyagi/1/99	FALSE	7	-	-	-	-	-	-	NULL	0	0	0	0	0	0	0	0	0	0	0	0	0	0																							
C/Minnesota/33/2015	FALSE	2	2015	MAR	11	Homo sapiens	-	USA	Minnesota	0	0	0	CY239481	0	CY239482	0	0	0	0	1	0	1	0																							
C/England/892/1983	FALSE	6	1983	-	-	Homo sapiens	-	United Kingdom	NULL	LC123307	LC123409	LC123511	LC122637	LC123743	0	LC124985	1	1	1	1	1	0	1																							
C/Yamagata/7/2002	FALSE	7	2002	-	-	Homo sapiens	-	Japan	Yamagata	LC123326	LC123428	LC123530	0	LC123761	LC123824	LC124988	1	1	1	0	1	1	1																							
C/Minnesota/18/2015	FALSE	2	2015	MAR	27	Homo sapiens	-	USA	Minnesota	0	0	0	CY239448	0	CY239449	0	0	0	0	1	0	1	0																							
C/Fukuoka/2/2004	FALSE	1	-	-	-	-	-	Japan	Fukuoka	0	0	0	AB252164	0	0	0	0	0	0	1	0	0	0																							
C/Miyagi/2/93	FALSE	7	-	-	-	-	-	-	NULL	0	0	0	D88427	0	0	0	0	0	0	1	0	0	0																							
C/Yamagata/36/2016	FALSE	1	2016	-	-	Homo sapiens	-	Japan	Yamagata	0	0	0	LC385867	0	0	0	0	0	0	1	0	0	0																							
C/Mie/275/2012	FALSE	1	-	-	-	-	-	Japan	Mie	0	0	0	AB751594	0	0	0	0	0	0	1	0	0	0																							
C/Minnesota/05/2015	FALSE	2	2015	FEB	5	Homo sapiens	-	USA	Minnesota	0	0	0	CY239427	0	CY239426	0	0	0	0	1	0	1	0																							
C/Yamagata/2/2015	FALSE	1	2015	-	-	Homo sapiens	-	Japan	Yamagata	0	0	0	LC512488	0	0	0	0	0	0	1	0	0	0																							
C/Yamagata/10/1981	FALSE	6	1981	-	-	Homo sapiens	-	Japan	Yamagata	LC123302	LC123404	LC123506	0	LC123738	LC123820	LC124984	1	1	1	0	1	1	1																							
C/Mie/186/2012	FALSE	1	-	-	-	-	-	Japan	Mie	0	0	0	AB751364	0	0	0	0	0	0	1	0	0	0																							
C/Leyte/5/2011	FALSE	1	-	-	-	Homo sapiens	-	Philippines	Leyte	0	0	0	AB978552	0	0	0	0	0	0	1	0	0	0																							
C/Miyagi/7/91	FALSE	7	-	-	-	-	-	-	NULL	0	0	0	0	0	0	0	0	0	0	0	0	0	0																							
C/Miyagi/7/96	FALSE	7	-	-	-	-	-	-	NULL	0	0	0	0	0	0	0	0	0	0	0	0	0	0																							
C/Thailand/CN38_PB1_gene/2017	FALSE	1	2017	MAR	7	Homo sapiens	nasal swab	Thailand	NULL	0	MK480603	0	0	0	0	0	0	1	0	0	0	0	0																							
C/Yamagata/1/2016	FALSE	1	2016	-	-	Homo sapiens	-	Japan	Yamagata	0	0	0	LC385860	0	0	0	0	0	0	1	0	0	0																							
C/Yamagata/6/98	FALSE	7	-	-	-	-	-	-	NULL	0	0	0	0	0	0	0	0	0	0	0	0	0	0																							
C/Minnesota/08/2015	FALSE	2	2015	MAR	4	Homo sapiens	-	USA	Minnesota	0	0	0	CY239433	0	CY239432	0	0	0	0	1	0	1	0																							
C/kyouto/41/82	FALSE	2	-	-	-	Homo sapiens	-	-	NULL	D78390	D78391	0	0	0	0	0	1	1	0	0	0	0	0																							
C/Yamagata/30/2014	FALSE	7	2014	-	-	Homo sapiens	-	Japan	Yamagata	LC123376	LC123478	LC123580	0	LC123806	LC123874	LC125038	1	1	1	0	1	1	1																							
C/Mie/199/2012egg	FALSE	1	-	-	-	-	-	Japan	Mie	0	0	0	AB751596	0	0	0	0	0	0	1	0	0	0																							
C/Catalonia/1945/2009	FALSE	1	2009	NOV	23	Homo sapiens	nasopharyngeal swab	Spain	Catalonia	0	0	0	HM748625	0	0	0	0	0	0	1	0	0	0																							
C/Lancaster/1/2015	FALSE	3	2015	JAN	23	Homo sapiens	-	United Kingdom	Lancaster	KY075640	0	0	0	0	KY075642	0	2	0	0	0	0	1	0																							
C/Miyagi/4/93	FALSE	7	-	-	-	-	-	-	NULL	0	0	0	0	0	0	0	0	0	0	0	0	0	0																							
C/Pig/Beijing/115/81	FALSE	4	-	-	-	Homo sapiens	-	-	NULL	0	0	0	0	D78444	D78426	D78445	0	0	0	0	1	1	1																							
C/Mie/182/2012	FALSE	1	-	-	-	-	-	Japan	Mie	0	0	0	AB751602	0	0	0	0	0	0	1	0	0	0																							
C/Thailand/c5395_PB1_gene/2015	FALSE	1	2015	JAN	7	Homo sapiens	nasal swab	Thailand	NULL	0	MK480582	0	0	0	0	0	0	1	0	0	0	0	0																							
C/Minnesota/29/2015	FALSE	2	2015	FEB	23	Homo sapiens	-	USA	Minnesota	0	0	0	CY239473	0	CY239474	0	0	0	0	1	0	1	0																							
CaenMA5	FALSE	1	2005	-	-	-	-	France	NULL	0	0	0	0	0	0	0	0	0	0	0	0	0	0																							
C/Seoul/APD401/2015	FALSE	2	2015	MAR	29	Homo sapiens	-	South Korea	NULL	0	0	0	MK050093	0	0	MK050095	0	0	0	1	0	0	1																							
C/Yamagata/25/2016	FALSE	1	2016	-	-	Homo sapiens	-	Japan	Yamagata	0	0	0	LC512492	0	0	0	0	0	0	1	0	0	0																							
C/Yamagata/4/2012	FALSE	7	2012	-	-	Homo sapiens	-	Japan	Yamagata	LC123366	LC123468	LC123570	0	LC123796	LC123864	LC125028	1	1	1	0	1	1	1																							
C/Cheongju/GPD1653/2016	FALSE	1	2016	MAY	19	Homo sapiens	-	South Korea	NULL	0	0	0	0	0	0	MK050098	0	0	0	0	0	0	1																							
C/Minnesota/16/2015	FALSE	1	2015	MAR	19	Homo sapiens	-	USA	Minnesota	0	0	0	CY239446	0	0	0	0	0	0	1	0	0	0																							
C/Miyagi/2/2000	FALSE	7	-	-	-	-	-	-	NULL	0	0	0	0	0	0	0	0	0	0	0	0	0	0																							
C/Yamagata/6/2014	FALSE	7	2014	-	-	Homo sapiens	-	Japan	Yamagata	LC123373	LC123475	LC123577	0	LC123803	LC123871	LC125035	1	1	1	0	1	1	1																							
C/Kaohsiung/97042912C/2008	FALSE	1	2008	APR	29	Homo sapiens	throat swab	Taiwan	Kaohsiung	0	0	0	MH185831	0	0	0	0	0	0	1	0	0	0																							
C/Miyagi/3/2000	FALSE	7	-	-	-	-	-	-	NULL	0	0	0	0	0	0	0	0	0	0	0	0	0	0																							
C/Thailand/CN38_PB2_gene/2017	FALSE	1	2017	MAR	7	Homo sapiens	nasal swab	Thailand	NULL	MK480604	0	0	0	0	0	0	1	0	0	0	0	0	0																							
CaenME1	FALSE	1	2005	-	-	-	-	France	NULL	0	0	0	0	0	0	0	0	0	0	0	0	0	0																							
CaenBR1	FALSE	1	2006	-	-	-	-	France	NULL	0	0	0	0	0	0	0	0	0	0	0	0	0	0																							
C/Sendai/TU4/2008	FALSE	1	-	-	-	Homo sapiens	-	Japan	"Miyagi, Sendai"	0	0	0	AB978556	0	0	0	0	0	0	1	0	0	0																							
C/Minnesota/27/2015	FALSE	2	2015	FEB	4	Homo sapiens	-	USA	Minnesota	0	0	0	CY239469	0	CY239470	0	0	0	0	1	0	1	0																							
C/Berlin/1/85	FALSE	1	-	-	-	-	embryonated chicken eggs	-	NULL	X55992	0	0	0	0	0	0	1	0	0	0	0	0	0																							
C/Yamagata/30/2016	FALSE	1	2016	-	-	Homo sapiens	-	Japan	Yamagata	0	0	0	LC512510	0	0	0	0	0	0	1	0	0	0																							
C/Biliran/1/2013	FALSE	7	2013	-	-	Homo sapiens	-	Philippines	Biliran	AB979713	AB980271	AB981334	AB978560	0	AB982140	AB985625	1	1	1	1	0	1	1																							
C/Yamagata/29/2012	FALSE	7	2012	-	-	Homo sapiens	-	Japan	Yamagata	LC123370	LC123472	LC123574	0	LC123800	LC123868	LC125032	1	1	1	0	1	1	1																							
C/Greece/1/79	FALSE	4	1979	-	-	Homo sapiens	-	Greece	NULL	LC123296	LC123398	LC123500	0	0	0	0	1	1	1	0	0	0	0																							
C/Minnesota/15/2015	FALSE	2	2015	MAR	20	Homo sapiens	-	USA	Minnesota	0	0	0	CY239444	0	CY239445	0	0	0	0	1	0	1	0																							
C/Kansas/1/79	FALSE	11	1979	-	-	Homo sapiens	-	USA	NULL	LC123295	LC123397	LC123499	0	LC123732	0	0	1	1	1	0	1	0	0																							
C/Catalonia/1372/2009	FALSE	1	2009	SEP	14	Homo sapiens	nasopharyngeal swab	Spain	Catalonia	0	0	0	HM748627	0	0	0	0	0	0	1	0	0	0																							
C/Georgia/1/69	FALSE	7	1969	-	-	Homo sapiens	-	USA	NULL	LC123288	LC123390	LC123492	0	LC123726	LC123818	LC124981	1	1	1	0	1	1	1																							
C/Miyagi/9/91	FALSE	9	-	-	-	Homo sapiens	-	-	NULL	0	0	0	0	0	AB000614	0	0	0	0	0	0	1	0																							
C/Minnesota/23/2015	FALSE	2	2015	APR	15	Homo sapiens	-	USA	Minnesota	0	0	0	CY239457	0	CY239458	0	0	0	0	1	0	1	0																							
C/Catalonia/1266/2009	FALSE	1	2009	AUG	25	Homo sapiens	nasopharyngeal swab	Spain	Catalonia	0	0	0	HM748629	0	0	0	0	0	0	1	0	0	0																							
C/Thailand/B12597_NP_gene/2015	FALSE	1	2015	AUG	31	Homo sapiens	nasal swab	Thailand	NULL	0	0	0	0	MK480588	0	0	0	0	0	0	1	0	0																							
CaenBO1	FALSE	1	2004	-	-	-	-	France	NULL	0	0	0	0	0	0	0	0	0	0	0	0	0	0																							
C/Sendai/TU3/2008	FALSE	7	2008	-	-	Homo sapiens	-	Japan	"Miyagi, Sendai"	AB979709	AB980267	AB981327	AB978555	0	AB982136	AB985621	1	1	1	1	0	1	1																							
C/Catalonia/2588/2010	FALSE	1	2010	APR	13	Homo sapiens	nasopharyngeal swab	Spain	Catalonia	0	0	0	HM748634	0	0	0	0	0	0	1	0	0	0																							
CaenMA3	FALSE	1	2005	-	-	-	-	France	NULL	0	0	0	0	0	0	0	0	0	0	0	0	0	0																							
C/Biliran/2/2013	FALSE	7	2013	-	-	Homo sapiens	-	Philippines	Biliran	AB979714	AB980272	AB981335	AB978561	0	AB982141	AB985626	1	1	1	1	0	1	1																							
C/Minnesota/21/2015	FALSE	1	2015	MAR	29	Homo sapiens	-	USA	Minnesota	0	0	0	CY239454	0	0	0	0	0	0	1	0	0	0																							
C/Osaka/2/2004	FALSE	1	-	-	-	-	-	Japan	Osaka	0	0	0	AB252162	0	0	0	0	0	0	1	0	0	0																							
C/Sendai/TU5/2008	FALSE	7	2008	-	-	Homo sapiens	-	Japan	"Miyagi, Sendai"	AB979710	AB980268	AB981328	AB978557	0	AB982137	AB985622	1	1	1	1	0	1	1																							
C/Minnesota/22/2015	FALSE	2	2015	MAR	31	Homo sapiens	-	USA	Minnesota	0	0	0	CY239455	0	CY239456	0	0	0	0	1	0	1	0																							
C/Minnesota/30/2015	FALSE	2	2015	FEB	23	Homo sapiens	-	USA	Minnesota	0	0	0	CY239475	0	CY239476	0	0	0	0	1	0	1	0																							
C/Yamagata/37/2016	FALSE	1	2016	-	-	Homo sapiens	-	Japan	Yamagata	0	0	0	LC512496	0	0	0	0	0	0	1	0	0	0																							
C/Yamagata/8/88	FALSE	2	-	-	-	Homo sapiens	-	-	NULL	0	0	0	D28968	0	AB000612	0	0	0	0	1	0	1	0																							
C/Yamagata/2/2017	FALSE	1	2017	-	-	Homo sapiens	-	Japan	Yamagata	0	0	0	LC512498	0	0	0	0	0	0	1	0	0	0																							
C/kyoto/41/82	FALSE	1	-	-	-	Homo sapiens	-	-	NULL	0	0	D78389	0	0	0	0	0	0	1	0	0	0	0																							
C/Scotland/5500/2007	FALSE	6	2007	-	-	Homo sapiens	respiratory sample	United Kingdom	NULL	KT835344	KT835335	KT835349	KT835350	KT835355	KT835365	0	1	1	1	1	1	1	0																							
C/Miyagi/3/99	FALSE	7	-	-	-	-	-	-	NULL	0	0	0	0	0	0	0	0	0	0	0	0	0	0																							
C/Yamagata/18/2008	FALSE	7	2008	-	-	Homo sapiens	-	Japan	Yamagata	LC123359	LC123461	LC123563	0	LC123790	LC123857	LC125021	1	1	1	0	1	1	1																							
CaenHE2	FALSE	1	2005	-	-	-	-	France	NULL	0	0	0	0	0	0	0	0	0	0	0	0	0	0																							
C/Yamagata/34/2016	FALSE	1	2016	-	-	Homo sapiens	-	Japan	Yamagata	0	0	0	LC512511	0	0	0	0	0	0	1	0	0	0																							
C/Melbourne/1/2011	FALSE	1	2011	SEP	6	Homo sapiens	throat swab	Australia	NULL	0	0	0	JQ045710	0	0	0	0	0	0	1	0	0	0																							
Yamagata/10/81	FALSE	1	-	-	-	-	-	-	NULL	0	0	0	0	0	0	0	0	0	0	0	0	0	0																							
C/England/83	FALSE	6	-	-	-	Homo sapiens	-	-	NULL	D78387	D78388	D78386	0	D78431	AB000725	0	1	1	1	0	1	2	0																							
C/Yamagata/13/2014	FALSE	7	2014	-	-	Homo sapiens	-	Japan	Yamagata	LC123374	LC123476	LC123578	0	LC123804	LC123872	LC125036	1	1	1	0	1	1	1																							
C/Catalonia/1430/2009	FALSE	1	2009	SEP	28	Homo sapiens	nasopharyngeal swab	Spain	Catalonia	0	0	0	HM748632	0	0	0	0	0	0	1	0	0	0																							
C/Thailand/B12983_HE_gene/2015	FALSE	1	2015	SEP	25	Homo sapiens	nasal swab	Thailand	NULL	0	0	0	MK480592	0	0	0	0	0	0	1	0	0	0																							
C/Minnesota/24/2015	FALSE	2	2015	APR	14	Homo sapiens	-	USA	Minnesota	0	0	0	CY239459	0	CY239460	0	0	0	0	1	0	1	0																							
Taylor/1233/47	FALSE	2	-	-	-	-	-	-	NULL	0	0	0	0	0	D26546	D00028	0	0	0	0	0	1	1																							
C/Miyagi/2/92	FALSE	9	-	-	-	-	-	-	NULL	0	0	0	0	0	0	0	0	0	0	0	0	0	0																							
C/Miyagi/3/92	FALSE	1	-	-	-	-	-	-	NULL	0	0	0	0	0	0	0	0	0	0	0	0	0	0																							
C/Johannesburg/4/67	FALSE	7	1967	-	-	Homo sapiens	-	South Africa	NULL	LC123286	LC123388	LC123490	0	AB684308	LC123816	0	1	1	1	0	1	1	0																							
C/Thailand/B12983_NS_gene/2015	FALSE	1	2015	SEP	25	Homo sapiens	nasal swab	Thailand	NULL	0	0	0	0	0	0	MK480594	0	0	0	0	0	0	1																							
C/Yamagata/4/92	FALSE	7	1992	-	-	Homo sapiens	-	Japan	Yamagata	LC123312	LC123414	LC123516	0	LC123748	LC123821	LC124986	1	1	1	0	1	1	1																							
C/Minnesota/01/2015	FALSE	2	2015	JAN	1	Homo sapiens	-	USA	Minnesota	0	0	0	CY239418	0	CY239419	0	0	0	0	1	0	1	0																							
C/Bovine/Montana/22/2016	FALSE	1	2016	NOV	15	Bos taurus	nasal swab	USA	Montana	0	0	0	0	0	MH421873	0	0	0	0	0	0	1	0																							
C/Yamagata/8/2002	FALSE	1	2002	-	-	Homo sapience	-	Japan	Yamagata	0	0	0	LC630941	0	0	0	0	0	0	1	0	0	0																							
C/Miyagi/5/2000	FALSE	7	-	-	-	-	-	-	NULL	0	0	0	0	0	0	0	0	0	0	0	0	0	0																							
C/Sao Paulo/378/82	FALSE	11	1982	-	-	Homo sapiens	-	Brazil	NULL	LC123305	LC123407	LC123509	0	LC123741	0	0	1	1	1	0	1	0	0																							
C/Miyagi/4/96	FALSE	7	-	-	-	-	-	-	NULL	0	0	0	0	0	0	0	0	0	0	0	0	0	0																							
C/Taylor/1233/1947	FALSE	6	1947	-	-	Homo sapiens	-	USA	NULL	LC123283	LC123385	LC123487	LC122632	LC123722	0	LC124977	1	1	1	1	1	0	1																							
C/Yamagata/2/98	FALSE	7	-	-	-	-	-	-	NULL	0	0	0	0	0	0	0	0	0	0	0	0	0	0																							
C/Yamagata/3/88	FALSE	1	-	-	-	-	-	-	NULL	0	0	0	0	0	0	0	0	0	0	0	0	0	0																							
C/Minnesota/03/2015	FALSE	2	2015	JAN	14	Homo sapiens	-	USA	Minnesota	0	0	0	CY239422	0	CY239423	0	0	0	0	1	0	1	0																							
C/Thailand/CN38_NS_gene/2017	FALSE	1	2017	MAR	7	Homo sapiens	nasal swab	Thailand	NULL	0	0	0	0	0	0	MK480601	0	0	0	0	0	0	1																							
C/Sendai/TU2/2008	FALSE	7	2008	-	-	Homo sapiens	-	Japan	"Miyagi, Sendai"	AB979708	AB980266	AB981326	AB978554	0	AB982135	AB985620	1	1	1	1	0	1	1																							
C/Kaohsiung/95111003/2006	FALSE	1	2006	NOV	10	Homo sapiens	throat swab	Taiwan	Kaohsiung	0	0	0	MH185829	0	0	0	0	0	0	1	0	0	0																							
C/Bovine/Kansas/20/2017	FALSE	1	2017	OCT	10	Bos taurus	lung	USA	Kansas	0	0	0	0	0	MH421871	0	0	0	0	0	0	1	0																							
C/Yamagata/6/2016	FALSE	1	2016	-	-	Homo sapiens	-	Japan	Yamagata	0	0	0	LC385862	0	0	0	0	0	0	1	0	0	0																							
C/Minnesota/02/2015	FALSE	2	2015	JAN	9	Homo sapiens	-	USA	Minnesota	0	0	0	CY239421	0	CY239420	0	0	0	0	1	0	1	0																							
C/Thailand/c5395_P3_gene/2015	FALSE	1	2015	JAN	7	Homo sapiens	nasal swab	Thailand	NULL	0	0	MK480584	0	0	0	0	0	0	1	0	0	0	0																							
C/Yamagata/19/2018	FALSE	1	2018	-	-	Homo sapiens	-	Japan	Yamagata	0	0	0	LC512504	0	0	0	0	0	0	1	0	0	0																							
C/Yamagata/27/2016	FALSE	1	2016	-	-	Homo sapiens	-	Japan	Yamagata	0	0	0	LC512493	0	0	0	0	0	0	1	0	0	0																							
C/Leyte/2/2011	FALSE	7	2011	-	-	Homo sapiens	-	Philippines	Leyte	AB979705	AB980263	AB981323	AB978549	0	AB982132	AB985617	1	1	1	1	0	1	1																							
C/Catalonia/2072/2009	FALSE	1	2009	DEC	9	Homo sapiens	nasopharyngeal swab	Spain	Catalonia	0	0	0	HM748626	0	0	0	0	0	0	1	0	0	0																							
C/Catalonia/1754/2009	FALSE	1	2009	NOV	9	Homo sapiens	nasopharyngeal swab	Spain	Catalonia	0	0	0	HM748624	0	0	0	0	0	0	1	0	0	0																							
C/Beijing/115/81	FALSE	3	-	-	-	Homo sapiens	-	-	NULL	D78405	D78406	D78404	0	0	0	0	1	1	1	0	0	0	0																							
C/Thailand/c5395_NP_gene/2015	FALSE	1	2015	JAN	7	Homo sapiens	nasal swab	Thailand	NULL	0	0	0	0	MK480581	0	0	0	0	0	0	1	0	0																							
C/Leyte/2/2013	FALSE	7	2013	-	-	Homo sapiens	-	Philippines	Leyte	AB979717	AB980275	AB981332	AB978564	0	AB982144	AB985629	1	1	1	1	0	1	1																							
C/Milan/976/2010	FALSE	1	2010	-	-	Homo sapiens	nasopharyngeal swab	Italy	NULL	0	0	0	JX129184	0	0	0	0	0	0	1	0	0	0																							
C/Biliran/3/2013	FALSE	7	2013	-	-	Homo sapiens	-	Philippines	Biliran	AB979715	AB980273	AB981336	AB978562	0	AB982142	AB985627	1	1	1	1	0	1	1																							
C/Yamagata/24/2016	FALSE	1	2016	-	-	Homo sapiens	-	Japan	Yamagata	0	0	0	LC385864	0	0	0	0	0	0	1	0	0	0																							
C/Yamagata/21/2004	FALSE	1	-	-	-	-	-	-	NULL	0	0	0	0	0	0	0	0	0	0	0	0	0	0																							
C/Minnesota/04/2015	FALSE	2	2015	FEB	6	Homo sapiens	-	USA	Minnesota	0	0	0	CY239424	0	CY239425	0	0	0	0	1	0	1	0																							
C/Yamagata/31/2018	FALSE	1	2018	-	-	Homo sapiens	-	Japan	Yamagata	0	0	0	LC512506	0	0	0	0	0	0	1	0	0	0																							
C/Hyogo/1/83	FALSE	2	-	-	-	Homo sapiens	-	-	NULL	0	0	0	0	0	AB000610	0	0	0	0	0	0	1	0																							
C/JHB/1/66	FALSE	1	-	-	-	-	-	South Africa	NULL	0	0	0	AY880247	0	0	0	0	0	0	1	0	0	0																							
C/Yamagata/4/2016	FALSE	1	2016	-	-	Homo sapiens	-	Japan	Yamagata	0	0	0	LC385861	0	0	0	0	0	0	1	0	0	0																							
C/Miyagi/4/98	FALSE	7	-	-	-	-	-	-	NULL	0	0	0	0	0	0	0	0	0	0	0	0	0	0																							
C/Minnesota/09/2015	FALSE	2	2015	MAR	10	Homo sapiens	-	USA	Minnesota	0	0	0	CY239435	0	CY239434	0	0	0	0	1	0	1	0																							
C/Catalonia/1457/2009	FALSE	1	2009	SEP	29	Homo sapiens	nasopharyngeal swab	Spain	Catalonia	0	0	0	HM748633	0	0	0	0	0	0	1	0	0	0																							
C/Yamagata/20/96	FALSE	7	-	-	-	-	-	-	NULL	0	0	0	0	0	0	0	0	0	0	0	0	0	0																							
C/Yamagata/8/2000	FALSE	7	-	-	-	-	-	-	NULL	0	0	0	0	0	0	0	0	0	0	0	0	0	0																							
C/Kaohsiung/106051925/2014	FALSE	1	2014	MAY	19	Homo sapiens	throat swab	Taiwan	Kaohsiung	0	0	0	MH185832	0	0	0	0	0	0	1	0	0	0																							
C/Kaohsiung/96060801C/2007	FALSE	1	2007	JUN	8	Homo sapiens	throat swab	Taiwan	Kaohsiung	0	0	0	MH185830	0	0	0	0	0	0	1	0	0	0																							
C/Minnesota/28/2015	FALSE	2	2015	FEB	8	Homo sapiens	-	USA	Minnesota	0	0	0	CY239471	0	CY239472	0	0	0	0	1	0	1	0																							
C/Yamagata/32/2014	FALSE	7	2014	-	-	Homo sapiens	-	Japan	Yamagata	LC123377	LC123479	LC123581	0	LC123807	LC123875	LC125039	1	1	1	0	1	1	1																							
C/Alberta/3502/2011	FALSE	2	2011	MAR	18	Homo sapiens	auger suction	Canada	Alberta	0	0	0	JX080411	0	JX133153	0	0	0	0	1	0	1	0																							
Aichi/1/81	FALSE	1	-	-	-	-	-	-	NULL	0	0	0	0	0	D16260	0	0	0	0	0	0	1	0																							
C/Yamagata/14/2004	FALSE	7	2004	-	-	Homo sapiens	-	Japan	Yamagata	LC123333	LC123435	LC123537	0	LC123767	LC123831	LC124995	1	1	1	0	1	1	1																							
C/Bovine/Oklahoma/2/2017	FALSE	1	2017	DEC	1	Bos taurus	nasal swab	USA	Oklahoma	0	0	0	0	0	MH421865	0	0	0	0	0	0	1	0																							
C/Saitama/1/2004	FALSE	1	-	-	-	-	-	Japan	Saitama	0	0	0	AB252160	0	0	0	0	0	0	1	0	0	0																							
C/Catalonia/1284/2009	FALSE	1	2009	AUG	26	Homo sapiens	nasopharyngeal swab	Spain	Catalonia	0	0	0	HM748630	0	0	0	0	0	0	1	0	0	0																							
C/Leyte/1/2013	FALSE	7	2013	-	-	Homo sapiens	-	Philippines	Leyte	AB979716	AB980274	AB981331	AB978563	0	AB982143	AB985628	1	1	1	1	0	1	1																							
C/Yamagata/35/2016	FALSE	1	2016	-	-	Homo sapiens	-	Japan	Yamagata	0	0	0	LC385866	0	0	0	0	0	0	1	0	0	0																							
C/Yamagata/2/2000	FALSE	7	-	-	-	-	-	-	NULL	0	0	0	0	0	0	0	0	0	0	0	0	0	0																							
C/Kaohsiung/107020729/2018	FALSE	1	2018	FEB	7	Homo sapiens	throat swab	Taiwan	Kaohsiung	0	0	0	MH185834	0	0	0	0	0	0	1	0	0	0																							
C/Leyte/1/2011	FALSE	7	2011	-	-	Homo sapiens	-	Philippines	Leyte	AB979704	AB980262	AB981322	AB978548	0	AB982131	AB985616	1	1	1	1	0	1	1																							
C/Milan/550/2008	FALSE	1	2008	-	-	Homo sapiens	nasopharyngeal swab	Italy	NULL	0	0	0	JX129181	0	0	0	0	0	0	1	0	0	0																							
C/Miyagi/3/97	FALSE	1	-	-	-	-	-	-	NULL	0	0	0	0	0	0	0	0	0	0	0	0	0	0																							
C/Minnesota/10/2015	FALSE	2	2015	MAR	9	Homo sapiens	-	USA	Minnesota	0	0	0	CY239436	0	CY239437	0	0	0	0	1	0	1	0																							
C/Thailand/CN38_P3_gene/2017	FALSE	1	2017	MAR	7	Homo sapiens	nasal swab	Thailand	NULL	0	0	MK480605	0	0	0	0	0	0	1	0	0	0	0																							
C/Yamagata/7/81	FALSE	7	1981	-	-	Homo sapiens	-	Japan	Yamagata	LC123301	LC123403	LC123505	0	LC123737	LC123819	LC124983	1	1	1	0	1	1	1																							
C/Minnesota/07/2015	FALSE	2	2015	FEB	18	Homo sapiens	-	USA	Minnesota	0	0	0	CY239430	0	CY239431	0	0	0	0	1	0	1	0																							
C/Mie/231/2012	FALSE	1	2012	-	-	Homo sapiens	-	Japan	Mie	0	0	0	0	0	0	0	0	0	0	0	0	0	0																							
C/Sendai/TU1/2012	FALSE	7	2012	-	-	Homo sapiens	-	Japan	"Miyagi, Sendai"	AB979711	AB980269	AB981329	AB978558	0	AB982138	AB985623	1	1	1	1	0	1	1																							
C/Catalonia/1824/2009	FALSE	1	2009	NOV	11	Homo sapiens	nasopharyngeal swab	Spain	Catalonia	0	0	0	HM748623	0	0	0	0	0	0	1	0	0	0																							
C/Yamagata/35/2014	FALSE	7	2014	-	-	Homo sapiens	-	Japan	Yamagata	LC123379	LC123481	LC123583	0	LC123809	LC123877	LC125041	1	1	1	0	1	1	1																							
CaenCA4	FALSE	1	2005	-	-	-	-	France	NULL	0	0	0	0	0	0	0	0	0	0	0	0	0	0																							
C/Alberta/21100/2010	FALSE	1	2010	DEC	21	Homo sapiens	nasopharyngeal swab	Canada	Alberta	0	0	0	0	0	JX133156	0	0	0	0	0	0	1	0																							
C/Yamagata/4/88	FALSE	1	-	-	-	-	-	-	NULL	0	0	0	0	0	0	0	0	0	0	0	0	0	0																							
C/Miyagi/3/94	FALSE	7	-	-	-	-	-	-	NULL	0	0	0	0	0	0	0	0	0	0	0	0	0	0																							
C/Miyagi/2/94	FALSE	7	-	-	-	-	-	-	NULL	0	0	0	0	0	0	0	0	0	0	0	0	0	0																							
C/Yamagata/1/90	FALSE	1	-	-	-	-	-	-	NULL	0	0	0	0	0	0	0	0	0	0	0	0	0	0																							
C/Yamagata/3/96	FALSE	7	-	-	-	-	-	-	NULL	0	0	0	0	0	0	0	0	0	0	0	0	0	0																							
C/Bovine/Kansas/21/2017	FALSE	1	2017	NOV	22	Bos taurus	lung	USA	Kansas	0	0	0	0	0	MH421872	0	0	0	0	0	0	1	0																							
C/Yamagata/38/2018	FALSE	1	2018	-	-	Homo sapiens	-	Japan	Yamagata	0	0	0	LC512507	0	0	0	0	0	0	1	0	0	0																							
C/Alberta/3087/2011	FALSE	2	2011	MAR	4	Homo sapiens	auger suction	Canada	Alberta	0	0	0	JX080410	0	JX133152	0	0	0	0	1	0	1	0																							
C/Yamagata/16/2014	FALSE	7	2014	-	-	Homo sapiens	-	Japan	Yamagata	LC123375	LC123477	LC123579	0	LC123805	LC123873	LC125037	1	1	1	0	1	1	1																							
C/Yamagata/1/2018	FALSE	1	2018	-	-	Homo sapiens	-	Japan	Yamagata	0	0	0	LC512499	0	0	0	0	0	0	1	0	0	0																							
C/Yamagata/14/2006	FALSE	7	2006	-	-	Homo sapiens	-	Japan	Yamagata	LC123352	LC123454	LC123556	0	LC123784	LC123850	LC125014	1	1	1	0	1	1	1																							
CaenJO2	FALSE	1	2004	-	-	-	-	France	NULL	0	0	0	0	0	0	0	0	0	0	0	0	0	0																							
C/Yamagata/32/2016	FALSE	1	2016	-	-	Homo sapiens	-	Japan	Yamagata	0	0	0	LC512495	0	0	0	0	0	0	1	0	0	0																							
C/Yamagata/2/2010	FALSE	7	2010	FEB	9	Homo sapiens	-	Japan	Yamagata	LC123361	LC123463	LC123565	0	AB684316	LC123859	LC125023	1	1	1	0	1	1	1																							
C/Alberta/2616/2011	FALSE	1	2011	FEB	25	Homo sapiens	auger suction	Canada	Alberta	0	0	0	0	0	JX133150	0	0	0	0	0	0	1	0																							
C/Yamagata/23/2018	FALSE	1	2018	-	-	Homo sapiens	-	Japan	Yamagata	0	0	0	LC512505	0	0	0	0	0	0	1	0	0	0																							