taxon	sequenceID	pubmed_id	length	iso_region	iso_country	iso_year	iso_host	iso_source	cg_subtype	hn_subtype	strain
alignment/AL_IBV_SEG3/member/ibv-ncbi-curated-segment-3/AY504601	AY504601	15763145	2305	-	Australia	2000	Homo sapiens	-	nk|nk|nk|Yamagata|nk|nk|nk|nk	Yamagata-	B/Victoria/504/2000
alignment/AL_IBV_SEG3/member/ibv-ncbi-curated-segment-3/AY504617	AY504617	-	2304	-	-	-	-	-	nk|nk|nk|Victoria|nk|nk|nk|nk	Victoria-	B/Hong Kong/330/2001 egg adapted
alignment/AL_IBV_SEG3/member/ibv-ncbi-curated-segment-3/AY687392	AY687392	-	2190	-	China	-	-	-	nk|nk|nk|Yamagata|nk|nk|nk|nk	Yamagata-	B/Beijing/76/98
alignment/AL_IBV_SEG3/member/ibv-ncbi-refseqs-seg3/CQ903174	CQ903174	-	2307	Hong Kong	China	1973	Homo sapiens	-	-	-	-
alignment/AL_IBV_SEG3/member/ibv-ncbi-curated-segment-3/CY239170	CY239170	-	2181	-	USA	2015	Homo sapiens	-	nk|nk|nk|Yamagata|nk|nk|nk|nk	Yamagata-	B/New York/WC-LVD-15-002/2015
alignment/AL_IBV_SEG3/member/ibv-ncbi-curated-segment-3/CY239186	CY239186	-	2049	-	USA	2015	Homo sapiens	-	nk|nk|nk|Yamagata|nk|nk|nk|nk	Yamagata-	B/New York/WC-LVD-15-007/2015
alignment/AL_IBV_SEG3/member/ibv-ncbi-curated-segment-3/CY239194	CY239194	-	2274	-	USA	2015	Homo sapiens	-	nk|nk|nk|Yamagata|nk|nk|nk|nk	Yamagata-	B/New York/WC-LVD-15-008/2015
alignment/AL_IBV_SEG3/member/ibv-ncbi-curated-segment-3/CY239210	CY239210	-	2266	-	USA	2015	Homo sapiens	-	nk|nk|nk|Yamagata|nk|nk|nk|nk	Yamagata-	B/New York/WC-LVD-15-011/2015
alignment/AL_IBV_SEG3/member/ibv-ncbi-curated-segment-3/CY239218	CY239218	-	2181	-	USA	2015	Homo sapiens	-	nk|nk|nk|Yamagata|nk|nk|nk|nk	Yamagata-	B/New York/WC-LVD-15-015/2015
alignment/AL_IBV_SEG3/member/ibv-ncbi-curated-segment-3/CY239226	CY239226	-	2138	-	USA	2015	Homo sapiens	-	nk|nk|nk|Yamagata|nk|nk|nk|nk	Yamagata-	B/New York/WC-LVD-15-016/2015
alignment/AL_IBV_SEG3/member/ibv-ncbi-curated-segment-3/CY239253	CY239253	-	1287	-	USA	2015	Homo sapiens	-	nk|nk|nk|Yamagata|nk|nk|nk|nk	Yamagata-	B/New York/WC-LVD-15-023/2015
alignment/AL_IBV_SEG3/member/ibv-ncbi-curated-segment-3/CY243305	CY243305	-	2269	-	Nicaragua	2014	Homo sapiens	-	nk|nk|nk|Yamagata|nk|nk|nk|nk	Yamagata-	B/Nicaragua/7920_07/2014
alignment/AL_IBV_SEG3/member/ibv-ncbi-curated-segment-3/CY243313	CY243313	-	2269	-	Nicaragua	2014	Homo sapiens	-	nk|nk|nk|Yamagata|nk|nk|nk|nk	Yamagata-	B/Nicaragua/7488_09/2014
alignment/AL_IBV_SEG3/member/ibv-ncbi-curated-segment-3/CY243321	CY243321	-	2181	-	Nicaragua	2014	Homo sapiens	-	nk|nk|nk|Yamagata|nk|nk|nk|nk	Yamagata-	B/Nicaragua/1660_02/2014
alignment/AL_IBV_SEG3/member/ibv-ncbi-curated-segment-3/CY243329	CY243329	-	2269	-	Nicaragua	2014	Homo sapiens	-	nk|nk|nk|Yamagata|nk|nk|nk|nk	Yamagata-	B/Nicaragua/7558_06/2014
alignment/AL_IBV_SEG3/member/ibv-ncbi-curated-segment-3/CY243337	CY243337	-	2181	-	Nicaragua	2014	Homo sapiens	-	nk|nk|nk|Victoria|nk|nk|nk|nk	Victoria-	B/Nicaragua/7699_03/2014
alignment/AL_IBV_SEG3/member/ibv-ncbi-curated-segment-3/CY243345	CY243345	-	2269	-	Nicaragua	2014	Homo sapiens	-	nk|nk|nk|Yamagata|nk|nk|nk|nk	Yamagata-	B/Nicaragua/7567_05/2014
alignment/AL_IBV_SEG3/member/ibv-ncbi-curated-segment-3/CY243353	CY243353	-	2269	-	Nicaragua	2014	Homo sapiens	-	nk|nk|nk|Yamagata|nk|nk|nk|nk	Yamagata-	B/Nicaragua/8070_02/2014
alignment/AL_IBV_SEG3/member/ibv-ncbi-curated-segment-3/CY243361	CY243361	-	2270	-	Nicaragua	2016	Homo sapiens	-	nk|nk|nk|Victoria|nk|nk|nk|nk	Victoria-	B/Nicaragua/6714_03/2016
alignment/AL_IBV_SEG3/member/ibv-ncbi-curated-segment-3/CY243369	CY243369	-	2181	-	Nicaragua	2016	Homo sapiens	-	nk|nk|nk|Victoria|nk|nk|nk|nk	Victoria-	B/Nicaragua/8733_09/2016
alignment/AL_IBV_SEG3/member/ibv-ncbi-curated-segment-3/CY243377	CY243377	-	2181	-	Nicaragua	2016	Homo sapiens	-	nk|nk|nk|Victoria|nk|nk|nk|nk	Victoria-	B/Nicaragua/6104_08/2016
alignment/AL_IBV_SEG3/member/ibv-ncbi-curated-segment-3/CY243385	CY243385	-	2181	-	Nicaragua	2016	Homo sapiens	-	nk|nk|nk|Victoria|nk|nk|nk|nk	Victoria-	B/Nicaragua/6738_08/2016
alignment/AL_IBV_SEG3/member/ibv-ncbi-curated-segment-3/CY243393	CY243393	-	2181	-	Nicaragua	2016	Homo sapiens	-	nk|nk|nk|Victoria|nk|nk|nk|nk	Victoria-	B/Nicaragua/9095_03/2016
alignment/AL_IBV_SEG3/member/ibv-ncbi-curated-segment-3/CY243401	CY243401	-	2270	-	Nicaragua	2016	Homo sapiens	-	nk|nk|nk|Victoria|nk|nk|nk|nk	Victoria-	B/Nicaragua/9475_04/2016
alignment/AL_IBV_SEG3/member/ibv-ncbi-curated-segment-3/CY243409	CY243409	-	2229	-	Nicaragua	2016	Homo sapiens	-	nk|nk|nk|Victoria|nk|nk|nk|nk	Victoria-	B/Nicaragua/8778_07/2016
alignment/AL_IBV_SEG3/member/ibv-ncbi-curated-segment-3/CY243417	CY243417	-	2261	-	Nicaragua	2016	Homo sapiens	-	nk|nk|nk|Victoria|nk|nk|nk|nk	Victoria-	B/Nicaragua/5906_02/2016
alignment/AL_IBV_SEG3/member/ibv-ncbi-curated-segment-3/CY262866	CY262866	-	2181	-	USA	2016	Homo sapiens	-	nk|nk|nk|Victoria|nk|nk|nk|nk	Victoria-	B/New York/B-WC-LVD-16-002/2016
alignment/AL_IBV_SEG3/member/ibv-ncbi-curated-segment-3/CY262874	CY262874	-	2181	-	USA	2016	Homo sapiens	-	nk|nk|nk|Victoria|nk|nk|nk|nk	Victoria-	B/New York/B-WC-LVD-16-012/2016
alignment/AL_IBV_SEG3/member/ibv-ncbi-curated-segment-3/CY262890	CY262890	-	2181	-	USA	2016	Homo sapiens	-	nk|nk|nk|Yamagata|nk|nk|nk|nk	Yamagata-	B/New York/B-WC-LVD-16-019/2016
alignment/AL_IBV_SEG3/member/ibv-ncbi-curated-segment-3/CY262898	CY262898	-	2181	-	USA	2016	Homo sapiens	-	nk|nk|nk|Victoria|nk|nk|nk|nk	Victoria-	B/New York/B-WC-LVD-16-021/2016
alignment/AL_IBV_SEG3/member/ibv-ncbi-curated-segment-3/CY262906	CY262906	-	2181	-	USA	2016	Homo sapiens	-	nk|nk|nk|Yamagata|nk|nk|nk|nk	Yamagata-	B/New York/B-WC-LVD-16-001/2016
alignment/AL_IBV_SEG3/member/ibv-ncbi-curated-segment-3/CY262914	CY262914	-	2181	-	USA	2017	Homo sapiens	-	nk|nk|nk|Victoria|nk|nk|nk|nk	Victoria-	B/New York/B-WC-LVD-17-002/2017
alignment/AL_IBV_SEG3/member/ibv-ncbi-curated-segment-3/CY262922	CY262922	-	2181	-	USA	2017	Homo sapiens	-	nk|nk|nk|Yamagata|nk|nk|nk|nk	Yamagata-	B/New York/B-WC-LVD-17-004/2017
alignment/AL_IBV_SEG3/member/ibv-ncbi-curated-segment-3/CY262930	CY262930	-	2181	-	USA	2017	Homo sapiens	-	nk|nk|nk|Yamagata|nk|nk|nk|nk	Yamagata-	B/New York/B-WC-LVD-17-005/2017
alignment/AL_IBV_SEG3/member/ibv-ncbi-curated-segment-3/CY262938	CY262938	-	2181	-	USA	2017	Homo sapiens	-	nk|nk|nk|Yamagata|nk|nk|nk|nk	Yamagata-	B/New York/B-WC-LVD-17-006/2017
alignment/AL_IBV_SEG3/member/ibv-ncbi-curated-segment-3/CY262946	CY262946	-	2181	-	USA	2017	Homo sapiens	-	nk|nk|nk|Yamagata|nk|nk|nk|nk	Yamagata-	B/New York/B-WC-LVD-17-007/2017
alignment/AL_IBV_SEG3/member/ibv-ncbi-curated-segment-3/CY262954	CY262954	-	2181	-	USA	2017	Homo sapiens	-	nk|nk|nk|Yamagata|nk|nk|nk|nk	Yamagata-	B/New York/B-WC-LVD-17-008/2017
alignment/AL_IBV_SEG3/member/ibv-ncbi-curated-segment-3/CY262962	CY262962	-	2181	-	USA	2017	Homo sapiens	-	nk|nk|nk|Yamagata|nk|nk|nk|nk	Yamagata-	B/New York/B-WC-LVD-17-010/2017
alignment/AL_IBV_SEG3/member/ibv-ncbi-curated-segment-3/CY262970	CY262970	-	2181	-	USA	2017	Homo sapiens	-	nk|nk|nk|Yamagata|nk|nk|nk|nk	Yamagata-	B/New York/B-WC-LVD-17-011/2017
alignment/AL_IBV_SEG3/member/ibv-ncbi-curated-segment-3/CY262978	CY262978	-	2181	-	USA	2017	Homo sapiens	-	nk|nk|nk|Victoria|nk|nk|nk|nk	Victoria-	B/New York/B-WC-LVD-17-012/2017
alignment/AL_IBV_SEG3/member/ibv-ncbi-curated-segment-3/CY262986	CY262986	-	2181	-	USA	2017	Homo sapiens	-	nk|nk|nk|Yamagata|nk|nk|nk|nk	Yamagata-	B/New York/B-WC-LVD-17-013/2017
alignment/AL_IBV_SEG3/member/ibv-ncbi-curated-segment-3/CY262994	CY262994	-	2181	-	USA	2017	Homo sapiens	-	nk|nk|nk|Yamagata|nk|nk|nk|nk	Yamagata-	B/New York/B-WC-LVD-17-014/2017
alignment/AL_IBV_SEG3/member/ibv-ncbi-curated-segment-3/CY263002	CY263002	-	2181	-	USA	2017	Homo sapiens	-	nk|nk|nk|Yamagata|nk|nk|nk|nk	Yamagata-	B/New York/B-WC-LVD-17-015/2017
alignment/AL_IBV_SEG3/member/ibv-ncbi-curated-segment-3/CY263010	CY263010	-	2181	-	USA	2017	Homo sapiens	-	nk|nk|nk|Victoria|nk|nk|nk|nk	Victoria-	B/New York/B-WC-LVD-17-016/2017
alignment/AL_IBV_SEG3/member/ibv-ncbi-curated-segment-3/CY263018	CY263018	-	2181	-	USA	2017	Homo sapiens	-	nk|nk|nk|Yamagata|nk|nk|nk|nk	Yamagata-	B/New York/B-WC-LVD-17-017/2017
alignment/AL_IBV_SEG3/member/ibv-ncbi-curated-segment-3/CY263026	CY263026	-	2181	-	USA	2017	Homo sapiens	-	nk|nk|nk|Yamagata|nk|nk|nk|nk	Yamagata-	B/New York/B-WC-LVD-17-018/2017
alignment/AL_IBV_SEG3/member/ibv-ncbi-curated-segment-3/CY263034	CY263034	-	2181	-	USA	2017	Homo sapiens	-	nk|nk|nk|Yamagata|nk|nk|nk|nk	Yamagata-	B/New York/B-WC-LVD-17-019/2017
alignment/AL_IBV_SEG3/member/ibv-ncbi-curated-segment-3/CY263042	CY263042	-	2181	-	USA	2016	Homo sapiens	-	nk|nk|nk|Victoria|nk|nk|nk|nk	Victoria-	B/New York/B-WC-LVD-16-003/2016
alignment/AL_IBV_SEG3/member/ibv-ncbi-curated-segment-3/CY263050	CY263050	-	2181	-	USA	2016	Homo sapiens	-	nk|nk|nk|Victoria|nk|nk|nk|nk	Victoria-	B/New York/B-WC-LVD-16-004/2016
alignment/AL_IBV_SEG3/member/ibv-ncbi-curated-segment-3/CY263058	CY263058	-	2181	-	USA	2016	Homo sapiens	-	nk|nk|nk|Yamagata|nk|nk|nk|nk	Yamagata-	B/New York/B-WC-LVD-16-005/2016
alignment/AL_IBV_SEG3/member/ibv-ncbi-curated-segment-3/CY263066	CY263066	-	2181	-	USA	2016	Homo sapiens	-	nk|nk|nk|Victoria|nk|nk|nk|nk	Victoria-	B/New York/B-WC-LVD-16-006/2016
alignment/AL_IBV_SEG3/member/ibv-ncbi-curated-segment-3/CY263074	CY263074	-	2181	-	USA	2016	Homo sapiens	-	nk|nk|nk|Victoria|nk|nk|nk|nk	Victoria-	B/New York/B-WC-LVD-16-007/2016
alignment/AL_IBV_SEG3/member/ibv-ncbi-curated-segment-3/CY263082	CY263082	-	2181	-	USA	2016	Homo sapiens	-	nk|nk|nk|Victoria|nk|nk|nk|nk	Victoria-	B/New York/B-WC-LVD-16-008/2016
alignment/AL_IBV_SEG3/member/ibv-ncbi-curated-segment-3/CY263090	CY263090	-	2181	-	USA	2016	Homo sapiens	-	nk|nk|nk|Yamagata|nk|nk|nk|nk	Yamagata-	B/New York/B-WC-LVD-16-010/2016
alignment/AL_IBV_SEG3/member/ibv-ncbi-curated-segment-3/CY263098	CY263098	-	2181	-	USA	2016	Homo sapiens	-	nk|nk|nk|Yamagata|nk|nk|nk|nk	Yamagata-	B/New York/B-WC-LVD-16-011/2016
alignment/AL_IBV_SEG3/member/ibv-ncbi-curated-segment-3/CY263106	CY263106	-	2181	-	USA	2016	Homo sapiens	-	nk|nk|nk|Yamagata|nk|nk|nk|nk	Yamagata-	B/New York/B-WC-LVD-16-015/2016
alignment/AL_IBV_SEG3/member/ibv-ncbi-curated-segment-3/CY263114	CY263114	-	2181	-	USA	2016	Homo sapiens	-	nk|nk|nk|Victoria|nk|nk|nk|nk	Victoria-	B/New York/B-WC-LVD-16-016/2016
alignment/AL_IBV_SEG3/member/ibv-ncbi-curated-segment-3/CY263122	CY263122	-	2181	-	USA	2016	Homo sapiens	-	nk|nk|nk|Yamagata|nk|nk|nk|nk	Yamagata-	B/New York/B-WC-LVD-16-017/2016
alignment/AL_IBV_SEG3/member/ibv-ncbi-curated-segment-3/CY263130	CY263130	-	2181	-	USA	2016	Homo sapiens	-	nk|nk|nk|Yamagata|nk|nk|nk|nk	Yamagata-	B/New York/B-WC-LVD-16-020/2016
alignment/AL_IBV_SEG3/member/ibv-ncbi-curated-segment-3/CY263813	CY263813	-	2181	-	Nicaragua	2017	Homo sapiens	-	nk|nk|nk|Victoria|nk|nk|nk|nk	Victoria-	B/Nicaragua/6322_07/2017
alignment/AL_IBV_SEG3/member/ibv-ncbi-curated-segment-3/CY263829	CY263829	-	2181	-	Nicaragua	2016	Homo sapiens	-	nk|nk|nk|Victoria|nk|nk|nk|nk	Victoria-	B/Nicaragua/9125_05/2016
alignment/AL_IBV_SEG3/member/ibv-ncbi-curated-segment-3/CY263837	CY263837	-	2181	-	Nicaragua	2016	Homo sapiens	-	nk|nk|nk|Yamagata|nk|nk|nk|nk	Yamagata-	B/Nicaragua/5870_08/2016
alignment/AL_IBV_SEG3/member/ibv-ncbi-curated-segment-3/CY263845	CY263845	-	2181	-	Nicaragua	2016	Homo sapiens	-	nk|nk|nk|Victoria|nk|nk|nk|nk	Victoria-	B/Nicaragua/6430_03/2016
alignment/AL_IBV_SEG3/member/ibv-ncbi-curated-segment-3/CY263862	CY263862	-	2270	-	Nicaragua	2012	Homo sapiens	-	nk|nk|nk|Victoria|nk|nk|nk|nk	Victoria-	B/Nicaragua/5641_06/2012
alignment/AL_IBV_SEG3/member/ibv-ncbi-curated-segment-3/CY263870	CY263870	-	2181	-	Nicaragua	2012	Homo sapiens	-	nk|nk|nk|Victoria|nk|nk|nk|nk	Victoria-	B/Nicaragua/6306_03/2012
alignment/AL_IBV_SEG3/member/ibv-ncbi-curated-segment-3/CY263878	CY263878	-	2181	-	Nicaragua	2014	Homo sapiens	-	nk|nk|nk|Yamagata|nk|nk|nk|nk	Yamagata-	B/Nicaragua/6175_01/2014
alignment/AL_IBV_SEG3/member/ibv-ncbi-curated-segment-3/CY263894	CY263894	-	2261	-	Nicaragua	2017	Homo sapiens	-	nk|nk|nk|Victoria|nk|nk|nk|nk	Victoria-	B/Nicaragua/8605_20/2017
alignment/AL_IBV_SEG3/member/ibv-ncbi-curated-segment-3/CY263902	CY263902	-	2181	-	Nicaragua	2016	Homo sapiens	-	nk|nk|nk|Victoria|nk|nk|nk|nk	Victoria-	B/Nicaragua/8053_07/2016
alignment/AL_IBV_SEG3/member/ibv-ncbi-curated-segment-3/CY263910	CY263910	-	2181	-	Nicaragua	2016	Homo sapiens	-	nk|nk|nk|Victoria|nk|nk|nk|nk	Victoria-	B/Nicaragua/9122_07/2016
alignment/AL_IBV_SEG3/member/ibv-ncbi-curated-segment-3/CY263918	CY263918	-	2181	-	Nicaragua	2016	Homo sapiens	-	nk|nk|nk|Victoria|nk|nk|nk|nk	Victoria-	B/Nicaragua/8193_03/2016
alignment/AL_IBV_SEG3/member/ibv-ncbi-curated-segment-3/CY263926	CY263926	-	2262	-	Nicaragua	2016	Homo sapiens	-	nk|nk|nk|Victoria|nk|nk|nk|nk	Victoria-	B/Nicaragua/6207_12/2016
alignment/AL_IBV_SEG3/member/ibv-ncbi-curated-segment-3/CY263934	CY263934	-	2181	-	Nicaragua	2016	Homo sapiens	-	nk|nk|nk|Victoria|nk|nk|nk|nk	Victoria-	B/Nicaragua/8720_08/2016
alignment/AL_IBV_SEG3/member/ibv-ncbi-curated-segment-3/CY263942	CY263942	-	2181	-	Nicaragua	2016	Homo sapiens	-	nk|nk|nk|Victoria|nk|nk|nk|nk	Victoria-	B/Nicaragua/6181_09/2016
alignment/AL_IBV_SEG3/member/ibv-ncbi-curated-segment-3/CY263950	CY263950	-	2181	-	Nicaragua	2012	Homo sapiens	-	nk|nk|nk|Victoria|nk|nk|nk|nk	Victoria-	B/Nicaragua/6178_07/2012
alignment/AL_IBV_SEG3/member/ibv-ncbi-curated-segment-3/CY263958	CY263958	-	2181	-	Nicaragua	2012	Homo sapiens	-	nk|nk|nk|Victoria|nk|nk|nk|nk	Victoria-	B/Nicaragua/5625_02/2012
alignment/AL_IBV_SEG3/member/ibv-ncbi-curated-segment-3/CY263966	CY263966	-	2270	-	Nicaragua	2012	Homo sapiens	-	nk|nk|nk|Victoria|nk|nk|nk|nk	Victoria-	B/Nicaragua/4764_04/2012
alignment/AL_IBV_SEG3/member/ibv-ncbi-curated-segment-3/CY263974	CY263974	-	2181	-	Nicaragua	2012	Homo sapiens	-	nk|nk|nk|Victoria|nk|nk|nk|nk	Victoria-	B/Nicaragua/6830_04/2012
alignment/AL_IBV_SEG3/member/ibv-ncbi-curated-segment-3/CY263982	CY263982	-	2264	-	Nicaragua	2012	Homo sapiens	-	nk|nk|nk|Victoria|nk|nk|nk|nk	Victoria-	B/Nicaragua/6419_07/2012
alignment/AL_IBV_SEG3/member/ibv-ncbi-curated-segment-3/CY263990	CY263990	-	2181	-	Nicaragua	2012	Homo sapiens	-	nk|nk|nk|Victoria|nk|nk|nk|nk	Victoria-	B/Nicaragua/6235_08/2012
alignment/AL_IBV_SEG3/member/ibv-ncbi-curated-segment-3/CY263998	CY263998	-	2181	-	Nicaragua	2012	Homo sapiens	-	nk|nk|nk|Victoria|nk|nk|nk|nk	Victoria-	B/Nicaragua/2073_03/2012
alignment/AL_IBV_SEG3/member/ibv-ncbi-curated-segment-3/CY264006	CY264006	-	2270	-	Nicaragua	2012	Homo sapiens	-	nk|nk|nk|Victoria|nk|nk|nk|nk	Victoria-	B/Nicaragua/6187_03/2012
alignment/AL_IBV_SEG3/member/ibv-ncbi-curated-segment-3/CY264014	CY264014	-	2181	-	Nicaragua	2012	Homo sapiens	-	nk|nk|nk|Victoria|nk|nk|nk|nk	Victoria-	B/Nicaragua/5697_02/2012
alignment/AL_IBV_SEG3/member/ibv-ncbi-curated-segment-3/CY264022	CY264022	-	2181	-	Nicaragua	2012	Homo sapiens	-	nk|nk|nk|Victoria|nk|nk|nk|nk	Victoria-	B/Nicaragua/6877_09/2012
alignment/AL_IBV_SEG3/member/ibv-ncbi-curated-segment-3/CY264030	CY264030	-	2270	-	Nicaragua	2012	Homo sapiens	-	nk|nk|nk|Victoria|nk|nk|nk|nk	Victoria-	B/Nicaragua/5604_04/2012
alignment/AL_IBV_SEG3/member/ibv-ncbi-curated-segment-3/CY264038	CY264038	-	2181	-	Nicaragua	2014	Homo sapiens	-	nk|nk|nk|Yamagata|nk|nk|nk|nk	Yamagata-	B/Nicaragua/8419_01/2014
alignment/AL_IBV_SEG3/member/ibv-ncbi-curated-segment-3/CY264046	CY264046	-	2181	-	Nicaragua	2014	Homo sapiens	-	nk|nk|nk|Yamagata|nk|nk|nk|nk	Yamagata-	B/Nicaragua/3511_03/2014
